partition,bvid,title,view_count,like_count,coin_count,favorite_count,reply_count,danmaku_count,text,label,text_clean,pos_cnt,neg_cnt,word_len,exclaim_cnt,question_cnt,lexicon_score,lexicon_pos_score,lexicon_neg_score,lexicon_abs_score,sentiment_density,pred,model_confidence,prob_negative,prob_neutral,prob_positive,pred_raw_label,pred_label,manual_label,manual_override
学习区,BV1Kr4y1i7ru,黑马程序员 MySQL数据库入门到精通，从mysql安装到mysql高级、mysql优化全囊括,12757390,182503,155358,467984,15953,230164,各位大佬，我想问下c需要学习数据库吗？,,各位大佬，我想问下c需要学习数据库吗？,0,0,10,0,1,0.0,0.0,0.0,0.0,0.0,1,0.33638309481780265,0.3328004554355083,0.33081644974668906,0.33638309481780265,正面,正面,,False
学习区,BV1Kr4y1i7ru,黑马程序员 MySQL数据库入门到精通，从mysql安装到mysql高级、mysql优化全囊括,12757390,182503,155358,467984,15953,230164,吉尔吉斯斯坦传奇哨兵 上号,,吉尔吉斯斯坦传奇哨兵上号,0,0,5,0,0,0.0,0.0,0.0,0.0,0.0,-1,0.34726353585129427,0.34726353585129427,0.30971220528761956,0.34302425886108623,负面,负面,,False
学习区,BV1Kr4y1i7ru,黑马程序员 MySQL数据库入门到精通，从mysql安装到mysql高级、mysql优化全囊括,12757390,182503,155358,467984,15953,230164,劝退,,劝退,0,2,1,0,0,-2.0,0.0,2.0,2.0,2.0,0,0.34815333420223715,0.3110853919076399,0.34815333420223715,0.340761273890123,中性,负面,-1.0,True
学习区,BV1Kr4y1i7ru,黑马程序员 MySQL数据库入门到精通，从mysql安装到mysql高级、mysql优化全囊括,12757390,182503,155358,467984,15953,230164,讲实话真不贵,,讲实话真不贵,0,0,3,0,0,0.0,0.0,0.0,0.0,0.0,1,0.34959806477486255,0.34190118812425674,0.30850074710088077,0.34959806477486255,正面,正面,,False
学习区,BV1Kr4y1i7ru,黑马程序员 MySQL数据库入门到精通，从mysql安装到mysql高级、mysql优化全囊括,12757390,182503,155358,467984,15953,230164,B树点了个赞,,B树点了个赞,1,0,4,0,0,1.0,1.0,0.0,1.0,0.25,0,0.3519558152309602,0.311530838422012,0.3519558152309602,0.33651334634702784,中性,正面,,False
学习区,BV1Kr4y1i7ru,黑马程序员 MySQL数据库入门到精通，从mysql安装到mysql高级、mysql优化全囊括,12757390,182503,155358,467984,15953,230164,老师截图工具是什么啊,,老师截图工具是什么啊,0,0,4,0,0,0.0,0.0,0.0,0.0,0.0,1,0.353830581292051,0.3016113627718152,0.3445580559361338,0.353830581292051,正面,正面,,False
学习区,BV1Kr4y1i7ru,黑马程序员 MySQL数据库入门到精通，从mysql安装到mysql高级、mysql优化全囊括,12757390,182503,155358,467984,15953,230164,事实证明企业的需要一直是在进步的，学习这些还远远不够,,事实证明企业的需要一直是在进步的，学习这些还远远不够,2,0,11,0,0,2.0,2.0,0.0,2.0,0.18181818181818182,0,0.35762497422569456,0.3360671830094864,0.35762497422569456,0.306307842764819,中性,负面,-1.0,True
学习区,BV1Kr4y1i7ru,黑马程序员 MySQL数据库入门到精通，从mysql安装到mysql高级、mysql优化全囊括,12757390,182503,155358,467984,15953,230164,这是猴哥的真人？,,这是猴哥的真人？,0,0,4,0,1,0.0,0.0,0.0,0.0,0.0,0,0.3589813484242815,0.35616873912921926,0.3589813484242815,0.28484991244649926,中性,负面,,False
学习区,BV1Kr4y1i7ru,黑马程序员 MySQL数据库入门到精通，从mysql安装到mysql高级、mysql优化全囊括,12757390,182503,155358,467984,15953,230164,72l,,72l,0,0,1,0,0,0.0,0.0,0.0,0.0,0.0,-1,0.360916781851607,0.360916781851607,0.35471236495421804,0.28437085319417493,负面,负面,,False
学习区,BV1Kr4y1i7ru,黑马程序员 MySQL数据库入门到精通，从mysql安装到mysql高级、mysql优化全囊括,12757390,182503,155358,467984,15953,230164,数据库当然重要啊，几乎没有不需要数据库的吧,,数据库当然重要啊，几乎没有不需要数据库的吧,0,0,9,0,0,0.0,0.0,0.0,0.0,0.0,1,0.36093241436276047,0.35747735247567436,0.28159023316156523,0.36093241436276047,正面,正面,,False
学习区,BV1Kr4y1i7ru,黑马程序员 MySQL数据库入门到精通，从mysql安装到mysql高级、mysql优化全囊括,12757390,182503,155358,467984,15953,230164,奋斗三年，我要上江苏海洋大学软件工程,,奋斗三年，我要上江苏海洋大学软件工程,0,0,8,0,0,0.0,0.0,0.0,0.0,0.0,0,0.36238952075935926,0.3440650669820726,0.36238952075935926,0.29354541225856806,中性,负面,,False
生活区,BV1Rjc4zJEvz,鸡蛋不如老弟脸硬,7639986,458094,7604,125299,10730,1422,我怎么感觉他有点像乒乓球啊？,,我怎么感觉他有点像乒乓球啊？,0,0,5,0,1,0.0,0.0,0.0,0.0,0.0,1,0.36801603236591607,0.3548210997083644,0.2771628679257194,0.36801603236591607,正面,正面,,False
学习区,BV1Kr4y1i7ru,黑马程序员 MySQL数据库入门到精通，从mysql安装到mysql高级、mysql优化全囊括,12757390,182503,155358,467984,15953,230164,阿哈哈哈哈，这一段宣传片，每听到一段词我都能想到我好像在哪听过。。。。。,,阿哈哈哈哈，这一段宣传片，每听到一段词我都能想到我好像在哪听过。。。。。,2,0,23,0,0,2.0,2.0,0.0,2.0,0.08695652173913043,1,0.37049129306032136,0.3669530197460425,0.26255568719363614,0.37049129306032136,正面,正面,1.0,True
学习区,BV1Kr4y1i7ru,黑马程序员 MySQL数据库入门到精通，从mysql安装到mysql高级、mysql优化全囊括,12757390,182503,155358,467984,15953,230164,数据在一层层深入，一层层嵌套,,数据在一层层深入，一层层嵌套,0,0,7,0,0,0.0,0.0,0.0,0.0,0.0,1,0.37313153646942315,0.28101102393658706,0.3458574395939897,0.37313153646942315,正面,正面,,False
学习区,BV1Kr4y1i7ru,黑马程序员 MySQL数据库入门到精通，从mysql安装到mysql高级、mysql优化全囊括,12757390,182503,155358,467984,15953,230164,放假了 各位还这么卷,,放假了各位还这么卷,0,0,5,0,0,0.0,0.0,0.0,0.0,0.0,0,0.3735469086688156,0.3256169230725544,0.3735469086688156,0.3008361682586301,中性,负面,,False
学习区,BV1Kr4y1i7ru,黑马程序员 MySQL数据库入门到精通，从mysql安装到mysql高级、mysql优化全囊括,12757390,182503,155358,467984,15953,230164,有大数据的吗？,,有大数据的吗？,0,0,3,0,1,0.0,0.0,0.0,0.0,0.0,1,0.37425661345068506,0.30397948407558856,0.3217639024737263,0.37425661345068506,正面,正面,,False
学习区,BV1Kr4y1i7ru,黑马程序员 MySQL数据库入门到精通，从mysql安装到mysql高级、mysql优化全囊括,12757390,182503,155358,467984,15953,230164,研升专，冲,,研升专，冲,1,0,4,0,0,1.0,1.0,0.0,1.0,0.25,1,0.37439472401902946,0.2604536311753787,0.3651516448055919,0.37439472401902946,正面,正面,1.0,True
学习区,BV1Kr4y1i7ru,黑马程序员 MySQL数据库入门到精通，从mysql安装到mysql高级、mysql优化全囊括,12757390,182503,155358,467984,15953,230164,猴哥？,,猴哥？,0,0,2,0,1,0.0,0.0,0.0,0.0,0.0,1,0.37501451638184,0.3512389038444521,0.2737465797737078,0.37501451638184,正面,正面,,False
学习区,BV1Kr4y1i7ru,黑马程序员 MySQL数据库入门到精通，从mysql安装到mysql高级、mysql优化全囊括,12757390,182503,155358,467984,15953,230164,卷王,,卷王,0,0,1,0,0,0.0,0.0,0.0,0.0,0.0,-1,0.3777982877539908,0.3777982877539908,0.347872942092492,0.27432877015351725,负面,负面,,False
学习区,BV1Kr4y1i7ru,黑马程序员 MySQL数据库入门到精通，从mysql安装到mysql高级、mysql优化全囊括,12757390,182503,155358,467984,15953,230164,AI猴哥？,,AI猴哥？,0,0,3,0,1,0.0,0.0,0.0,0.0,0.0,1,0.37795583985377684,0.3584692672028148,0.2635748929434084,0.37795583985377684,正面,正面,,False
学习区,BV1Kr4y1i7ru,黑马程序员 MySQL数据库入门到精通，从mysql安装到mysql高级、mysql优化全囊括,12757390,182503,155358,467984,15953,230164,你们也太卷了,,你们也太卷了,0,0,3,0,0,0.0,0.0,0.0,0.0,0.0,0,0.3801269266740311,0.31779833539893265,0.3801269266740311,0.30207473792703626,中性,负面,,False
学习区,BV1Kr4y1i7ru,黑马程序员 MySQL数据库入门到精通，从mysql安装到mysql高级、mysql优化全囊括,12757390,182503,155358,467984,15953,230164,声音太刺耳了，溜了，溜了,,声音太刺耳了，溜了，溜了,0,2,7,0,0,-2.8,0.0,2.8,2.8,0.2857142857142857,-1,0.38098856848601426,0.38098856848601426,0.25349366003368873,0.36551777148029707,负面,负面,-1.0,True
学习区,BV1Kr4y1i7ru,黑马程序员 MySQL数据库入门到精通，从mysql安装到mysql高级、mysql优化全囊括,12757390,182503,155358,467984,15953,230164,102,,102,0,0,1,0,0,0.0,0.0,0.0,0.0,0.0,0,0.3821227740935819,0.23843503281114653,0.3821227740935819,0.37944219309527155,中性,正面,,False
学习区,BV1Kr4y1i7ru,黑马程序员 MySQL数据库入门到精通，从mysql安装到mysql高级、mysql优化全囊括,12757390,182503,155358,467984,15953,230164,学完我就去送外卖，月薪要是不到2万就回来扁你,,学完我就去送外卖，月薪要是不到2万就回来扁你,0,0,14,0,0,0.0,0.0,0.0,0.0,0.0,-1,0.3850715396339153,0.3850715396339153,0.3306108367306471,0.28431762363543756,负面,负面,-1.0,True
学习区,BV1Kr4y1i7ru,黑马程序员 MySQL数据库入门到精通，从mysql安装到mysql高级、mysql优化全囊括,12757390,182503,155358,467984,15953,230164,听不懂一点,,听不懂一点,0,2,2,0,0,-2.0,0.0,2.0,2.0,1.0,0,0.38525207628982305,0.28834336911176456,0.38525207628982305,0.32640455459841233,中性,负面,,False
学习区,BV1Kr4y1i7ru,黑马程序员 MySQL数据库入门到精通，从mysql安装到mysql高级、mysql优化全囊括,12757390,182503,155358,467984,15953,230164,我二弟天下无敌,,我二弟天下无敌,1,0,2,0,0,1.0,1.0,0.0,1.0,0.5,1,0.3855678182085607,0.26431406529456153,0.35011811649687774,0.3855678182085607,正面,中性,0.0,True
学习区,BV1Kr4y1i7ru,黑马程序员 MySQL数据库入门到精通，从mysql安装到mysql高级、mysql优化全囊括,12757390,182503,155358,467984,15953,230164,一群卷王,,一群卷王,0,0,2,0,0,0.0,0.0,0.0,0.0,0.0,-1,0.38673454540976815,0.38673454540976815,0.3359538748684038,0.2773115797218281,负面,负面,,False
学习区,BV1Kr4y1i7ru,黑马程序员 MySQL数据库入门到精通，从mysql安装到mysql高级、mysql优化全囊括,12757390,182503,155358,467984,15953,230164,卷王第二遍,,卷王第二遍,0,0,2,0,0,0.0,0.0,0.0,0.0,0.0,-1,0.38673454540976815,0.38673454540976815,0.3359538748684038,0.2773115797218281,负面,负面,,False
学习区,BV1Kr4y1i7ru,黑马程序员 MySQL数据库入门到精通，从mysql安装到mysql高级、mysql优化全囊括,12757390,182503,155358,467984,15953,230164,一堆卷王,,一堆卷王,0,0,2,0,0,0.0,0.0,0.0,0.0,0.0,-1,0.38673454540976815,0.38673454540976815,0.3359538748684038,0.2773115797218281,负面,负面,,False
学习区,BV1Kr4y1i7ru,黑马程序员 MySQL数据库入门到精通，从mysql安装到mysql高级、mysql优化全囊括,12757390,182503,155358,467984,15953,230164,过来人告诉我，即使把进阶篇学完还远远不够,,过来人告诉我，即使把进阶篇学完还远远不够,0,0,9,0,0,0.0,0.0,0.0,0.0,0.0,0,0.3868799445565581,0.25055646131725456,0.3868799445565581,0.3625635941261873,中性,正面,,False
学习区,BV1Kr4y1i7ru,黑马程序员 MySQL数据库入门到精通，从mysql安装到mysql高级、mysql优化全囊括,12757390,182503,155358,467984,15953,230164,有点像pink老师的声音,,有点像pink老师的声音,0,0,4,0,0,0.0,0.0,0.0,0.0,0.0,1,0.38770890807558966,0.318404784726284,0.29388630719812625,0.38770890807558966,正面,正面,,False
学习区,BV1Kr4y1i7ru,黑马程序员 MySQL数据库入门到精通，从mysql安装到mysql高级、mysql优化全囊括,12757390,182503,155358,467984,15953,230164,150,,150,0,0,1,0,0,0.0,0.0,0.0,0.0,0.0,1,0.388456275202134,0.23176642003528097,0.37977730476258503,0.388456275202134,正面,正面,,False
学习区,BV1Kr4y1i7ru,黑马程序员 MySQL数据库入门到精通，从mysql安装到mysql高级、mysql优化全囊括,12757390,182503,155358,467984,15953,230164,感觉像猴哥的声音,,感觉像猴哥的声音,0,0,4,0,0,0.0,0.0,0.0,0.0,0.0,1,0.39236759246567426,0.232879427771731,0.37475297976259464,0.39236759246567426,正面,正面,,False
学习区,BV1Kr4y1i7ru,黑马程序员 MySQL数据库入门到精通，从mysql安装到mysql高级、mysql优化全囊括,12757390,182503,155358,467984,15953,230164,兄弟们，别卷了，歇会吧！,,兄弟们，别卷了，歇会吧！,0,0,7,1,0,0.0,0.0,0.0,0.0,0.0,0,0.3925865842374495,0.327335956779619,0.3925865842374495,0.2800774589829315,中性,负面,,False
学习区,BV1Kr4y1i7ru,黑马程序员 MySQL数据库入门到精通，从mysql安装到mysql高级、mysql优化全囊括,12757390,182503,155358,467984,15953,230164,小新学Java,,小新学Java,0,0,3,0,0,0.0,0.0,0.0,0.0,0.0,0,0.3936596870278946,0.25381369685391664,0.3936596870278946,0.3525266161181888,中性,正面,,False
学习区,BV1Kr4y1i7ru,黑马程序员 MySQL数据库入门到精通，从mysql安装到mysql高级、mysql优化全囊括,12757390,182503,155358,467984,15953,230164,Java之父：阿玮,,Java之父阿玮,0,0,3,0,0,0.0,0.0,0.0,0.0,0.0,0,0.3936596870278946,0.25381369685391664,0.3936596870278946,0.3525266161181888,中性,正面,,False
学习区,BV1Kr4y1i7ru,黑马程序员 MySQL数据库入门到精通，从mysql安装到mysql高级、mysql优化全囊括,12757390,182503,155358,467984,15953,230164,广西科技大学寒假卷王,,广西科技大学寒假卷王,0,0,5,0,0,0.0,0.0,0.0,0.0,0.0,1,0.3954014947927489,0.2910958468725029,0.3135026583347482,0.3954014947927489,正面,正面,,False
学习区,BV1Kr4y1i7ru,黑马程序员 MySQL数据库入门到精通，从mysql安装到mysql高级、mysql优化全囊括,12757390,182503,155358,467984,15953,230164,学完C，Java，python。来学数据库,,学完C，Java，python。来学数据库,0,0,9,0,0,0.0,0.0,0.0,0.0,0.0,0,0.3956622354484446,0.2945939718839776,0.3956622354484446,0.3097437926675779,中性,正面,,False
学习区,BV1Kr4y1i7ru,黑马程序员 MySQL数据库入门到精通，从mysql安装到mysql高级、mysql优化全囊括,12757390,182503,155358,467984,15953,230164,运维也得需要,,运维也得需要,0,0,4,0,0,0.0,0.0,0.0,0.0,0.0,-1,0.396751230023145,0.396751230023145,0.24306555069817015,0.36018321927868485,负面,负面,,False
学习区,BV1Kr4y1i7ru,黑马程序员 MySQL数据库入门到精通，从mysql安装到mysql高级、mysql优化全囊括,12757390,182503,155358,467984,15953,230164,给我卷,,给我卷,0,0,2,0,0,0.0,0.0,0.0,0.0,0.0,0,0.4022404241521204,0.2545864896119912,0.4022404241521204,0.34317308623588844,中性,正面,,False
生活区,BV1Rjc4zJEvz,鸡蛋不如老弟脸硬,7639986,458094,7604,125299,10730,1422,跳伞00：21,,跳伞0021,0,0,2,0,0,0.0,0.0,0.0,0.0,0.0,0,0.402494947388379,0.23179730436346146,0.402494947388379,0.3657077482481595,中性,正面,,False
学习区,BV1Kr4y1i7ru,黑马程序员 MySQL数据库入门到精通，从mysql安装到mysql高级、mysql优化全囊括,12757390,182503,155358,467984,15953,230164,卷死了，真难受,,卷死了，真难受,0,5,5,0,0,-5.4,0.0,5.4,5.4,1.0,-1,0.4025693140886166,0.4025693140886166,0.32032350016450395,0.2771071857468795,负面,负面,,False
学习区,BV1Kr4y1i7ru,黑马程序员 MySQL数据库入门到精通，从mysql安装到mysql高级、mysql优化全囊括,12757390,182503,155358,467984,15953,230164,删库跑路在哪一篇,,删库跑路在哪一篇,0,0,5,0,0,0.0,0.0,0.0,0.0,0.0,0,0.4051241888228928,0.3760785499039084,0.4051241888228928,0.2187972612731988,中性,负面,,False
学习区,BV1Kr4y1i7ru,黑马程序员 MySQL数据库入门到精通，从mysql安装到mysql高级、mysql优化全囊括,12757390,182503,155358,467984,15953,230164,好像猴哥在讲课啊,,好像猴哥在讲课啊,0,0,4,0,0,0.0,0.0,0.0,0.0,0.0,1,0.4051842673073067,0.19968867382170868,0.3951270588709846,0.4051842673073067,正面,中性,0.0,True
生活区,BV1Rjc4zJEvz,鸡蛋不如老弟脸硬,7639986,458094,7604,125299,10730,1422,你们有没有看到左上角有一个275人正在观看或者是几人正在观,,你们有没有看到左上角有一个275人正在观看或者是几人正在观,0,0,13,0,0,0.0,0.0,0.0,0.0,0.0,0,0.4054921543679957,0.3870083522591361,0.4054921543679957,0.20749949337286824,中性,负面,,False
学习区,BV1Kr4y1i7ru,黑马程序员 MySQL数据库入门到精通，从mysql安装到mysql高级、mysql优化全囊括,12757390,182503,155358,467984,15953,230164,雨桐学java,,雨桐学java,0,0,2,0,0,0.0,0.0,0.0,0.0,0.0,0,0.4058768606114408,0.2468848420993387,0.4058768606114408,0.34723829728922057,中性,正面,,False
学习区,BV1Kr4y1i7ru,黑马程序员 MySQL数据库入门到精通，从mysql安装到mysql高级、mysql优化全囊括,12757390,182503,155358,467984,15953,230164,大一学数据库不是很卷，一般般吧如果你是上学期的话那还行,,大一学数据库不是很卷，一般般吧如果你是上学期的话那还行,0,0,11,0,0,0.0,0.0,0.0,0.0,0.0,0,0.4073023997521616,0.2661882926589416,0.4073023997521616,0.3265093075888968,中性,正面,,False
生活区,BV1Rjc4zJEvz,鸡蛋不如老弟脸硬,7639986,458094,7604,125299,10730,1422,这波贪了，应该到春晚再看,,这波贪了，应该到春晚再看,0,0,8,0,0,0.0,0.0,0.0,0.0,0.0,1,0.4077880912571343,0.19140847256625515,0.4008034361766106,0.4077880912571343,正面,正面,,False
学习区,BV1Kr4y1i7ru,黑马程序员 MySQL数据库入门到精通，从mysql安装到mysql高级、mysql优化全囊括,12757390,182503,155358,467984,15953,230164,1月13日有人吗？,,1月13日有人吗？,0,0,6,0,1,0.0,0.0,0.0,0.0,0.0,0,0.4081409434771481,0.35443529171917737,0.4081409434771481,0.23742376480367458,中性,负面,,False
学习区,BV1Kr4y1i7ru,黑马程序员 MySQL数据库入门到精通，从mysql安装到mysql高级、mysql优化全囊括,12757390,182503,155358,467984,15953,230164,有三层楼这么高呀,,有三层楼这么高呀,0,0,4,0,0,0.0,0.0,0.0,0.0,0.0,0,0.40910757388450314,0.3553173211291443,0.40910757388450314,0.23557510498635242,中性,负面,,False
学习区,BV1Kr4y1i7ru,黑马程序员 MySQL数据库入门到精通，从mysql安装到mysql高级、mysql优化全囊括,12757390,182503,155358,467984,15953,230164,兄弟，1点了，还有44人,,兄弟，1点了，还有44人,0,0,8,0,0,0.0,0.0,0.0,0.0,0.0,-1,0.4116490752977626,0.4116490752977626,0.20254859590741064,0.38580232879482673,负面,负面,,False
生活区,BV1Rjc4zJEvz,鸡蛋不如老弟脸硬,7639986,458094,7604,125299,10730,1422,我的甲呀,,我的甲呀,0,0,1,0,0,0.0,0.0,0.0,0.0,0.0,0,0.4121034261900476,0.21938259881429545,0.4121034261900476,0.368513974995657,中性,正面,,False
学习区,BV1Kr4y1i7ru,黑马程序员 MySQL数据库入门到精通，从mysql安装到mysql高级、mysql优化全囊括,12757390,182503,155358,467984,15953,230164,黑马，让天下没有难学的技术,,黑马，让天下没有难学的技术,0,0,7,0,0,0.0,0.0,0.0,0.0,0.0,-1,0.41273965115474787,0.41273965115474787,0.21711966869761642,0.3701406801476357,负面,负面,,False
学习区,BV1Kr4y1i7ru,黑马程序员 MySQL数据库入门到精通，从mysql安装到mysql高级、mysql优化全囊括,12757390,182503,155358,467984,15953,230164,都是卷王,,都是卷王,0,0,3,0,0,0.0,0.0,0.0,0.0,0.0,-1,0.41299236622252883,0.41299236622252883,0.30455381209361526,0.2824538216838559,负面,负面,,False
生活区,BV1Rjc4zJEvz,鸡蛋不如老弟脸硬,7639986,458094,7604,125299,10730,1422,笑死我了,,笑死我了,1,0,2,0,0,1.0,1.0,0.0,1.0,0.5,1,0.41536552296677126,0.34754611885605446,0.23708835817717436,0.41536552296677126,正面,正面,,False
学习区,BV1Kr4y1i7ru,黑马程序员 MySQL数据库入门到精通，从mysql安装到mysql高级、mysql优化全囊括,12757390,182503,155358,467984,15953,230164,立马上岗的笑死我了,,立马上岗的笑死我了,1,0,4,0,0,1.0,1.0,0.0,1.0,0.25,1,0.41592065734530015,0.3382989883753064,0.24578035427939335,0.41592065734530015,正面,正面,,False
学习区,BV1Kr4y1i7ru,黑马程序员 MySQL数据库入门到精通，从mysql安装到mysql高级、mysql优化全囊括,12757390,182503,155358,467984,15953,230164,太像猴哥的声音了,,太像猴哥的声音了,0,0,3,0,0,0.0,0.0,0.0,0.0,0.0,0,0.41693251528822267,0.2816379803311244,0.41693251528822267,0.30142950438065297,中性,正面,,False
学习区,BV1Kr4y1i7ru,黑马程序员 MySQL数据库入门到精通，从mysql安装到mysql高级、mysql优化全囊括,12757390,182503,155358,467984,15953,230164,我艹，为啥学不完呀~,,我艹，为啥学不完呀,0,0,4,0,0,0.0,0.0,0.0,0.0,0.0,0,0.4172375388292668,0.29993818207559636,0.4172375388292668,0.2828242790951369,中性,负面,,False
学习区,BV1Kr4y1i7ru,黑马程序员 MySQL数据库入门到精通，从mysql安装到mysql高级、mysql优化全囊括,12757390,182503,155358,467984,15953,230164,25年了，还又80多个人在学,,25年了，还又80多个人在学,0,0,10,0,0,0.0,0.0,0.0,0.0,0.0,-1,0.41745043823523653,0.41745043823523653,0.315732382539035,0.26681717922572845,负面,负面,,False
学习区,BV1Kr4y1i7ru,黑马程序员 MySQL数据库入门到精通，从mysql安装到mysql高级、mysql优化全囊括,12757390,182503,155358,467984,15953,230164,2倍速不够的，用edge插件视频速度控制，最高16倍速,,2倍速不够的，用edge插件视频速度控制，最高16倍速,0,0,14,0,0,0.0,0.0,0.0,0.0,0.0,0,0.42148657814500257,0.36822502735481205,0.42148657814500257,0.2102883945001853,中性,负面,,False
学习区,BV1Kr4y1i7ru,黑马程序员 MySQL数据库入门到精通，从mysql安装到mysql高级、mysql优化全囊括,12757390,182503,155358,467984,15953,230164,凌晨2点多了还有25人在卷,,凌晨2点多了还有25人在卷,0,0,8,0,0,0.0,0.0,0.0,0.0,0.0,0,0.42157196511479295,0.3590547274283844,0.42157196511479295,0.21937330745682268,中性,负面,,False
学习区,BV1Kr4y1i7ru,黑马程序员 MySQL数据库入门到精通，从mysql安装到mysql高级、mysql优化全囊括,12757390,182503,155358,467984,15953,230164,这课也太多了，我估计都得学一个月了,,这课也太多了，我估计都得学一个月了,0,0,9,0,0,0.0,0.0,0.0,0.0,0.0,-1,0.42319699018681467,0.42319699018681467,0.37052408335039666,0.20627892646278861,负面,负面,,False
学习区,BV1Kr4y1i7ru,黑马程序员 MySQL数据库入门到精通，从mysql安装到mysql高级、mysql优化全囊括,12757390,182503,155358,467984,15953,230164,老师是孙悟空吗？,,老师是孙悟空吗？,0,0,3,0,1,0.0,0.0,0.0,0.0,0.0,1,0.42330323819324406,0.24626065700211044,0.3304361048046455,0.42330323819324406,正面,正面,,False
学习区,BV1Kr4y1i7ru,黑马程序员 MySQL数据库入门到精通，从mysql安装到mysql高级、mysql优化全囊括,12757390,182503,155358,467984,15953,230164,刚学完java入门到精通下部,,刚学完java入门到精通下部,0,0,7,0,0,0.0,0.0,0.0,0.0,0.0,0,0.42418897008775486,0.2539125604866418,0.42418897008775486,0.32189846942560335,中性,正面,,False
学习区,BV1Kr4y1i7ru,黑马程序员 MySQL数据库入门到精通，从mysql安装到mysql高级、mysql优化全囊括,12757390,182503,155358,467984,15953,230164,103人牛逼,,103人牛逼,1,0,3,0,0,1.0,1.0,0.0,1.0,0.3333333333333333,1,0.4247591487768846,0.2958760885974792,0.2793647626256363,0.4247591487768846,正面,正面,,False
学习区,BV1Kr4y1i7ru,黑马程序员 MySQL数据库入门到精通，从mysql安装到mysql高级、mysql优化全囊括,12757390,182503,155358,467984,15953,230164,不 hr根本分不清什么是运维 你都要会,,不hr根本分不清什么是运维你都要会,1,0,9,0,0,1.0,1.0,0.0,1.0,0.1111111111111111,1,0.42514604224087615,0.16360266266791634,0.41125129509120745,0.42514604224087615,正面,中性,0.0,True
学习区,BV1Kr4y1i7ru,黑马程序员 MySQL数据库入门到精通，从mysql安装到mysql高级、mysql优化全囊括,12757390,182503,155358,467984,15953,230164,大中午的62卷王,,大中午的62卷王,0,0,4,0,0,0.0,0.0,0.0,0.0,0.0,1,0.4251750367496667,0.30988033938239573,0.2649446238679375,0.4251750367496667,正面,正面,,False
学习区,BV1Kr4y1i7ru,黑马程序员 MySQL数据库入门到精通，从mysql安装到mysql高级、mysql优化全囊括,12757390,182503,155358,467984,15953,230164,seql，还是siql啊,,seql，还是siql啊,0,0,4,0,0,0.0,0.0,0.0,0.0,0.0,0,0.4253298655918576,0.3563990071885704,0.4253298655918576,0.21827112721957187,中性,负面,,False
学习区,BV1Kr4y1i7ru,黑马程序员 MySQL数据库入门到精通，从mysql安装到mysql高级、mysql优化全囊括,12757390,182503,155358,467984,15953,230164,一杯咖啡，一条烟，一个视频看一天（1）,,一杯咖啡，一条烟，一个视频看一天1,0,0,10,0,0,0.0,0.0,0.0,0.0,0.0,1,0.42687846200338847,0.22674231828980107,0.3463792197068104,0.42687846200338847,正面,中性,0.0,True
学习区,BV1Kr4y1i7ru,黑马程序员 MySQL数据库入门到精通，从mysql安装到mysql高级、mysql优化全囊括,12757390,182503,155358,467984,15953,230164,想成为一个合格的程序员要懂得语言语言需要靠拿证,,想成为一个合格的程序员要懂得语言语言需要靠拿证,0,0,10,0,0,0.0,0.0,0.0,0.0,0.0,0,0.42748794661268796,0.3156669824258272,0.42748794661268796,0.2568450709614849,中性,中性,0.0,True
学习区,BV1Kr4y1i7ru,黑马程序员 MySQL数据库入门到精通，从mysql安装到mysql高级、mysql优化全囊括,12757390,182503,155358,467984,15953,230164,这不这不是可爱的Pink老师吗？,,这不这不是可爱的Pink老师吗？,1,1,6,0,1,0.0,1.0,1.0,0.0,0.3333333333333333,-1,0.4287852915181302,0.4287852915181302,0.1426770921040953,0.42853761637777454,负面,负面,,False
生活区,BV1Rjc4zJEvz,鸡蛋不如老弟脸硬,7639986,458094,7604,125299,10730,1422,唉，孙z,,唉，孙z,0,0,4,0,0,0.0,0.0,0.0,0.0,0.0,0,0.429462397180709,0.35641605003302357,0.429462397180709,0.21412155278626732,中性,负面,,False
学习区,BV1Kr4y1i7ru,黑马程序员 MySQL数据库入门到精通，从mysql安装到mysql高级、mysql优化全囊括,12757390,182503,155358,467984,15953,230164,来自远古的声音,,来自远古的声音,0,0,3,0,0,0.0,0.0,0.0,0.0,0.0,-1,0.430272688115111,0.430272688115111,0.39589756740573256,0.1738297444791564,负面,负面,,False
学习区,BV1Kr4y1i7ru,黑马程序员 MySQL数据库入门到精通，从mysql安装到mysql高级、mysql优化全囊括,12757390,182503,155358,467984,15953,230164,半夜4点还有40个人看,,半夜4点还有40个人看,0,0,7,0,0,0.0,0.0,0.0,0.0,0.0,0,0.43092235426173603,0.40818257512004236,0.43092235426173603,0.16089507061822161,中性,负面,,False
学习区,BV1Kr4y1i7ru,黑马程序员 MySQL数据库入门到精通，从mysql安装到mysql高级、mysql优化全囊括,12757390,182503,155358,467984,15953,230164,所以你月薪16-20万啦,,所以你月薪1620万啦,0,0,5,0,0,0.0,0.0,0.0,0.0,0.0,1,0.43203332740149314,0.15948893908653064,0.40847773351197625,0.43203332740149314,正面,正面,,False
学习区,BV1Kr4y1i7ru,黑马程序员 MySQL数据库入门到精通，从mysql安装到mysql高级、mysql优化全囊括,12757390,182503,155358,467984,15953,230164,从入门精通到删库跑路,,从入门精通到删库跑路,0,0,7,0,0,0.0,0.0,0.0,0.0,0.0,0,0.43220557732170106,0.34239206491159413,0.43220557732170106,0.22540235776670473,中性,负面,,False
学习区,BV1Kr4y1i7ru,黑马程序员 MySQL数据库入门到精通，从mysql安装到mysql高级、mysql优化全囊括,12757390,182503,155358,467984,15953,230164,考研复试看这个可以吗,,考研复试看这个可以吗,2,0,5,0,0,2.0,2.0,0.0,2.0,0.4,1,0.4324544012540407,0.18382675755515604,0.38371884119080324,0.4324544012540407,正面,中性,0.0,True
生活区,BV1Rjc4zJEvz,鸡蛋不如老弟脸硬,7639986,458094,7604,125299,10730,1422,碗能上链接吗？,,碗能上链接吗？,0,0,5,0,1,0.0,0.0,0.0,0.0,0.0,1,0.43286146152513166,0.3720014619114529,0.19513707656341547,0.43286146152513166,正面,正面,,False
学习区,BV1Kr4y1i7ru,黑马程序员 MySQL数据库入门到精通，从mysql安装到mysql高级、mysql优化全囊括,12757390,182503,155358,467984,15953,230164,46个,,46个,0,0,2,0,0,0.0,0.0,0.0,0.0,0.0,0,0.4329707578075734,0.3327104733407616,0.4329707578075734,0.23431876885166497,中性,负面,,False
学习区,BV1Kr4y1i7ru,黑马程序员 MySQL数据库入门到精通，从mysql安装到mysql高级、mysql优化全囊括,12757390,182503,155358,467984,15953,230164,那就是服务器的硬盘中？,,那就是服务器的硬盘中？,0,0,5,0,1,0.0,0.0,0.0,0.0,0.0,-1,0.4330125139988738,0.4330125139988738,0.33470395957621185,0.23228352642491437,负面,负面,,False
学习区,BV1Kr4y1i7ru,黑马程序员 MySQL数据库入门到精通，从mysql安装到mysql高级、mysql优化全囊括,12757390,182503,155358,467984,15953,230164,学习这个影响我单手开法拉利吗？,,学习这个影响我单手开法拉利吗？,0,0,7,0,1,0.0,0.0,0.0,0.0,0.0,0,0.4340031224809864,0.3330398937769671,0.4340031224809864,0.23295698374204646,中性,负面,,False
学习区,BV1Kr4y1i7ru,黑马程序员 MySQL数据库入门到精通，从mysql安装到mysql高级、mysql优化全囊括,12757390,182503,155358,467984,15953,230164,学习这个影响我单手开库里南吗？,,学习这个影响我单手开库里南吗？,0,0,7,0,1,0.0,0.0,0.0,0.0,0.0,0,0.4340031224809864,0.3330398937769671,0.4340031224809864,0.23295698374204646,中性,负面,,False
学习区,BV1Kr4y1i7ru,黑马程序员 MySQL数据库入门到精通，从mysql安装到mysql高级、mysql优化全囊括,12757390,182503,155358,467984,15953,230164,孙悟空的声音,,孙悟空的声音,0,0,2,0,0,0.0,0.0,0.0,0.0,0.0,0,0.4343623528744862,0.26372558355877757,0.4343623528744862,0.30191206356673617,中性,正面,,False
学习区,BV1Kr4y1i7ru,黑马程序员 MySQL数据库入门到精通，从mysql安装到mysql高级、mysql优化全囊括,12757390,182503,155358,467984,15953,230164,凌晨2点还有30个人,,凌晨2点还有30个人,0,0,6,0,0,0.0,0.0,0.0,0.0,0.0,0,0.4351830941181535,0.4093197490217085,0.4351830941181535,0.15549715686013812,中性,负面,,False
学习区,BV1Kr4y1i7ru,黑马程序员 MySQL数据库入门到精通，从mysql安装到mysql高级、mysql优化全囊括,12757390,182503,155358,467984,15953,230164,资料在哪啊,,资料在哪啊,0,0,3,0,0,0.0,0.0,0.0,0.0,0.0,0,0.4353208406789061,0.3792097081721385,0.4353208406789061,0.18546945114895544,中性,负面,,False
学习区,BV1Kr4y1i7ru,黑马程序员 MySQL数据库入门到精通，从mysql安装到mysql高级、mysql优化全囊括,12757390,182503,155358,467984,15953,230164,杀人啦,,杀人啦,0,0,2,0,0,0.0,0.0,0.0,0.0,0.0,0,0.4367551253170658,0.21285756582846813,0.4367551253170658,0.35038730885446595,中性,正面,,False
学习区,BV1Kr4y1i7ru,黑马程序员 MySQL数据库入门到精通，从mysql安装到mysql高级、mysql优化全囊括,12757390,182503,155358,467984,15953,230164,学了C学数据库可以吗,,学了C学数据库可以吗,2,0,5,0,0,2.0,2.0,0.0,2.0,0.4,0,0.43716724023004716,0.1598082681303154,0.43716724023004716,0.40302449163963733,中性,中性,0.0,True
学习区,BV1Kr4y1i7ru,黑马程序员 MySQL数据库入门到精通，从mysql安装到mysql高级、mysql优化全囊括,12757390,182503,155358,467984,15953,230164,这么卷,,这么卷,0,0,2,0,0,0.0,0.0,0.0,0.0,0.0,0,0.4371990357315634,0.4199578107490117,0.4371990357315634,0.14284315351942495,中性,负面,,False
学习区,BV1Kr4y1i7ru,黑马程序员 MySQL数据库入门到精通，从mysql安装到mysql高级、mysql优化全囊括,12757390,182503,155358,467984,15953,230164,《牛马程序员》,,牛马程序员,0,0,2,0,0,0.0,0.0,0.0,0.0,0.0,-1,0.4378477105162804,0.4378477105162804,0.40543494843722955,0.15671734104649007,负面,负面,,False
学习区,BV1Kr4y1i7ru,黑马程序员 MySQL数据库入门到精通，从mysql安装到mysql高级、mysql优化全囊括,12757390,182503,155358,467984,15953,230164,早上八点，55人,,早上八点，55人,0,0,5,0,0,0.0,0.0,0.0,0.0,0.0,0,0.4378993531701556,0.27636068749304804,0.4378993531701556,0.28573995933679636,中性,中性,0.0,True
生活区,BV1Rjc4zJEvz,鸡蛋不如老弟脸硬,7639986,458094,7604,125299,10730,1422,演的不像啊,,演的不像啊,0,0,3,0,0,0.0,0.0,0.0,0.0,0.0,-1,0.4380766088176914,0.4380766088176914,0.31962577120745056,0.24229761997485819,负面,负面,,False
学习区,BV1Kr4y1i7ru,黑马程序员 MySQL数据库入门到精通，从mysql安装到mysql高级、mysql优化全囊括,12757390,182503,155358,467984,15953,230164,等我学完，删库跑路兄弟们,,等我学完，删库跑路兄弟们,0,0,9,0,0,0.0,0.0,0.0,0.0,0.0,-1,0.43887858610631214,0.43887858610631214,0.3260441834768493,0.23507723041683865,负面,负面,,False
学习区,BV1Kr4y1i7ru,黑马程序员 MySQL数据库入门到精通，从mysql安装到mysql高级、mysql优化全囊括,12757390,182503,155358,467984,15953,230164,对面公司收费，我得公司强制让我在空暇时间来学，o(╥﹏╥)o,,对面公司收费，我得公司强制让我在空暇时间来学，oo,0,0,14,0,0,0.0,0.0,0.0,0.0,0.0,0,0.43951997914170104,0.3744403628660895,0.43951997914170104,0.1860396579922095,中性,负面,,False
学习区,BV1Kr4y1i7ru,黑马程序员 MySQL数据库入门到精通，从mysql安装到mysql高级、mysql优化全囊括,12757390,182503,155358,467984,15953,230164,这不是讲鸿蒙开发和web的大佬吗,,这不是讲鸿蒙开发和web的大佬吗,0,0,6,0,0,0.0,0.0,0.0,0.0,0.0,0,0.4413371314833275,0.3248947227668833,0.4413371314833275,0.23376814574978916,中性,负面,,False
学习区,BV1Kr4y1i7ru,黑马程序员 MySQL数据库入门到精通，从mysql安装到mysql高级、mysql优化全囊括,12757390,182503,155358,467984,15953,230164,hello，赛赛,,hello，赛赛,0,0,3,0,0,0.0,0.0,0.0,0.0,0.0,0,0.4426196598984563,0.3465523364291034,0.4426196598984563,0.21082800367244023,中性,负面,,False
生活区,BV1Rjc4zJEvz,鸡蛋不如老弟脸硬,7639986,458094,7604,125299,10730,1422,唉，孙,,唉，孙,0,0,3,0,0,0.0,0.0,0.0,0.0,0.0,0,0.4426196598984563,0.3465523364291034,0.4426196598984563,0.21082800367244023,中性,负面,,False
学习区,BV1Kr4y1i7ru,黑马程序员 MySQL数据库入门到精通，从mysql安装到mysql高级、mysql优化全囊括,12757390,182503,155358,467984,15953,230164,我python能不能学,,我python能不能学,0,0,4,0,0,0.0,0.0,0.0,0.0,0.0,0,0.4430883449569964,0.31999819258907813,0.4430883449569964,0.2369134624539256,中性,负面,,False
学习区,BV1Kr4y1i7ru,黑马程序员 MySQL数据库入门到精通，从mysql安装到mysql高级、mysql优化全囊括,12757390,182503,155358,467984,15953,230164,我想学删库跑路,,我想学删库跑路,0,0,4,0,0,0.0,0.0,0.0,0.0,0.0,0,0.44331201860869424,0.35332657471695905,0.44331201860869424,0.20336140667434674,中性,负面,,False
学习区,BV1Kr4y1i7ru,黑马程序员 MySQL数据库入门到精通，从mysql安装到mysql高级、mysql优化全囊括,12757390,182503,155358,467984,15953,230164,暨南大学的集合,,暨南大学的集合,0,0,2,0,0,0.0,0.0,0.0,0.0,0.0,0,0.4442863516431936,0.1717300137797198,0.4442863516431936,0.38398363457708645,中性,正面,,False
学习区,BV1Kr4y1i7ru,黑马程序员 MySQL数据库入门到精通，从mysql安装到mysql高级、mysql优化全囊括,12757390,182503,155358,467984,15953,230164,从入门到删库跑路,,从入门到删库跑路,0,0,6,0,0,0.0,0.0,0.0,0.0,0.0,0,0.44531389594657383,0.3328170707170621,0.44531389594657383,0.2218690333363641,中性,负面,,False
学习区,BV1Kr4y1i7ru,黑马程序员 MySQL数据库入门到精通，从mysql安装到mysql高级、mysql优化全囊括,12757390,182503,155358,467984,15953,230164,雪国佬张扬正式开始学习MySQL，我张扬一定会成为最厉害的雪国列车列车长,,雪国佬张扬正式开始学习MySQL，我张扬一定会成为最厉害的雪国列车列车长,3,0,17,0,0,3.0,3.0,0.0,3.0,0.17647058823529413,0,0.4453560531228575,0.16042134819324763,0.4453560531228575,0.3942225986838948,中性,正面,,False
学习区,BV1Kr4y1i7ru,黑马程序员 MySQL数据库入门到精通，从mysql安装到mysql高级、mysql优化全囊括,12757390,182503,155358,467984,15953,230164,没法学下去了，因为虚拟机不知道该怎么连接finalshell,,没法学下去了，因为虚拟机不知道该怎么连接finalshell,0,0,12,0,0,0.0,0.0,0.0,0.0,0.0,0,0.44593024556039945,0.14975377311967455,0.44593024556039945,0.4043159813199259,中性,正面,,False
学习区,BV1Kr4y1i7ru,黑马程序员 MySQL数据库入门到精通，从mysql安装到mysql高级、mysql优化全囊括,12757390,182503,155358,467984,15953,230164,人好多啊,,人好多啊,0,0,2,0,0,0.0,0.0,0.0,0.0,0.0,-1,0.4464686713252776,0.4464686713252776,0.26048126078746064,0.29305006788726173,负面,负面,,False
学习区,BV1Kr4y1i7ru,黑马程序员 MySQL数据库入门到精通，从mysql安装到mysql高级、mysql优化全囊括,12757390,182503,155358,467984,15953,230164,好多人啊,,好多人啊,0,0,2,0,0,0.0,0.0,0.0,0.0,0.0,-1,0.4464686713252776,0.4464686713252776,0.26048126078746064,0.29305006788726173,负面,负面,,False
生活区,BV1Rjc4zJEvz,鸡蛋不如老弟脸硬,7639986,458094,7604,125299,10730,1422,不是化石，是笨蛋,,不是化石，是笨蛋,0,0,4,0,0,0.0,0.0,0.0,0.0,0.0,0,0.44652979841814966,0.39458694594165405,0.44652979841814966,0.1588832556401963,中性,负面,,False
生活区,BV1Rjc4zJEvz,鸡蛋不如老弟脸硬,7639986,458094,7604,125299,10730,1422,就是，缘分。,,就是，缘分。,0,0,4,0,0,0.0,0.0,0.0,0.0,0.0,1,0.44690500041546655,0.14242170211897215,0.4106732974655614,0.44690500041546655,正面,正面,,False
学习区,BV1Kr4y1i7ru,黑马程序员 MySQL数据库入门到精通，从mysql安装到mysql高级、mysql优化全囊括,12757390,182503,155358,467984,15953,230164,北大青鸟的兄弟们辛苦了,,北大青鸟的兄弟们辛苦了,1,0,5,0,0,1.0,1.0,0.0,1.0,0.2,1,0.44729793158308356,0.2884916012140258,0.2642104672028907,0.44729793158308356,正面,正面,1.0,True
学习区,BV1Kr4y1i7ru,黑马程序员 MySQL数据库入门到精通，从mysql安装到mysql高级、mysql优化全囊括,12757390,182503,155358,467984,15953,230164,600多人，真假,,600多人，真假,0,0,4,0,0,0.0,0.0,0.0,0.0,0.0,-1,0.44870477771079703,0.44870477771079703,0.35439580326560927,0.19689941902359376,负面,负面,,False
学习区,BV1Kr4y1i7ru,黑马程序员 MySQL数据库入门到精通，从mysql安装到mysql高级、mysql优化全囊括,12757390,182503,155358,467984,15953,230164,学了基础就去javaweb,,学了基础就去javaweb,0,0,5,0,0,0.0,0.0,0.0,0.0,0.0,0,0.4488749013457868,0.33497237007600816,0.4488749013457868,0.2161527285782051,中性,负面,,False
学习区,BV1Kr4y1i7ru,黑马程序员 MySQL数据库入门到精通，从mysql安装到mysql高级、mysql优化全囊括,12757390,182503,155358,467984,15953,230164,其实它们都是爬虫去找数据,,其实它们都是爬虫去找数据,0,0,7,0,0,0.0,0.0,0.0,0.0,0.0,0,0.44907061116276287,0.34513030974774783,0.44907061116276287,0.20579907908948936,中性,负面,,False
学习区,BV1Kr4y1i7ru,黑马程序员 MySQL数据库入门到精通，从mysql安装到mysql高级、mysql优化全囊括,12757390,182503,155358,467984,15953,230164,我在b站办大学,,我在b站办大学,0,0,5,0,0,0.0,0.0,0.0,0.0,0.0,0,0.4495334392280909,0.1341330425494088,0.4495334392280909,0.4163335182225002,中性,正面,,False
学习区,BV1Kr4y1i7ru,黑马程序员 MySQL数据库入门到精通，从mysql安装到mysql高级、mysql优化全囊括,12757390,182503,155358,467984,15953,230164,62人,,62人,0,0,2,0,0,0.0,0.0,0.0,0.0,0.0,0,0.45058083401761917,0.17913438279671307,0.45058083401761917,0.3702847831856677,中性,正面,,False
学习区,BV1Kr4y1i7ru,黑马程序员 MySQL数据库入门到精通，从mysql安装到mysql高级、mysql优化全囊括,12757390,182503,155358,467984,15953,230164,root密码忘记了,,root密码忘记了,0,0,3,0,0,0.0,0.0,0.0,0.0,0.0,0,0.4506671021025044,0.2509398404640292,0.4506671021025044,0.29839305743346645,中性,正面,,False
学习区,BV1Kr4y1i7ru,黑马程序员 MySQL数据库入门到精通，从mysql安装到mysql高级、mysql优化全囊括,12757390,182503,155358,467984,15953,230164,71人,,71人,0,0,2,0,0,0.0,0.0,0.0,0.0,0.0,0,0.4510215038619809,0.20715341648460622,0.4510215038619809,0.3418250796534129,中性,正面,,False
学习区,BV1Kr4y1i7ru,黑马程序员 MySQL数据库入门到精通，从mysql安装到mysql高级、mysql优化全囊括,12757390,182503,155358,467984,15953,230164,71..,,71..,0,0,2,0,0,0.0,0.0,0.0,0.0,0.0,0,0.4515047890470707,0.2379487844691603,0.4515047890470707,0.3105464264837689,中性,正面,,False
学习区,BV1Kr4y1i7ru,黑马程序员 MySQL数据库入门到精通，从mysql安装到mysql高级、mysql优化全囊括,12757390,182503,155358,467984,15953,230164,难他天,,难他天,0,1,2,0,0,-1.0,0.0,1.0,1.0,0.5,0,0.4516820760245332,0.21753196050412316,0.4516820760245332,0.33078596347134354,中性,负面,,False
学习区,BV1Kr4y1i7ru,黑马程序员 MySQL数据库入门到精通，从mysql安装到mysql高级、mysql优化全囊括,12757390,182503,155358,467984,15953,230164,华北电力大学卷王第一天,,华北电力大学卷王第一天,0,0,3,0,0,0.0,0.0,0.0,0.0,0.0,0,0.4518950872254021,0.26807845474738795,0.4518950872254021,0.28002645802720993,中性,正面,,False
学习区,BV1Kr4y1i7ru,黑马程序员 MySQL数据库入门到精通，从mysql安装到mysql高级、mysql优化全囊括,12757390,182503,155358,467984,15953,230164,好了，我学完了。88,,好了，我学完了。88,1,1,6,0,0,0.0,1.0,1.0,0.0,0.3333333333333333,1,0.4521544088529675,0.18098287967819482,0.36686271146883787,0.4521544088529675,正面,正面,,False
学习区,BV1Kr4y1i7ru,黑马程序员 MySQL数据库入门到精通，从mysql安装到mysql高级、mysql优化全囊括,12757390,182503,155358,467984,15953,230164,哈哈,,哈哈,2,0,1,0,0,2.0,2.0,0.0,2.0,2.0,1,0.45223564271282835,0.13025327430414116,0.41751108298303063,0.45223564271282835,正面,正面,,False
生活区,BV1Rjc4zJEvz,鸡蛋不如老弟脸硬,7639986,458094,7604,125299,10730,1422,得吃巴掌,,得吃巴掌,0,0,3,0,0,0.0,0.0,0.0,0.0,0.0,1,0.4526410497444563,0.18020901792188254,0.36714993233366117,0.4526410497444563,正面,正面,,False
学习区,BV1Kr4y1i7ru,黑马程序员 MySQL数据库入门到精通，从mysql安装到mysql高级、mysql优化全囊括,12757390,182503,155358,467984,15953,230164,至此成为合格的jdbc高手,,至此成为合格的jdbc高手,0,0,5,0,0,0.0,0.0,0.0,0.0,0.0,0,0.45268667139257895,0.09919775954082896,0.45268667139257895,0.4481155690665921,中性,正面,,False
学习区,BV1Kr4y1i7ru,黑马程序员 MySQL数据库入门到精通，从mysql安装到mysql高级、mysql优化全囊括,12757390,182503,155358,467984,15953,230164,百万ppt,,百万ppt,0,0,2,0,0,0.0,0.0,0.0,0.0,0.0,0,0.45291115347818844,0.1774104524350133,0.45291115347818844,0.36967839408679815,中性,正面,,False
学习区,BV1Kr4y1i7ru,黑马程序员 MySQL数据库入门到精通，从mysql安装到mysql高级、mysql优化全囊括,12757390,182503,155358,467984,15953,230164,为什么声音不一样了,,为什么声音不一样了,0,0,4,0,0,0.0,0.0,0.0,0.0,0.0,0,0.4536846583142409,0.35905772338612824,0.4536846583142409,0.18725761829963092,中性,负面,,False
学习区,BV1Kr4y1i7ru,黑马程序员 MySQL数据库入门到精通，从mysql安装到mysql高级、mysql优化全囊括,12757390,182503,155358,467984,15953,230164,2024-7-27mysql启动！,,2024727mysql启动！,0,0,3,1,0,0.0,0.0,0.0,0.0,0.0,1,0.453780302851793,0.13275294848389096,0.41346674866431604,0.453780302851793,正面,正面,,False
学习区,BV1Kr4y1i7ru,黑马程序员 MySQL数据库入门到精通，从mysql安装到mysql高级、mysql优化全囊括,12757390,182503,155358,467984,15953,230164,有没有产品经理来学这个的,,有没有产品经理来学这个的,0,0,5,0,0,0.0,0.0,0.0,0.0,0.0,0,0.45416997064032466,0.3973311902493953,0.45416997064032466,0.14849883911028006,中性,负面,,False
学习区,BV1Kr4y1i7ru,黑马程序员 MySQL数据库入门到精通，从mysql安装到mysql高级、mysql优化全囊括,12757390,182503,155358,467984,15953,230164,是有点像孙悟空,,是有点像孙悟空,0,0,2,0,0,0.0,0.0,0.0,0.0,0.0,1,0.4548011893422244,0.12151239032918006,0.42368642032859555,0.4548011893422244,正面,正面,,False
学习区,BV1Kr4y1i7ru,黑马程序员 MySQL数据库入门到精通，从mysql安装到mysql高级、mysql优化全囊括,12757390,182503,155358,467984,15953,230164,猴哥,,猴哥,0,0,1,0,0,0.0,0.0,0.0,0.0,0.0,0,0.4549020176901844,0.09134627075349519,0.4549020176901844,0.4537517115563203,中性,正面,,False
学习区,BV1Kr4y1i7ru,黑马程序员 MySQL数据库入门到精通，从mysql安装到mysql高级、mysql优化全囊括,12757390,182503,155358,467984,15953,230164,还有人,,还有人,0,0,2,0,0,0.0,0.0,0.0,0.0,0.0,-1,0.45501699832861714,0.45501699832861714,0.3851460968652896,0.15983690480609325,负面,负面,,False
学习区,BV1Kr4y1i7ru,黑马程序员 MySQL数据库入门到精通，从mysql安装到mysql高级、mysql优化全囊括,12757390,182503,155358,467984,15953,230164,b站大学,,b站大学,0,0,3,0,0,0.0,0.0,0.0,0.0,0.0,1,0.4550945438844564,0.10205890244654876,0.44284655366899484,0.4550945438844564,正面,正面,,False
学习区,BV1Kr4y1i7ru,黑马程序员 MySQL数据库入门到精通，从mysql安装到mysql高级、mysql优化全囊括,12757390,182503,155358,467984,15953,230164,94个人,,94个人,0,0,2,0,0,0.0,0.0,0.0,0.0,0.0,0,0.455283946114922,0.3313736171716781,0.455283946114922,0.21334243671339978,中性,负面,,False
学习区,BV1Kr4y1i7ru,黑马程序员 MySQL数据库入门到精通，从mysql安装到mysql高级、mysql优化全囊括,12757390,182503,155358,467984,15953,230164,马晨曦学java,,马晨曦学java,0,0,4,0,0,0.0,0.0,0.0,0.0,0.0,0,0.455532594117094,0.24605741281162286,0.455532594117094,0.298409993071283,中性,正面,,False
学习区,BV1Kr4y1i7ru,黑马程序员 MySQL数据库入门到精通，从mysql安装到mysql高级、mysql优化全囊括,12757390,182503,155358,467984,15953,230164,可恶啊怎么这么多人卷,,可恶啊怎么这么多人卷,0,0,4,0,0,0.0,0.0,0.0,0.0,0.0,0,0.4562497615026371,0.1702617735349163,0.4562497615026371,0.37348846496244664,中性,正面,,False
学习区,BV1Kr4y1i7ru,黑马程序员 MySQL数据库入门到精通，从mysql安装到mysql高级、mysql优化全囊括,12757390,182503,155358,467984,15953,230164,各位彦祖亦非们，运维选手适合学吗？,,各位彦祖亦非们，运维选手适合学吗？,0,0,11,0,1,0.0,0.0,0.0,0.0,0.0,1,0.45629859784672877,0.3471921306568003,0.19650927149647096,0.45629859784672877,正面,正面,,False
学习区,BV1Kr4y1i7ru,黑马程序员 MySQL数据库入门到精通，从mysql安装到mysql高级、mysql优化全囊括,12757390,182503,155358,467984,15953,230164,110，离谱,,110，离谱,0,2,3,0,0,-2.0,0.0,2.0,2.0,0.6666666666666666,0,0.45631641125512934,0.3297733902914577,0.45631641125512934,0.2139101984534129,中性,中性,0.0,True
学习区,BV1Kr4y1i7ru,黑马程序员 MySQL数据库入门到精通，从mysql安装到mysql高级、mysql优化全囊括,12757390,182503,155358,467984,15953,230164,2024年9月了，还有99个小伙伴跟我一起打开了这门课,,2024年9月了，还有99个小伙伴跟我一起打开了这门课,0,0,14,0,0,0.0,0.0,0.0,0.0,0.0,0,0.4564971056073773,0.36290916142248597,0.4564971056073773,0.18059373297013667,中性,负面,,False
学习区,BV1Kr4y1i7ru,黑马程序员 MySQL数据库入门到精通，从mysql安装到mysql高级、mysql优化全囊括,12757390,182503,155358,467984,15953,230164,删库跑路,,删库跑路,0,0,3,0,0,0.0,0.0,0.0,0.0,0.0,0,0.4565852477811122,0.3433165148057244,0.4565852477811122,0.2000982374131635,中性,负面,,False
学习区,BV1Kr4y1i7ru,黑马程序员 MySQL数据库入门到精通，从mysql安装到mysql高级、mysql优化全囊括,12757390,182503,155358,467984,15953,230164,删库到跑路,,删库到跑路,0,0,4,0,0,0.0,0.0,0.0,0.0,0.0,0,0.4567450526055341,0.3202406046180757,0.4567450526055341,0.22301434277639018,中性,负面,,False
学习区,BV1Kr4y1i7ru,黑马程序员 MySQL数据库入门到精通，从mysql安装到mysql高级、mysql优化全囊括,12757390,182503,155358,467984,15953,230164,这不是可爱的Pink老师吗？,,这不是可爱的Pink老师吗？,1,1,5,0,1,0.0,1.0,1.0,0.0,0.4,1,0.4568682079457761,0.39457036256086525,0.14856142949335874,0.4568682079457761,正面,正面,1.0,True
学习区,BV1Kr4y1i7ru,黑马程序员 MySQL数据库入门到精通，从mysql安装到mysql高级、mysql优化全囊括,12757390,182503,155358,467984,15953,230164,从删库到跑路,,从删库到跑路,0,0,5,0,0,0.0,0.0,0.0,0.0,0.0,0,0.4584893363532182,0.32327685151827934,0.4584893363532182,0.21823381212850257,中性,负面,,False
学习区,BV1Kr4y1i7ru,黑马程序员 MySQL数据库入门到精通，从mysql安装到mysql高级、mysql优化全囊括,12757390,182503,155358,467984,15953,230164,删库跑路哈哈,,删库跑路哈哈,2,0,4,0,0,2.0,2.0,0.0,2.0,0.5,1,0.45852203690362214,0.22919237135722648,0.3122855917391514,0.45852203690362214,正面,正面,,False
学习区,BV1Kr4y1i7ru,黑马程序员 MySQL数据库入门到精通，从mysql安装到mysql高级、mysql优化全囊括,12757390,182503,155358,467984,15953,230164,其实学过，已经还给老师了,,其实学过，已经还给老师了,0,0,6,0,0,0.0,0.0,0.0,0.0,0.0,1,0.45855543989747705,0.22685454921358064,0.31459001088894223,0.45855543989747705,正面,正面,,False
学习区,BV1Kr4y1i7ru,黑马程序员 MySQL数据库入门到精通，从mysql安装到mysql高级、mysql优化全囊括,12757390,182503,155358,467984,15953,230164,说话好像孙悟空,,说话好像孙悟空,0,0,3,0,0,0.0,0.0,0.0,0.0,0.0,0,0.45860933519929903,0.11028815932160332,0.45860933519929903,0.43110250547909756,中性,正面,,False
生活区,BV1Rjc4zJEvz,鸡蛋不如老弟脸硬,7639986,458094,7604,125299,10730,1422,省流：合金弹头但是老弟的头不是,,省流合金弹头但是老弟的头不是,0,0,6,0,0,0.0,0.0,0.0,0.0,0.0,0,0.4594819027730669,0.33807702502739795,0.4594819027730669,0.20244107219953522,中性,负面,,False
学习区,BV1Kr4y1i7ru,黑马程序员 MySQL数据库入门到精通，从mysql安装到mysql高级、mysql优化全囊括,12757390,182503,155358,467984,15953,230164,最喜欢偷偷搞学习了,,最喜欢偷偷搞学习了,2,0,5,0,0,2.0,2.0,0.0,2.0,0.4,0,0.45996727127716464,0.2309035687140429,0.45996727127716464,0.30912916000879237,中性,正面,1.0,True
学习区,BV1Kr4y1i7ru,黑马程序员 MySQL数据库入门到精通，从mysql安装到mysql高级、mysql优化全囊括,12757390,182503,155358,467984,15953,230164,学完javaweb来学,,学完javaweb来学,0,0,3,0,0,0.0,0.0,0.0,0.0,0.0,0,0.45997620598305944,0.32359109667823494,0.45997620598305944,0.21643269733870563,中性,负面,,False
学习区,BV1Kr4y1i7ru,黑马程序员 MySQL数据库入门到精通，从mysql安装到mysql高级、mysql优化全囊括,12757390,182503,155358,467984,15953,230164,推荐算法，也要来学数据库,,推荐算法，也要来学数据库,2,0,7,0,0,2.0,2.0,0.0,2.0,0.2857142857142857,1,0.4602444986247063,0.3572824501071474,0.18247305126814636,0.4602444986247063,正面,正面,1.0,True
学习区,BV1Kr4y1i7ru,黑马程序员 MySQL数据库入门到精通，从mysql安装到mysql高级、mysql优化全囊括,12757390,182503,155358,467984,15953,230164,85个人欸,,85个人欸,0,0,3,0,0,0.0,0.0,0.0,0.0,0.0,0,0.4612464891816482,0.34926121189166875,0.4612464891816482,0.18949229892668304,中性,负面,,False
