review_label,label_schema,review_reason,partition,bvid,text,pred_label,pred_raw_label,model_confidence,lexicon_score,prob_positive,prob_neutral,prob_negative,pos_cnt,neg_cnt,word_len,discourse_score,is_mixed_sentiment,contrast_count,sentiment_type,sentiment_target,sentiment_aspect,aspect_sentiment,label_source
1,"1=正面,0=中性,-1=负面",模型低置信度,生活区,BV1X75X6rEui,你们真是害惨了我，害惨了我呀。（大笑）,负面,负面,0.4071564684600083,-2.4,0.217931636332156,0.3749118952078356,0.4071564684600083,0,2,7,-2.4,0,0,对象评价,未明确对象,未明确方面,负面,LLM语义复核
-1,"1=正面,0=中性,-1=负面",含转折且模型不够确定,生活区,BV1X75X6rEui,东星斑本来就一般，只是红红的卖相好看,正面,正面,0.3802062526750017,1.55,0.3802062526750017,0.2482314492903778,0.3715622980346205,1,0,10,1.55,0,1,对象评价,未明确对象,视听体验,正面,LLM语义复核
-1,"1=正面,0=中性,-1=负面",含转折且模型不够确定,生活区,BV1X75X6rEui,重点是很贵但是好像也没有很好吃。。。,正面,正面,0.4305793041263465,1.55,0.4305793041263465,0.2397378625403979,0.3296828333332556,1,0,12,1.55,0,1,对象评价,未明确对象,未明确方面,正面,LLM语义复核
-1,"1=正面,0=中性,-1=负面",模型低置信度,生活区,BV1X75X6rEui,痛苦就不点赞了,负面,中性,0.4643577207125972,-2.0,0.1603448401650617,0.4643577207125972,0.3752974391223409,0,2,4,-2.0,0,0,对象评价,未明确对象,未明确方面,负面,LLM语义复核
0,"1=正面,0=中性,-1=负面",模型低置信度,生活区,BV1X75X6rEui,还可以，没那么离谱,正面,负面,0.4952484525358169,2.0,0.4194030149440141,0.085348532520169,0.4952484525358169,2,0,6,2.0,0,0,对象评价,未明确对象,未明确方面,正面,LLM语义复核
0,"1=正面,0=中性,-1=负面",模型低置信度,生活区,BV1X75X6rEui,不能吃太油腻的（doge）,负面,中性,0.5318040984213362,-1.8,0.2692729753436442,0.5318040984213362,0.1989229262350195,0,1,5,-1.8,0,0,对象评价,未明确对象,未明确方面,负面,LLM语义复核
1,"1=正面,0=中性,-1=负面",正负混合情感,生活区,BV1X75X6rEui,有钱真好，随便花,正面,正面,0.6278148606105384,0.0,0.6278148606105384,0.2824923937742837,0.0896927456151778,1,1,6,0.0,1,0,对象评价,未明确对象,未明确方面,混合,LLM语义复核
-1,"1=正面,0=中性,-1=负面",模型低置信度,生活区,BV1X75X6rEui,这很油腻吧,负面,中性,0.4645117795794904,-1.5,0.1539667888619147,0.4645117795794904,0.3815214315585948,0,1,2,-1.5,0,0,对象评价,未明确对象,未明确方面,负面,LLM语义复核
1,"1=正面,0=中性,-1=负面",模型低置信度,知识区,BV1zrGi6PE9B,很高兴认识你——一数,正面,正面,0.4813807428770969,1.5,0.4813807428770969,0.3513090098205821,0.167310247302321,1,0,4,1.5,0,0,对象评价,未明确对象,未明确方面,正面,LLM语义复核
0,"1=正面,0=中性,-1=负面",模型低置信度,生活区,BV1X75X6rEui,身体还是很诚实的,正面,正面,0.5059786182264181,1.5,0.5059786182264181,0.3656951226366384,0.1283262591369434,1,0,4,1.5,0,0,对象评价,未明确对象,未明确方面,正面,LLM语义复核
1,"1=正面,0=中性,-1=负面",模型低置信度,生活区,BV1X75X6rEui,鲈鱼是真不错,正面,正面,0.3565683232833959,1.0,0.3565683232833959,0.3234889632809009,0.3199427134357031,1,0,2,1.0,0,0,对象评价,未明确对象,未明确方面,正面,LLM语义复核
1,"1=正面,0=中性,-1=负面",模型低置信度,生活区,BV1X75X6rEui,黑崎一护难绷,负面,中性,0.3578653814244685,-1.0,0.3335861367601614,0.3578653814244685,0.3085484818153701,0,1,3,-1.0,0,0,对象评价,未明确对象,理解与难度,负面,LLM语义复核
1,"1=正面,0=中性,-1=负面",模型低置信度,生活区,BV1X75X6rEui,那个“艾玛，真香”是你本人吗？,正面,中性,0.3754081528351824,1.0,0.2597629517727558,0.3754081528351824,0.3648288953920617,1,0,6,1.0,0,0,对象评价,未明确对象,未明确方面,正面,LLM语义复核
-1,"1=正面,0=中性,-1=负面",模型低置信度,生活区,BV1X75X6rEui,不值70,负面,正面,0.3847322968742921,-1.0,0.3847322968742921,0.2336652314595523,0.3816024716661556,0,1,2,-1.0,0,0,对象评价,未明确对象,未明确方面,负面,LLM语义复核
1,"1=正面,0=中性,-1=负面",模型低置信度,生活区,BV1X75X6rEui,我明天和后天公司工作顺利妙不妙,正面,中性,0.3867706545798373,1.0,0.2947120157216399,0.3867706545798373,0.3185173296985226,1,0,7,1.0,0,0,对象评价,未明确对象,未明确方面,正面,LLM语义复核
0,"1=正面,0=中性,-1=负面",模型低置信度,生活区,BV1X75X6rEui,如果口味比较清淡，用来下饭的话够6人吃（）,正面,中性,0.3940011988809885,1.0,0.3554582367481808,0.3940011988809885,0.2505405643708306,1,0,12,1.0,0,0,对象评价,未明确对象,未明确方面,正面,LLM语义复核
1,"1=正面,0=中性,-1=负面",模型低置信度,生活区,BV1X75X6rEui,我们宿舍六个人买了两盒，去超市买了点火锅料青菜，还加了我们自己的泡面，因为禁大功率，这样吃还可以,正面,负面,0.3957466507587337,1.0,0.3589994230814574,0.2452539261598088,0.3957466507587337,1,0,27,1.0,0,0,对象评价,未明确对象,未明确方面,正面,LLM语义复核
0,"1=正面,0=中性,-1=负面",模型低置信度,生活区,BV1X75X6rEui,简单在哪,正面,负面,0.3965523386502179,1.0,0.2910051608102473,0.3124425005395347,0.3965523386502179,1,0,3,1.0,0,0,对象评价,未明确对象,理解与难度,正面,LLM语义复核
-1,"1=正面,0=中性,-1=负面",模型低置信度,生活区,BV1X75X6rEui,痛苦~,负面,负面,0.4003932244568235,-1.0,0.277051271172445,0.3225555043707314,0.4003932244568235,0,1,1,-1.0,0,0,对象评价,未明确对象,未明确方面,负面,LLM语义复核
-1,"1=正面,0=中性,-1=负面",模型低置信度,生活区,BV1X75X6rEui,让我承受这个痛苦寄给我,负面,中性,0.4020454579429525,-1.0,0.2105397941721675,0.4020454579429525,0.3874147478848799,0,1,5,-1.0,0,0,对象评价,未明确对象,未明确方面,负面,LLM语义复核
0,"1=正面,0=中性,-1=负面",正负混合情感,生活区,BV1X75X6rEui,东星斑就是很好吃，就是太贵了,正面,正面,0.7390867444367173,0.0,0.7390867444367173,0.1980026259786239,0.0629106295846588,1,1,8,0.0,1,0,对象评价,未明确对象,未明确方面,混合,LLM语义复核
-1,"1=正面,0=中性,-1=负面",模型低置信度,生活区,BV1X75X6rEui,这个里面啥都没有，可以看别的up测评,正面,正面,0.4078183986545404,1.0,0.4078183986545404,0.212485523495875,0.3796960778495846,1,0,11,1.0,0,0,对象评价,讲解者,未明确方面,正面,LLM语义复核
0,"1=正面,0=中性,-1=负面",模型低置信度,生活区,BV1X75X6rEui,烤着吃？认真的？我们沿海这边都是清蒸的,正面,中性,0.4088826839695309,1.0,0.2522734546154369,0.4088826839695309,0.3388438614150321,1,0,11,1.0,0,0,对象评价,未明确对象,未明确方面,正面,LLM语义复核
-1,"1=正面,0=中性,-1=负面",模型低置信度,生活区,BV1X75X6rEui,可以一键退出了，广子,正面,正面,0.4102921367241938,1.0,0.4102921367241938,0.3539139491796379,0.2357939140961683,1,0,5,1.0,0,0,对象评价,未明确对象,未明确方面,正面,LLM语义复核
1,"1=正面,0=中性,-1=负面",模型低置信度,生活区,BV1X75X6rEui,我二模和中考都顺利妙不妙,正面,中性,0.4118551411008831,1.0,0.2653242830172342,0.4118551411008831,0.3228205758818825,1,0,6,1.0,0,0,对象评价,未明确对象,未明确方面,正面,LLM语义复核
1,"1=正面,0=中性,-1=负面",模型低置信度,知识区,BV1zrGi6PE9B,光是遇见 就很美好,正面,正面,0.5787379715046552,1.5,0.5787379715046552,0.2640905016962065,0.1571715267991381,1,0,5,1.5,0,0,对象评价,未明确对象,未明确方面,正面,LLM语义复核
0,"1=正面,0=中性,-1=负面",模型低置信度,生活区,BV1X75X6rEui,肯定不是广，哪有这么介绍产品的,正面,正面,0.4242510261937398,1.0,0.4242510261937398,0.1743923546204436,0.4013566191858165,1,0,8,1.0,0,0,对象评价,未明确对象,未明确方面,正面,LLM语义复核
0,"1=正面,0=中性,-1=负面",模型低置信度,生活区,BV1X75X6rEui,下面可以自来水  矿泉水 奢侈了,正面,负面,0.4254403057039665,1.0,0.1857311717718695,0.3888285225241639,0.4254403057039665,1,0,5,1.0,0,0,对象评价,未明确对象,未明确方面,正面,LLM语义复核
-1,"1=正面,0=中性,-1=负面",篇章评分偏正但模型偏负,生活区,BV1X75X6rEui,肯定不是广啊刚刚开始其实就没怎么夸 甲方看审片看到这个能同意吗？,正面,负面,0.7636174344700284,2.0,0.1172789903603281,0.1191035751696433,0.7636174344700284,2,0,17,2.0,0,0,对象评价+立场,未明确对象,未明确方面,正面,LLM语义复核
1,"1=正面,0=中性,-1=负面",模型低置信度,知识区,BV1zrGi6PE9B,很高兴认识你,正面,正面,0.6083113706393567,1.5,0.6083113706393567,0.2197932563265787,0.1718953730340645,1,0,3,1.5,0,0,对象评价,未明确对象,未明确方面,正面,LLM语义复核
0,"1=正面,0=中性,-1=负面",正负混合情感,生活区,BV1X75X6rEui,建议可以先把水放好再丢自热包 这样会不会好一点呢？,负面,负面,0.7782244216886015,0.0,0.0440366595848302,0.1777389187265682,0.7782244216886015,1,1,14,0.0,1,0,对象评价,未明确对象,未明确方面,混合,LLM语义复核
-1,"1=正面,0=中性,-1=负面",模型低置信度,生活区,BV1X75X6rEui,不值七十,负面,中性,0.4474184784555911,-1.0,0.1816240910924248,0.4474184784555911,0.370957430451984,0,1,2,-1.0,0,0,对象评价,未明确对象,未明确方面,负面,LLM语义复核
1,"1=正面,0=中性,-1=负面",模型低置信度,生活区,BV1X75X6rEui,我CPA考试通过妙不妙,正面,中性,0.4474512813969747,1.0,0.1591908018358507,0.4474512813969747,0.3933579167671744,1,0,5,1.0,0,0,对象评价,未明确对象,未明确方面,正面,LLM语义复核
-1,"1=正面,0=中性,-1=负面",模型低置信度,生活区,BV1X75X6rEui,晚餐拖后腿了,负面,中性,0.4540422397615795,-1.0,0.1658356945160326,0.4540422397615795,0.3801220657223879,0,1,2,-1.0,0,0,对象评价,未明确对象,未明确方面,负面,LLM语义复核
1,"1=正面,0=中性,-1=负面",模型低置信度,生活区,BV1X75X6rEui,我转专业考试妙不妙,正面,负面,0.4557320286003762,1.0,0.1038589497677258,0.4404090216318979,0.4557320286003762,1,0,5,1.0,0,0,对象评价,未明确对象,未明确方面,正面,LLM语义复核
0,"1=正面,0=中性,-1=负面",模型低置信度,知识区,BV1zrGi6PE9B,错了，开始大一副本,负面,负面,0.4559023056838586,-1.0,0.1272534542449957,0.4168442400711455,0.4559023056838586,0,1,6,-1.0,0,0,对象评价,未明确对象,未明确方面,负面,LLM语义复核
0,"1=正面,0=中性,-1=负面",模型低置信度,生活区,BV1X75X6rEui,这个不是加自来水就可以的吗,正面,正面,0.4569424323956363,1.0,0.4569424323956363,0.344765770236569,0.1982917973677948,1,0,6,1.0,0,0,对象评价,未明确对象,未明确方面,正面,LLM语义复核
1,"1=正面,0=中性,-1=负面",模型低置信度,生活区,BV1X75X6rEui,研究生顺利毕业,正面,负面,0.4592706031331753,1.0,0.4102838932778906,0.130445503588934,0.4592706031331753,1,0,3,1.0,0,0,对象评价,未明确对象,未明确方面,正面,LLM语义复核
1,"1=正面,0=中性,-1=负面",模型低置信度,生活区,BV1X75X6rEui,看你吃的挺开心的,正面,中性,0.4600158852663373,1.0,0.4294272421679661,0.4600158852663373,0.1105568725656966,1,0,4,1.0,0,0,对象评价+自身情绪,未明确对象,未明确方面,正面,LLM语义复核
-1,"1=正面,0=中性,-1=负面",模型低置信度,生活区,BV1X75X6rEui,這個很坑爹，全是廉价货,负面,负面,0.4675168631821966,-1.0,0.2876228692736091,0.2448602675441941,0.4675168631821966,0,1,8,-1.0,0,0,对象评价,未明确对象,未明确方面,负面,LLM语义复核
1,"1=正面,0=中性,-1=负面",模型低置信度,生活区,BV1X75X6rEui,我转专业面试妙不妙,正面,中性,0.4704831250409344,1.0,0.2042479414710351,0.4704831250409344,0.3252689334880306,1,0,5,1.0,0,0,对象评价,未明确对象,未明确方面,正面,LLM语义复核
-1,"1=正面,0=中性,-1=负面",模型低置信度,生活区,BV1X75X6rEui,内心特别痛苦为什么没有早点吃,负面,中性,0.4707259907519597,-1.0,0.0721166975818212,0.4707259907519597,0.4571573116662191,0,1,7,-1.0,0,0,对象评价,未明确对象,未明确方面,负面,LLM语义复核
-1,"1=正面,0=中性,-1=负面",模型低置信度,生活区,BV1X75X6rEui,拉完了,负面,正面,0.4742060226048568,-1.0,0.4742060226048568,0.2548988503024896,0.2708951270926536,0,1,1,-1.0,0,0,对象评价,未明确对象,未明确方面,负面,LLM语义复核
1,"1=正面,0=中性,-1=负面",模型低置信度,生活区,BV1X75X6rEui,这是真不错,正面,中性,0.4781091474886124,1.0,0.389327514547252,0.4781091474886124,0.1325633379641356,1,0,2,1.0,0,0,对象评价,未明确对象,未明确方面,正面,LLM语义复核
1,"1=正面,0=中性,-1=负面",模型低置信度,生活区,BV1X75X6rEui,这个鱼可以的,正面,中性,0.4965101563820996,1.0,0.2980916830056658,0.4965101563820996,0.2053981606122345,1,0,3,1.0,0,0,对象评价,未明确对象,未明确方面,正面,LLM语义复核
0,"1=正面,0=中性,-1=负面",模型低置信度,生活区,BV1X75X6rEui,我一个女生可以吃完,正面,正面,0.5098421626695557,1.0,0.5098421626695557,0.3483757619554481,0.1417820753749961,1,0,4,1.0,0,0,对象评价,未明确对象,未明确方面,正面,LLM语义复核
1,"1=正面,0=中性,-1=负面",模型低置信度,知识区,BV1zrGi6PE9B,高二生在此祝福学长学姐高考顺利啦,正面,正面,0.5131607439439964,1.0,0.5131607439439964,0.3391042696136701,0.1477349864423336,1,0,9,1.0,0,0,对象评价,未明确对象,未明确方面,正面,LLM语义复核
-1,"1=正面,0=中性,-1=负面",模型低置信度,生活区,BV1X75X6rEui,预算不足 警告,负面,中性,0.5162262120192445,-1.0,0.1613981270693986,0.5162262120192445,0.3223756609113568,0,1,3,-1.0,0,0,对象评价,未明确对象,未明确方面,负面,LLM语义复核
1,"1=正面,0=中性,-1=负面",模型低置信度,生活区,BV1X75X6rEui,高级,正面,正面,0.5183304526720298,1.0,0.5183304526720298,0.1433536256863429,0.3383159216416273,1,0,1,1.0,0,0,对象评价,未明确对象,未明确方面,正面,LLM语义复核
-1,"1=正面,0=中性,-1=负面",模型低置信度,生活区,BV1X75X6rEui,？鸡蛋？你被坑了吧,负面,负面,0.5223122513180152,-1.0,0.0233180008971541,0.4543697477848307,0.5223122513180152,0,1,5,-1.0,0,0,对象评价,未明确对象,未明确方面,负面,LLM语义复核
0,"1=正面,0=中性,-1=负面",模型低置信度,生活区,BV1X75X6rEui,你开豪车住别墅天天吃这东西没问题,正面,正面,0.5283272469152007,1.0,0.5283272469152007,0.235412929776196,0.2362598233086033,1,0,8,1.0,0,0,对象评价,未明确对象,未明确方面,正面,LLM语义复核
-1,"1=正面,0=中性,-1=负面",模型低置信度,知识区,BV1zrGi6PE9B,，，，吓死了，为什么标题上写最后一课？,负面,负面,0.5295575600792524,-1.0,0.0954575307418727,0.3749849091788748,0.5295575600792524,0,1,12,-1.0,0,0,对象评价,未明确对象,未明确方面,负面,LLM语义复核
1,"1=正面,0=中性,-1=负面",模型低置信度,生活区,BV1X75X6rEui,太好吃了,正面,正面,0.5321212774706551,1.0,0.5321212774706551,0.094549490545719,0.3733292319836259,1,0,2,1.0,0,0,对象评价,未明确对象,未明确方面,正面,LLM语义复核
0,"1=正面,0=中性,-1=负面",模型低置信度,生活区,BV1X75X6rEui,现在成熟养殖，90一斤,正面,正面,0.5351929471150123,1.0,0.5351929471150123,0.3912245733808634,0.0735824795041242,1,0,6,1.0,0,0,对象评价,未明确对象,未明确方面,正面,LLM语义复核
0,"1=正面,0=中性,-1=负面",模型低置信度,生活区,BV1X75X6rEui,椰子水，我感觉青蓝那个品牌还可以吧,正面,正面,0.5381870154719522,1.0,0.5381870154719522,0.0926470802708616,0.3691659042571861,1,0,9,1.0,0,0,对象评价,未明确对象,未明确方面,正面,LLM语义复核
0,"1=正面,0=中性,-1=负面",模型低置信度,知识区,BV1zrGi6PE9B,吸烟的表示欣慰,正面,正面,0.5394184194767475,1.0,0.5394184194767475,0.3278301982899589,0.1327513822332936,1,0,3,1.0,0,0,对象评价,未明确对象,未明确方面,正面,LLM语义复核
1,"1=正面,0=中性,-1=负面",模型低置信度,生活区,BV1X75X6rEui,早上不错,正面,正面,0.5399230195413611,1.0,0.5399230195413611,0.2744893838507777,0.1855875966078611,1,0,2,1.0,0,0,对象评价,未明确对象,未明确方面,正面,LLM语义复核
1,"1=正面,0=中性,-1=负面",模型低置信度,生活区,BV1X75X6rEui,chuck burry好评,正面,正面,0.5399230195413611,1.0,0.5399230195413611,0.2744893838507777,0.1855875966078611,1,0,2,1.0,0,0,对象评价,未明确对象,未明确方面,正面,LLM语义复核
1,"1=正面,0=中性,-1=负面",模型低置信度,生活区,BV1X75X6rEui,我能开心不,正面,负面,0.545226986968264,1.0,0.2325245785881459,0.22224843444359,0.545226986968264,1,0,3,1.0,0,0,对象评价+自身情绪,未明确对象,未明确方面,正面,LLM语义复核
1,"1=正面,0=中性,-1=负面",模型低置信度,生活区,BV1X75X6rEui,肠胃不好的话，那就让我帮你解决怎么样,正面,中性,0.5466987683842432,1.0,0.3799463514444583,0.5466987683842432,0.0733548801712982,1,0,8,1.0,0,0,对象评价,未明确对象,未明确方面,正面,LLM语义复核
0,"1=正面,0=中性,-1=负面",模型低置信度,生活区,BV1X75X6rEui,这玩意我一个人吃就吃完了,负面,中性,0.5480628684377907,-1.0,0.2677509002849743,0.5480628684377907,0.1841862312772349,0,1,6,-1.0,0,0,对象评价,未明确对象,未明确方面,负面,LLM语义复核
0,"1=正面,0=中性,-1=负面",模型低置信度,生活区,BV1X75X6rEui,这期肯定有甲方,正面,正面,0.5549976616517808,1.0,0.5549976616517808,0.1159229849229428,0.3290793534252764,1,0,4,1.0,0,0,对象评价,未明确对象,未明确方面,正面,LLM语义复核
0,"1=正面,0=中性,-1=负面",模型低置信度,生活区,BV1X75X6rEui,椰子水可以接受,中性,中性,0.5643838929846786,1.0,0.3114888263392704,0.5643838929846786,0.1241272806760509,1,0,4,1.0,0,0,对象评价+立场,未明确对象,未明确方面,正面,LLM语义复核
1,"1=正面,0=中性,-1=负面",模型低置信度,生活区,BV1X75X6rEui,建议可以先把水放好再丢自热包 这样会好一点,正面,负面,0.565749452653617,1.0,0.2159029558443602,0.2183475915020226,0.565749452653617,1,0,12,1.0,0,0,对象评价,未明确对象,未明确方面,正面,LLM语义复核
1,"1=正面,0=中性,-1=负面",模型低置信度,知识区,BV1zrGi6PE9B,成功,正面,正面,0.5677637924497624,1.0,0.5677637924497624,0.2383160105344906,0.193920197015747,1,0,1,1.0,0,0,对象评价,未明确对象,未明确方面,正面,LLM语义复核
1,"1=正面,0=中性,-1=负面",模型低置信度,生活区,BV1X75X6rEui,我工作顺利妙不妙,正面,负面,0.5741237515212497,1.0,0.2142034801260249,0.2116727683527252,0.5741237515212497,1,0,4,1.0,0,0,对象评价,未明确对象,未明确方面,正面,LLM语义复核
0,"1=正面,0=中性,-1=负面",模型低置信度,生活区,BV1X75X6rEui,都东西怎么做到SD90玩关注的,正面,正面,0.5741299600197565,1.0,0.5741299600197565,0.314966249343564,0.1109037906366795,1,0,7,1.0,0,0,对象评价,未明确对象,未明确方面,正面,LLM语义复核
0,"1=正面,0=中性,-1=负面",模型低置信度,生活区,BV1X75X6rEui,痛苦在哪,负面,负面,0.5744139957012087,-1.0,0.0473480441325654,0.3782379601662259,0.5744139957012087,0,1,3,-1.0,0,0,对象评价,未明确对象,未明确方面,负面,LLM语义复核
1,"1=正面,0=中性,-1=负面",模型低置信度,知识区,BV1zrGi6PE9B,我明白了,正面,正面,0.5750253721827835,1.0,0.5750253721827835,0.1959758311174914,0.228998796699725,1,0,1,1.0,0,0,对象评价+认知状态,未明确对象,理解与难度,正面,LLM语义复核
0,"1=正面,0=中性,-1=负面",模型低置信度,生活区,BV1X75X6rEui,我这个是高级盐，不咸,正面,正面,0.5764682814499408,1.0,0.5764682814499408,0.1033994659689883,0.3201322525810708,1,0,5,1.0,0,0,对象评价,未明确对象,未明确方面,正面,LLM语义复核
-1,"1=正面,0=中性,-1=负面",模型低置信度,生活区,BV1X75X6rEui,可以下次不点了,中性,中性,0.5814678488922214,1.0,0.2748411557080456,0.5814678488922214,0.1436909953997331,1,0,3,1.0,0,0,对象评价,未明确对象,未明确方面,正面,LLM语义复核
1,"1=正面,0=中性,-1=负面",模型低置信度,生活区,BV1X75X6rEui,投币给你回点本,正面,正面,0.5829277070987839,1.0,0.5829277070987839,0.2640723594993632,0.1529999334018528,1,0,4,1.0,0,0,对象评价,未明确对象,未明确方面,正面,LLM语义复核
1,"1=正面,0=中性,-1=负面",模型低置信度,生活区,BV1X75X6rEui,直接买菜做火锅，最划算,正面,正面,0.5853342865150566,1.0,0.5853342865150566,0.3144618352943109,0.1002038781906324,1,0,7,1.0,0,0,对象评价,未明确对象,未明确方面,正面,LLM语义复核
-1,"1=正面,0=中性,-1=负面",模型低置信度,生活区,BV1X75X6rEui,油腻？,负面,负面,0.5876093706081594,-1.0,0.0763241010669873,0.3360665283248534,0.5876093706081594,0,1,2,-1.0,0,0,对象评价,未明确对象,未明确方面,负面,LLM语义复核
0,"1=正面,0=中性,-1=负面",含转折且模型不够确定,生活区,BV1X75X6rEui,他自己就是个美食博主，而且对他来说五百块的鱼很贵，但是也没到那种找个大厨的地步，请大厨比这东星斑贵多了,正面,正面,0.4233434834464742,0.0,0.4233434834464742,0.1557113480834396,0.420945168470086,0,0,28,0.0,0,1,无明显情感,讲解者,未明确方面,中性,LLM语义复核
1,"1=正面,0=中性,-1=负面",模型低置信度,知识区,BV1zrGi6PE9B,高三顺利！,正面,正面,0.5917564520434471,1.0,0.5917564520434471,0.2199353982693731,0.1883081496871798,1,0,3,1.0,0,0,对象评价,未明确对象,未明确方面,正面,LLM语义复核
1,"1=正面,0=中性,-1=负面",模型低置信度,知识区,BV1zrGi6PE9B,3年感谢一数,正面,正面,0.5935315245791964,1.0,0.5935315245791964,0.2947672656226986,0.1117012097981048,1,0,4,1.0,0,0,对象评价,未明确对象,未明确方面,正面,LLM语义复核
1,"1=正面,0=中性,-1=负面",模型低置信度,生活区,BV1X75X6rEui,我月考进步一百名妙不妙啊？,正面,正面,0.598295072412082,1.0,0.598295072412082,0.2081414457058807,0.1935634818820372,1,0,7,1.0,0,0,对象评价,未明确对象,未明确方面,正面,LLM语义复核
1,"1=正面,0=中性,-1=负面",模型低置信度,生活区,BV1X75X6rEui,她答应我妙不妙,正面,正面,0.6002205968724071,1.0,0.6002205968724071,0.2527702892518358,0.147009113875757,1,0,3,1.0,0,0,对象评价,未明确对象,未明确方面,正面,LLM语义复核
0,"1=正面,0=中性,-1=负面",模型低置信度,生活区,BV1X75X6rEui,《简单一点》,中性,中性,0.6017328251329896,1.0,0.217656535017292,0.6017328251329896,0.1806106398497182,1,0,2,1.0,0,0,对象评价,未明确对象,理解与难度,正面,LLM语义复核
-1,"1=正面,0=中性,-1=负面",模型低置信度,知识区,BV1zrGi6PE9B,这里ab独立的概率错了吧，卡方上面的那个概率只代表我们的犯错概率吧,负面,负面,0.6103105134403862,-1.0,0.2188713263100639,0.1708181602495498,0.6103105134403862,0,1,15,-1.0,0,0,对象评价,未明确对象,未明确方面,负面,LLM语义复核
0,"1=正面,0=中性,-1=负面",含转折且模型不够确定,知识区,BV1zrGi6PE9B,学是学了，但是高中时期单独出的题都不难,中性,中性,0.4453467014933119,0.0,0.201031163500813,0.4453467014933119,0.353622135005875,0,0,11,0.0,0,1,无明显情感,未明确对象,理解与难度,中性,LLM语义复核
-1,"1=正面,0=中性,-1=负面",模型低置信度,生活区,BV1X75X6rEui,常规自热。。。那不是很难吃吗,负面,负面,0.6199921839970218,-1.0,0.033580986034713,0.346426829968265,0.6199921839970218,0,1,8,-1.0,0,0,对象评价,未明确对象,理解与难度,负面,LLM语义复核
-1,"1=正面,0=中性,-1=负面",模型低置信度,生活区,BV1X75X6rEui,《肠胃不好，不能吃点油腻的》,负面,负面,0.6218056808303647,-1.0,0.1964453604187988,0.1817489587508365,0.6218056808303647,0,1,6,-1.0,0,0,对象评价,未明确对象,未明确方面,负面,LLM语义复核
-1,"1=正面,0=中性,-1=负面",模型低置信度,生活区,BV1X75X6rEui,东星斑盒马只要一百多啊 这也买的太贵了,中性,中性,0.6224493525687373,-1.0,0.1351986229039048,0.6224493525687373,0.2423520245273577,0,1,8,-1.0,0,0,对象评价,未明确对象,未明确方面,负面,LLM语义复核
0,"1=正面,0=中性,-1=负面",模型低置信度,知识区,BV1zrGi6PE9B,拜拜,正面,正面,0.6242347730879941,1.0,0.6242347730879941,0.1356162070340008,0.240149019878005,1,0,1,1.0,0,0,对象评价,未明确对象,未明确方面,正面,LLM语义复核
0,"1=正面,0=中性,-1=负面",含转折且模型不够确定,生活区,BV1X75X6rEui,不过了？,中性,中性,0.4696602819375188,0.0,0.0744541975835851,0.4696602819375188,0.4558855204788961,0,0,2,0.0,0,1,无明显情感,未明确对象,未明确方面,中性,LLM语义复核
1,"1=正面,0=中性,-1=负面",模型低置信度,知识区,BV1zrGi6PE9B,在此致敬！高中课本所有内容结束！,正面,正面,0.6366868250746005,1.0,0.6366868250746005,0.3212849026995617,0.0420282722258377,1,0,10,1.0,0,0,对象评价,未明确对象,未明确方面,正面,LLM语义复核
-1,"1=正面,0=中性,-1=负面",模型低置信度,知识区,BV1zrGi6PE9B,少羽不牛逼。,负面,负面,0.6402210518994466,-1.0,0.16986376426708,0.1899151838334735,0.6402210518994466,0,1,5,-1.0,0,0,对象评价,未明确对象,未明确方面,负面,LLM语义复核
0,"1=正面,0=中性,-1=负面",模型低置信度,生活区,BV1X75X6rEui,感受到了你的痛苦,中性,中性,0.6425637064934901,-1.0,0.1316828909309698,0.6425637064934901,0.2257534025755399,0,1,3,-1.0,0,0,对象评价,未明确对象,未明确方面,负面,LLM语义复核
0,"1=正面,0=中性,-1=负面",模型低置信度,知识区,BV1zrGi6PE9B,支持马刺,正面,正面,0.6434083088729644,1.0,0.6434083088729644,0.1913394246084538,0.1652522665185817,1,0,2,1.0,0,0,对象评价+立场,未明确对象,未明确方面,正面,LLM语义复核
0,"1=正面,0=中性,-1=负面",含转折且模型不够确定,生活区,BV1X75X6rEui,但是这个世界上好像不存在无机蔬菜耶,正面,正面,0.481501108984624,0.0,0.481501108984624,0.3821039390131804,0.1363949520021954,0,0,10,0.0,0,1,无明显情感,未明确对象,未明确方面,中性,LLM语义复核
1,"1=正面,0=中性,-1=负面",模型低置信度,生活区,BV1X75X6rEui,已投币回血,正面,正面,0.6508773605228863,1.0,0.6508773605228863,0.2048603118377178,0.1442623276393958,1,0,3,1.0,0,0,对象评价,未明确对象,未明确方面,正面,LLM语义复核
0,"1=正面,0=中性,-1=负面",中性结果含情感词,生活区,BV1X75X6rEui,我1个人吃完了…,中性,中性,0.6789102046216879,-1.0,0.1659220040744688,0.6789102046216879,0.1551677913038431,0,1,4,-1.0,0,0,对象评价,未明确对象,未明确方面,负面,LLM语义复核
-1,"1=正面,0=中性,-1=负面",模型低置信度,生活区,BV1X75X6rEui,这70块我不如吃只烧鸡,中性,负面,0.3464776412858682,0.0,0.333090889047934,0.3204314696661978,0.3464776412858682,0,0,6,0.0,0,0,无明显情感,未明确对象,未明确方面,中性,LLM语义复核
-1,"1=正面,0=中性,-1=负面",中性结果含情感词,生活区,BV1X75X6rEui,半熟蛋拉完了,中性,中性,0.6799767077029227,-1.0,0.2075149819804566,0.6799767077029227,0.1125083103166206,0,1,3,-1.0,0,0,对象评价,未明确对象,未明确方面,负面,LLM语义复核
-1,"1=正面,0=中性,-1=负面",模型低置信度,生活区,BV1X75X6rEui,这个是真奢侈,中性,正面,0.3520518346616286,0.0,0.3520518346616286,0.3127400532472895,0.3352081120910818,0,0,3,0.0,0,0,无明显情感,未明确对象,未明确方面,中性,LLM语义复核
0,"1=正面,0=中性,-1=负面",模型低置信度,知识区,BV1zrGi6PE9B,2026年6月3日晚上8:42,中性,正面,0.3531423455759089,0.0,0.3531423455759089,0.3407865385147374,0.3060711159093536,0,0,8,0.0,0,0,无明显情感,未明确对象,未明确方面,中性,LLM语义复核
-1,"1=正面,0=中性,-1=负面",含转折且模型不够确定,生活区,BV1X75X6rEui,师傅现在只是在杀鱼，一会儿看见你不在会杀你的,负面,负面,0.5225168130407869,0.0,0.1218430144012149,0.3556401725579983,0.5225168130407869,0,0,13,0.0,0,1,无明显情感,未明确对象,未明确方面,中性,LLM语义复核
1,"1=正面,0=中性,-1=负面",模型低置信度,知识区,BV1zrGi6PE9B,25年最十课说不想见到我，今年复读见证历史来听最后一课了,正面,正面,0.355901837935352,0.0,0.355901837935352,0.2954026545327134,0.3486955075319345,0,0,16,0.0,0,0,无明显情感,未明确对象,未明确方面,中性,LLM语义复核
