partition,bvid,text,pred_label,pred_raw_label,model_confidence,prob_positive,prob_neutral,prob_negative,lexicon_score,pos_cnt,neg_cnt,manual_override,manual_label
学习区,BV1Kr4y1i7ru,先把饼画起来,中性,中性,0.7857614084269596,0.11128127787638419,0.7857614084269596,0.10295731369665619,0.0,0,0,False,
学习区,BV1Kr4y1i7ru,狗锋打卡,中性,中性,0.8648756252000337,0.09843396327728719,0.8648756252000337,0.03669041152267921,0.0,0,0,False,
学习区,BV1Kr4y1i7ru,会计来卷了,中性,中性,0.7693048844437622,0.08977369866477497,0.7693048844437622,0.14092141689146276,0.0,0,0,False,
学习区,BV1Kr4y1i7ru,小加打卡,中性,中性,0.8648756252000337,0.09843396327728719,0.8648756252000337,0.03669041152267921,0.0,0,0,False,
学习区,BV1Kr4y1i7ru,下羽了喵打卡,中性,中性,0.8352371900669749,0.11173134355935105,0.8352371900669749,0.053031466373674056,0.0,0,0,False,
学习区,BV1Kr4y1i7ru,1.5倍有出现孙悟空,中性,中性,0.5447992578386727,0.30815119899366006,0.5447992578386727,0.14704954316766727,0.0,0,0,True,0.0
学习区,BV1Kr4y1i7ru,计科来了,中性,中性,0.8259910777130326,0.0852228718358597,0.8259910777130326,0.08878605045110774,0.0,0,0,False,
学习区,BV1Kr4y1i7ru,吕德华实名打卡,中性,中性,0.8940092455123243,0.06274958002026938,0.8940092455123243,0.043241174467406385,0.0,0,0,False,
学习区,BV1Kr4y1i7ru,发型很正确,中性,正面,0.7447943855593872,0.7447943855593872,0.21554005878396776,0.03966555565664514,2.5,2,0,True,0.0
学习区,BV1Kr4y1i7ru,为了让事务存储迎请缩影优化所就是一种重要的我形式,中性,中性,0.6916891652760507,0.0927016880538905,0.6916891652760507,0.21560914667005876,0.0,0,0,True,0.0
学习区,BV1Kr4y1i7ru,产品经理来卷了,中性,中性,0.7898699150943224,0.09505670388053819,0.7898699150943224,0.11507338102513948,0.0,0,0,False,
学习区,BV1Kr4y1i7ru,梦开始的地方,中性,中性,0.8068594079683603,0.09955736032330806,0.8068594079683603,0.0935832317083316,0.0,0,0,False,
学习区,BV1Kr4y1i7ru,《Circle语言》,中性,中性,0.8942226363979479,0.05619816869850194,0.8942226363979479,0.04957919490355009,0.0,0,0,False,
学习区,BV1Kr4y1i7ru,机械来卷,中性,中性,0.8186617803670244,0.08709702648830206,0.8186617803670244,0.09424119314467365,0.0,0,0,False,
学习区,BV1Kr4y1i7ru,好像每个老师都这么讲,中性,中性,0.4958748352431504,0.2364259605929506,0.4958748352431504,0.267699204163899,0.0,0,0,True,0.0
学习区,BV1Kr4y1i7ru,c++来卷,中性,中性,0.8322675277189645,0.08372173049735036,0.8322675277189645,0.08401074178368521,0.0,0,0,False,
学习区,BV1Kr4y1i7ru,Java第20期+Day14+小节数61-65 打卡内容：系统学习了SQL中的InnoDB、MyISAM和Memory引擎以及Linux下安装MySQL,中性,负面,0.45199853544948104,0.16554801955304085,0.382453444997478,0.45199853544948104,1.0,2,1,True,0.0
学习区,BV1Kr4y1i7ru,和老师隔了一层壁 完全听不懂他在说什么 跑过来自学,中性,中性,0.6458610173368293,0.1430598420309156,0.6458610173368293,0.21107914063225508,-2.0,0,2,True,0.0
学习区,BV1Kr4y1i7ru,江苏科技大学邱梓涵实名开卷,中性,中性,0.7576286477383122,0.11866762038590656,0.7576286477383122,0.12370373187578121,0.0,0,0,False,
学习区,BV1Kr4y1i7ru,南理工绝凶猛虎旺打卡,中性,中性,0.8328659210130474,0.11165996793261115,0.8328659210130474,0.05547411105434158,0.0,0,0,False,
学习区,BV1Kr4y1i7ru,杰哥实名开卷,中性,中性,0.8741544361522965,0.06236538735141872,0.8741544361522965,0.0634801764962848,0.0,0,0,False,
学习区,BV1Kr4y1i7ru,双体软件精英成员学院打卡,中性,中性,0.7696543832528687,0.10740059790960921,0.7696543832528687,0.12294501883752194,0.0,0,0,False,
学习区,BV1Kr4y1i7ru,全民制作人，大家好，你是练习时常两年半的个人练习生,中性,中性,0.4279774604612217,0.24304010057374953,0.4279774604612217,0.3289824389650289,1.0,1,0,True,0.0
学习区,BV1Kr4y1i7ru,学完这个课能拿捏学校的数据库原理与运用不,中性,中性,0.6650246271645576,0.10732985115380929,0.6650246271645576,0.2276455216816331,0.0,0,0,True,0.0
学习区,BV1Kr4y1i7ru,大家好，我是学数学的,中性,负面,0.6897271302766612,0.10641242760603248,0.2038604421173062,0.6897271302766612,1.0,1,0,True,0.0
学习区,BV1Kr4y1i7ru,My SQL和SQL server一样吗,中性,中性,0.7747452547500919,0.0804477194969739,0.7747452547500919,0.14480702575293433,0.0,0,0,False,
学习区,BV1Kr4y1i7ru,嘿吗成旭员,中性,中性,0.8080999035536418,0.10904297942493014,0.8080999035536418,0.08285711702142809,0.0,0,0,False,
学习区,BV1Kr4y1i7ru,索隆打卡,中性,中性,0.8648756252000337,0.09843396327728719,0.8648756252000337,0.03669041152267921,0.0,0,0,False,
学习区,BV1Kr4y1i7ru,蔡徐坤实名学习,中性,中性,0.9069907363186447,0.03910992646195956,0.9069907363186447,0.053899337219395826,0.0,0,0,False,
学习区,BV1Kr4y1i7ru,开卷开卷,中性,中性,0.7542388654734072,0.11822899253641146,0.7542388654734072,0.12753214199018126,0.0,0,0,False,
学习区,BV1Kr4y1i7ru,白熊打卡,中性,中性,0.8648756252000337,0.09843396327728719,0.8648756252000337,0.03669041152267921,0.0,0,0,False,
学习区,BV1Kr4y1i7ru,大家好，开启第二遍，我是卷王,中性,负面,0.800802764710028,0.07718326425187384,0.1220139710380981,0.800802764710028,1.0,1,0,True,0.0
学习区,BV1Kr4y1i7ru,刚失恋，2点十分开始学习,中性,中性,0.7548912012895912,0.06548697755519618,0.7548912012895912,0.1796218211552127,0.0,0,0,False,
学习区,BV1Kr4y1i7ru,测试来卷了,中性,中性,0.8069086703582866,0.09194776903005528,0.8069086703582866,0.10114356061165818,0.0,0,0,False,
学习区,BV1Kr4y1i7ru,一杯咖啡，一条烟，一个视频看一天（1）,中性,中性,0.6436980411193698,0.1182945813684237,0.6436980411193698,0.2380073775122066,0.0,0,0,True,0.0
学习区,BV1Kr4y1i7ru,B站不就是用go语言写的,中性,中性,0.7097386860262788,0.11283185634256582,0.7097386860262788,0.17742945763115542,0.0,0,0,True,0.0
学习区,BV1Kr4y1i7ru,42个好兄弟,中性,正面,0.672655858442623,0.672655858442623,0.20168414454126177,0.12565999701611522,1.0,1,0,True,0.0
学习区,BV1Kr4y1i7ru,2022630,中性,中性,0.8647928353272761,0.07165701649466584,0.8647928353272761,0.06355014817805814,0.0,0,0,False,
学习区,BV1Kr4y1i7ru,我董可行实名开卷,中性,中性,0.8477510589535008,0.05649908838825642,0.8477510589535008,0.09574985265824286,0.0,0,0,False,
学习区,BV1Kr4y1i7ru,这个老师把 “的” 读 “哒”,中性,中性,0.5110526249533489,0.3004493931177542,0.5110526249533489,0.1884979819288968,0.0,0,0,True,0.0
学习区,BV1Kr4y1i7ru,江农王映龙打卡,中性,中性,0.8444154111771325,0.10719343630906746,0.8444154111771325,0.04839115251380009,0.0,0,0,False,
学习区,BV1Kr4y1i7ru,与教python不是一个人,中性,中性,0.7581118240254611,0.1036885345121107,0.7581118240254611,0.13819964146242808,0.0,0,0,True,0.0
学习区,BV1Kr4y1i7ru,时崎狂三打卡,中性,中性,0.8393472786084568,0.1060887594994529,0.8393472786084568,0.05456396189209036,0.0,0,0,False,
学习区,BV1Kr4y1i7ru,烟台南山学院胡硕洋实名开卷,中性,中性,0.8240700005350088,0.07020923658832018,0.8240700005350088,0.10572076287667098,0.0,0,0,False,
学习区,BV1Kr4y1i7ru,....0000000000000000,中性,中性,0.7510025878487914,0.12918195469296553,0.7510025878487914,0.11981545745824305,0.0,0,0,False,
学习区,BV1Kr4y1i7ru,2024年11月2日20:44:38   53人,中性,中性,0.7822245544508383,0.08755122378398081,0.7822245544508383,0.13022422176518078,0.0,0,0,False,
学习区,BV1Kr4y1i7ru,应统的来了。。。。。。。。。。,中性,中性,0.7155519940489653,0.1217680304641442,0.7155519940489653,0.16267997548689045,0.0,0,0,False,
学习区,BV1Kr4y1i7ru,"399,你值得拥有",中性,中性,0.6786293921360766,0.27788737745357767,0.6786293921360766,0.043483230410345665,2.0,2,0,True,0.0
学习区,BV1Kr4y1i7ru,姗姗打卡,中性,中性,0.8648756252000337,0.09843396327728719,0.8648756252000337,0.03669041152267921,0.0,0,0,False,
学习区,BV1Kr4y1i7ru,不败小强杨振来也,中性,中性,0.6486895181119822,0.12809459552993854,0.6486895181119822,0.2232158863580793,0.0,0,0,True,0.0
学习区,BV1Kr4y1i7ru,这是什么招聘软件,中性,中性,0.7566838213747155,0.11115277592677576,0.7566838213747155,0.1321634026985089,0.0,0,0,False,
学习区,BV1Kr4y1i7ru,尚云打卡,中性,中性,0.8648756252000337,0.09843396327728719,0.8648756252000337,0.03669041152267921,0.0,0,0,False,
学习区,BV1Kr4y1i7ru,大二学习这玩意好像有点晚了,中性,中性,0.8836340456862501,0.06858524118645674,0.8836340456862501,0.047780713127293095,0.0,0,0,False,
学习区,BV1Kr4y1i7ru,潍坊职业学院吴兆从实名开卷，爱谁谁！,中性,中性,0.6393451812128368,0.24855129041441,0.6393451812128368,0.11210352837275316,1.0,1,0,True,0.0
学习区,BV1Kr4y1i7ru,致死量弹幕,中性,中性,0.6858265117453474,0.24238378596033203,0.6858265117453474,0.07178970229432055,0.0,0,0,False,
学习区,BV1Kr4y1i7ru,增删改查,中性,中性,0.7936932455773729,0.13459296462441397,0.7936932455773729,0.07171378979821318,0.0,0,0,False,
学习区,BV1Kr4y1i7ru,黄景铭实名开卷,中性,中性,0.8622551728937137,0.06496831915341764,0.8622551728937137,0.0727765079528687,0.0,0,0,False,
学习区,BV1Kr4y1i7ru,想成为一个合格的程序员要懂得语言语言需要靠拿证,中性,中性,0.5952664348084614,0.0958326519558193,0.5952664348084614,0.3089009132357194,0.0,0,0,True,0.0
学习区,BV1Kr4y1i7ru,大三了，来复习,中性,中性,0.7012054649334077,0.07479351494275888,0.7012054649334077,0.2240010201238334,0.0,0,0,False,
学习区,BV1Kr4y1i7ru,我张玉璇实名开卷,中性,中性,0.8477510589535008,0.05649908838825642,0.8477510589535008,0.09574985265824286,0.0,0,0,False,
学习区,BV1Kr4y1i7ru,邓炜晋实名开卷,中性,中性,0.8741544361522965,0.06236538735141872,0.8741544361522965,0.0634801764962848,0.0,0,0,False,
学习区,BV1Kr4y1i7ru,黄淮学院王龠淼实名学习,中性,中性,0.8584914400749036,0.04843079698606498,0.8584914400749036,0.09307776293903135,0.0,0,0,False,
学习区,BV1Kr4y1i7ru,计科231彭祥实名观看,中性,中性,0.8329947672682176,0.07622710643844982,0.8329947672682176,0.09077812629333246,0.0,0,0,False,
学习区,BV1Kr4y1i7ru,黑马程序元,中性,中性,0.5364004114648555,0.2897149449721641,0.5364004114648555,0.17388464356298045,0.0,0,0,True,0.0
学习区,BV1Kr4y1i7ru,李宗恒实名学习,中性,中性,0.9157849677581418,0.03739101842517558,0.9157849677581418,0.04682401381668266,0.0,0,0,False,
学习区,BV1Kr4y1i7ru,我王义普实名开卷,中性,中性,0.8477510589535008,0.05649908838825642,0.8477510589535008,0.09574985265824286,0.0,0,0,False,
学习区,BV1Kr4y1i7ru,SQL是一门语言 全称结构化查询语言 是操作关系型数据库的一门语言 所有的关系型数据库软件都是基于SQL语言的,中性,中性,0.5162156679725313,0.19611086633204788,0.5162156679725313,0.2876734656954208,0.0,0,0,True,0.0
学习区,BV1Kr4y1i7ru,2023/12/14_16:21 岳灵珊1天到此一游_1,中性,中性,0.7178020214317418,0.15139931177191604,0.7178020214317418,0.13079866679634214,0.0,0,0,False,
学习区,BV1Kr4y1i7ru,优化会有有个深刻人士’,中性,中性,0.5804885973357075,0.1729933302570482,0.5804885973357075,0.24651807240724433,1.0,1,0,True,0.0
学习区,BV1Kr4y1i7ru,这头发认真的吗,中性,正面,0.5551971549703079,0.5551971549703079,0.39593230233619986,0.04887054269349227,2.0,2,0,True,0.0
学习区,BV1Kr4y1i7ru,2222计科2班艾道磊在线打卡,中性,中性,0.6850959161952439,0.16889417619852112,0.6850959161952439,0.146009907606235,0.0,0,0,False,
学习区,BV1Kr4y1i7ru,会计来卷,中性,中性,0.7773388540591786,0.08679355319287461,0.7773388540591786,0.13586759274794688,0.0,0,0,False,
学习区,BV1Kr4y1i7ru,小城里的人打卡,中性,中性,0.7615766158667668,0.17465461707368282,0.7615766158667668,0.06376876705955045,0.0,0,0,False,
学习区,BV1Kr4y1i7ru,大家好，我叫叶李欣,中性,中性,0.37516623015057704,0.295534982236717,0.37516623015057704,0.3292987876127061,1.0,1,0,True,0.0
学习区,BV1Kr4y1i7ru,土木老哥来了,中性,中性,0.9097863424833141,0.03761826283928772,0.9097863424833141,0.05259539467739812,0.0,0,0,False,
学习区,BV1Kr4y1i7ru,听到这里感觉看完立马能上岗了,中性,中性,0.7683984021935031,0.0932252757809253,0.7683984021935031,0.13837632202557165,0.0,0,0,False,
学习区,BV1Kr4y1i7ru,原来我已经一名数据库超级工程师了,中性,中性,0.7051989930315121,0.19389987139547996,0.7051989930315121,0.10090113557300799,0.0,0,0,True,0.0
学习区,BV1Kr4y1i7ru,道合打卡,中性,中性,0.8648756252000337,0.09843396327728719,0.8648756252000337,0.03669041152267921,0.0,0,0,False,
学习区,BV1Kr4y1i7ru,2023年8月05日开始学习，预计年底之前完成学习,中性,中性,0.6217805460412769,0.172664113352057,0.6217805460412769,0.20555534060666628,2.0,2,0,True,0.0
学习区,BV1Kr4y1i7ru,精通C++,中性,中性,0.7546043327538364,0.12426009043930168,0.7546043327538364,0.12113557680686185,0.0,0,0,False,
学习区,BV1Kr4y1i7ru,99个人,中性,中性,0.7624707210036668,0.12652907268356006,0.7624707210036668,0.11100020631277317,0.0,0,0,False,
学习区,BV1Kr4y1i7ru,看完目录=学会,中性,中性,0.6228801163920755,0.31183201352080414,0.6228801163920755,0.06528787008712052,2.0,2,0,True,0.0
学习区,BV1Kr4y1i7ru,悟空是你吗,中性,中性,0.7734593573392178,0.16089066491903245,0.7734593573392178,0.06564997774174962,0.0,0,0,False,
学习区,BV1Kr4y1i7ru,2023/7/3,中性,中性,0.8376117326583686,0.08916522371335528,0.8376117326583686,0.07322304362827617,0.0,0,0,False,
学习区,BV1Kr4y1i7ru,嘉应学院,中性,中性,0.767444060419348,0.1138127698150683,0.767444060419348,0.11874316976558372,0.0,0,0,False,
学习区,BV1Kr4y1i7ru,学Python路过,中性,中性,0.8152982575034271,0.08597195094242928,0.8152982575034271,0.0987297915541436,0.0,0,0,False,
学习区,BV1Kr4y1i7ru,大家好我是建筑行业的,中性,中性,0.5614582644950733,0.1965847550680415,0.5614582644950733,0.24195698043688524,1.0,1,0,True,0.0
学习区,BV1Kr4y1i7ru,土木工程来加个技能,中性,中性,0.8548372585021589,0.0563721079383806,0.8548372585021589,0.08879063355946049,0.0,0,0,False,
学习区,BV1Kr4y1i7ru,我听到了猴哥的声音，然后打开了弹幕,中性,中性,0.4506301625043706,0.1805853863031039,0.4506301625043706,0.36878445119252556,0.0,0,0,True,0.0
学习区,BV1Kr4y1i7ru,有23年学习的吗,中性,中性,0.8756647819786071,0.041927795970718225,0.8756647819786071,0.08240742205067464,0.0,0,0,False,
学习区,BV1Kr4y1i7ru,现在我就是MySQL boy,中性,中性,0.8213669199563852,0.05102463944030855,0.8213669199563852,0.12760844060330626,0.0,0,0,False,
学习区,BV1Kr4y1i7ru,江软许晨阳实名观看,中性,中性,0.8527626561869668,0.06988749925728494,0.8527626561869668,0.07734984455574825,0.0,0,0,False,
学习区,BV1Kr4y1i7ru,我面试 应聘者的时候，问的数据库问题，基本都不会，我最后随便选了一个看着顺眼的,中性,中性,0.7499285732559335,0.1432930572847231,0.7499285732559335,0.10677836945934331,-4.0,2,6,True,0.0
学习区,BV1Kr4y1i7ru,网络工程的来了,中性,中性,0.8965400388049828,0.04852018739434245,0.8965400388049828,0.05493977380067479,0.0,0,0,False,
学习区,BV1Kr4y1i7ru,打卡第一天 看看我能学多少,中性,中性,0.8235239001671774,0.07061418539721204,0.8235239001671774,0.10586191443561063,0.0,0,0,False,
学习区,BV1Kr4y1i7ru,不 hr根本分不清什么是运维 你都要会,中性,中性,0.39851740904498384,0.3010241424322755,0.39851740904498384,0.3004584485227408,1.0,1,0,True,0.0
学习区,BV1Kr4y1i7ru,我余豪杰实名签到,中性,中性,0.8527626561869668,0.06988749925728494,0.8527626561869668,0.07734984455574825,0.0,0,0,False,
学习区,BV1Kr4y1i7ru,千峰路过,中性,中性,0.8296110889459817,0.08205970931274416,0.8296110889459817,0.08832920174127425,0.0,0,0,False,
学习区,BV1Kr4y1i7ru,梦想开始的地方,中性,中性,0.8068594079683603,0.09955736032330806,0.8068594079683603,0.0935832317083316,0.0,0,0,False,
学习区,BV1Kr4y1i7ru,北京114514期,中性,中性,0.8039347204092502,0.09529410176829256,0.8039347204092502,0.10077117782245706,0.0,0,0,False,
学习区,BV1Kr4y1i7ru,实施工程师,中性,中性,0.8821010526251933,0.055624654318319436,0.8821010526251933,0.062274293056487205,0.0,0,0,False,
学习区,BV1Kr4y1i7ru,早上八点，55人,中性,负面,0.4240766789752894,0.16049264433845425,0.41543067668625644,0.4240766789752894,0.0,0,0,True,0.0
学习区,BV1Kr4y1i7ru,梦开始的地方！,中性,中性,0.7998995195952284,0.16803931532974004,0.7998995195952284,0.03206116507503164,0.0,0,0,False,
学习区,BV1Kr4y1i7ru,都别卷了累坏了怎么办？这个饭碗还是给我吧。,中性,负面,0.7323403544764824,0.03178218233577832,0.2358774631877393,0.7323403544764824,-1.0,0,1,True,0.0
学习区,BV1Kr4y1i7ru,被迫来学习,中性,中性,0.8672030984225192,0.04678721476676091,0.8672030984225192,0.08600968681071973,0.0,0,0,False,
学习区,BV1Kr4y1i7ru,幼儿园小班班长前前来内卷,中性,中性,0.724167096419347,0.11353830822610306,0.724167096419347,0.16229459535455004,-1.0,0,1,True,0.0
学习区,BV1Kr4y1i7ru,新乡学院打卡,中性,中性,0.8288740085884613,0.09554689630177766,0.8288740085884613,0.07557909510976113,0.0,0,0,False,
学习区,BV1Kr4y1i7ru,孙悟空孙悟空孙悟空孙悟空孙悟空孙悟空,中性,中性,0.6726140307828932,0.1945123548168125,0.6726140307828932,0.13287361440029435,0.0,0,0,True,0.0
学习区,BV1Kr4y1i7ru,金融专业的来了,中性,中性,0.5214217301280881,0.34853476715543924,0.5214217301280881,0.13004350271647255,2.0,2,0,True,0.0
学习区,BV1Kr4y1i7ru,胡玉清韩永强别卷了我遭不住了,中性,中性,0.6578956334419543,0.18957811535503313,0.6578956334419543,0.1525262512030126,0.0,0,0,True,0.0
学习区,BV1Kr4y1i7ru,我烽火戏诸侯打卡,中性,中性,0.8162882676958699,0.07885479552442302,0.8162882676958699,0.10485693677970703,0.0,0,0,False,
学习区,BV1Kr4y1i7ru,C++的学这个有用不,中性,中性,0.5005230929657495,0.20917966439101998,0.5005230929657495,0.2902972426432304,2.0,2,0,True,0.0
学习区,BV1Kr4y1i7ru,sql事物,中性,中性,0.7686868814807198,0.17342079984518802,0.7686868814807198,0.057892318674092176,0.0,0,0,False,
学习区,BV1Kr4y1i7ru,老师 你会mysql吗,中性,中性,0.6409248918437265,0.25981754334016693,0.6409248918437265,0.09925756481610658,1.0,1,0,True,0.0
学习区,BV1Kr4y1i7ru,前端来咯,中性,中性,0.8152579739697948,0.07589951549509888,0.8152579739697948,0.10884251053510634,0.0,0,0,False,
学习区,BV1Kr4y1i7ru,一个只有一个月就实习了的大专生来陪你看,中性,中性,0.810104452922759,0.088446714325913,0.810104452922759,0.10144883275132807,0.0,0,0,False,
学习区,BV1Kr4y1i7ru,前端来卷,中性,中性,0.8186617803670244,0.08709702648830206,0.8186617803670244,0.09424119314467365,0.0,0,0,False,
学习区,BV1Kr4y1i7ru,豪，你来了,中性,中性,0.8683923660983591,0.045347625739317866,0.8683923660983591,0.08626000816232295,0.0,0,0,False,
学习区,BV1Kr4y1i7ru,张金亮别卷了,中性,中性,0.8091841482398588,0.10190312204945019,0.8091841482398588,0.08891272971069096,0.0,0,0,False,
学习区,BV1Kr4y1i7ru,土木来卷,中性,中性,0.8186617803670244,0.08709702648830206,0.8186617803670244,0.09424119314467365,0.0,0,0,False,
学习区,BV1Kr4y1i7ru,金扬到此一阅，哇哈哈,中性,正面,0.46014900745555404,0.46014900745555404,0.4135565544453519,0.1262944380990939,2.0,2,0,True,0.0
学习区,BV1Kr4y1i7ru,设计小赵前来报到,中性,中性,0.6834127344203259,0.14304469467575875,0.6834127344203259,0.17354257090391537,0.0,0,0,False,
学习区,BV1Kr4y1i7ru,137.。。,中性,中性,0.8175166897130142,0.11178790397333878,0.8175166897130142,0.070695406313647,0.0,0,0,False,
学习区,BV1Kr4y1i7ru,有个问题，为什么黑马啥都会,中性,中性,0.6576103974548071,0.18056393739528884,0.6576103974548071,0.161825665149904,-1.0,1,2,True,0.0
学习区,BV1Kr4y1i7ru,21级物联网技术应用16打卡！,中性,中性,0.7218611658149611,0.17951633122074417,0.7218611658149611,0.09862250296429474,0.0,0,0,True,0.0
学习区,BV1Kr4y1i7ru,弹幕呢,中性,中性,0.7019006727662449,0.23488462496228155,0.7019006727662449,0.06321470227147338,0.0,0,0,False,
学习区,BV1Kr4y1i7ru,c++来了，有用不,中性,中性,0.6779798780572307,0.18831303815319936,0.6779798780572307,0.1337070837895698,2.0,2,0,True,0.0
学习区,BV1Kr4y1i7ru,2022/8/15路过,中性,中性,0.8576884000972023,0.08043680339318701,0.8576884000972023,0.06187479650961078,0.0,0,0,False,
学习区,BV1Kr4y1i7ru,江哥来打卡了,中性,中性,0.8957683899728144,0.060952562093958544,0.8957683899728144,0.043279047933227136,0.0,0,0,False,
学习区,BV1Kr4y1i7ru,好像猴哥在讲课啊,中性,中性,0.5151558661066896,0.20046250240119284,0.5151558661066896,0.2843816314921176,0.0,0,0,True,0.0
学习区,BV1Kr4y1i7ru,第一遍学习可以看完基础篇先学后面的，等到学完框架再回来看进阶吗,中性,中性,0.4520002384999376,0.1718176431273802,0.4520002384999376,0.3761821183726821,2.0,2,0,True,0.0
学习区,BV1Kr4y1i7ru,成功并不难，因为很多人在路上就倒下了。,中性,中性,0.4949367897968651,0.2819341554468524,0.4949367897968651,0.2231290547562823,2.0,2,0,True,0.0
学习区,BV1Kr4y1i7ru,只会数据库可以找什么工作,中性,中性,0.4245831976380046,0.3471122939356475,0.4245831976380046,0.2283045084263479,2.0,2,0,True,0.0
学习区,BV1Kr4y1i7ru,7.4展宸冲冲冲,中性,正面,0.5292300317770701,0.5292300317770701,0.37290378519842954,0.09786618302450054,2.0,2,0,True,0.0
学习区,BV1Kr4y1i7ru,安理工邓思怡打卡,中性,中性,0.7098996103683421,0.24297433476766042,0.7098996103683421,0.0471260548639974,1.0,1,0,True,0.0
学习区,BV1Kr4y1i7ru,2026-5-12日，有人吗,中性,中性,0.8333629560667803,0.06243457736086185,0.8333629560667803,0.1042024665723577,0.0,0,0,False,
学习区,BV1Kr4y1i7ru,53个人看,中性,中性,0.7662350647956331,0.11845025575617464,0.7662350647956331,0.11531467944819233,0.0,0,0,False,
学习区,BV1Kr4y1i7ru,53,中性,中性,0.780806220887472,0.11031221879339648,0.780806220887472,0.10888156031913149,0.0,0,0,False,
学习区,BV1Kr4y1i7ru,打卡 2026年4 28,中性,中性,0.8846940153151259,0.06319179939920594,0.8846940153151259,0.05211418528566816,0.0,0,0,False,
学习区,BV1Kr4y1i7ru,打卡,中性,中性,0.8739227864349505,0.09417898660672072,0.8739227864349505,0.031898226958328835,0.0,0,0,False,
学习区,BV1Kr4y1i7ru,2026年4月15日20:59:20,中性,中性,0.8745162009856841,0.04510007399163918,0.8745162009856841,0.08038372502267688,0.0,0,0,False,
学习区,BV1Kr4y1i7ru,来了来了,中性,中性,0.9183653847243151,0.03595542819346075,0.9183653847243151,0.04567918708222414,0.0,0,0,False,
学习区,BV1Kr4y1i7ru,26.3.31,中性,中性,0.7605767109748316,0.11436664341031941,0.7605767109748316,0.12505664561484903,0.0,0,0,False,
学习区,BV1Kr4y1i7ru,2026,中性,中性,0.8777445187872436,0.06220275550814722,0.8777445187872436,0.0600527257046092,0.0,0,0,False,
学习区,BV1Kr4y1i7ru,打卡1      3.31,中性,中性,0.8224491718287642,0.12903458451611138,0.8224491718287642,0.0485162436551244,0.0,0,0,False,
学习区,BV1Kr4y1i7ru,吴鑫鑫到此一游,中性,中性,0.7020043600393049,0.143157819585164,0.7020043600393049,0.15483782037553118,0.0,0,0,False,
学习区,BV1Kr4y1i7ru,2026年3月27号,中性,中性,0.8512872029821659,0.05410080751044243,0.8512872029821659,0.09461198950739187,0.0,0,0,False,
学习区,BV1Kr4y1i7ru,数据库系统概论,中性,中性,0.6170383916904318,0.3316194975293562,0.6170383916904318,0.05134211078021195,1.0,1,0,True,0.0
学习区,BV1Kr4y1i7ru,我广州华立学院实名开卷,中性,中性,0.8245931301395298,0.05977671283100404,0.8245931301395298,0.11563015702946614,0.0,0,0,False,
学习区,BV1Kr4y1i7ru,第二遍了。,中性,中性,0.7777997609352426,0.12124580129041873,0.7777997609352426,0.10095443777433874,0.0,0,0,False,
学习区,BV1Kr4y1i7ru,高中生学习中,中性,中性,0.8627835731863694,0.04844225464467416,0.8627835731863694,0.08877417216895636,0.0,0,0,False,
学习区,BV1Kr4y1i7ru,其实看完现实中也没人要,中性,中性,0.7523573360085518,0.08957355488805221,0.7523573360085518,0.1580691091033961,0.0,0,0,False,
学习区,BV1Kr4y1i7ru,没接触过，来报道！,中性,中性,0.6557700027577164,0.20295545727838746,0.6557700027577164,0.14127453996389613,0.0,0,0,True,0.0
学习区,BV1Kr4y1i7ru,今日打卡,中性,中性,0.8648756252000337,0.09843396327728719,0.8648756252000337,0.03669041152267921,0.0,0,0,False,
学习区,BV1Kr4y1i7ru,各位卷王大家好，今天是2026年3.12,中性,中性,0.5964553418449314,0.23852346980056893,0.5964553418449314,0.16502118835449958,1.0,1,0,True,0.0
学习区,BV1Kr4y1i7ru,2026年3月12下午6点大家好,中性,中性,0.5739936156759471,0.3253499135497461,0.5739936156759471,0.10065647077430667,2.0,2,0,True,0.0
学习区,BV1Kr4y1i7ru,111,中性,中性,0.8143053661296926,0.10221028901506363,0.8143053661296926,0.08348434485524384,0.0,0,0,False,
学习区,BV1Kr4y1i7ru,我李朋林实名开卷,中性,中性,0.8618594165079246,0.054387508777325864,0.8618594165079246,0.08375307471474949,0.0,0,0,False,
学习区,BV1Kr4y1i7ru,我沈磊实名开卷,中性,中性,0.8618594165079246,0.054387508777325864,0.8618594165079246,0.08375307471474949,0.0,0,0,False,
学习区,BV1Kr4y1i7ru,还要学SQL语言,中性,中性,0.8602809590405557,0.085853043022853,0.8602809590405557,0.05386599793659139,0.0,0,0,False,
学习区,BV1Kr4y1i7ru,软工来了,中性,中性,0.8259910777130326,0.0852228718358597,0.8259910777130326,0.08878605045110774,0.0,0,0,False,
学习区,BV1Kr4y1i7ru,2026-2-18报道！,中性,中性,0.7850866228556707,0.18961500713868798,0.7850866228556707,0.025298370005641415,0.0,0,0,False,
学习区,BV1Kr4y1i7ru,打卡第一天 希望自己学习,中性,中性,0.8619925358824228,0.05990499724126488,0.8619925358824228,0.07810246687631249,0.0,0,0,False,
学习区,BV1Kr4y1i7ru,希望我可以看完吧。。。。。,中性,中性,0.5806795802228893,0.31626689874619185,0.5806795802228893,0.1030535210309188,2.0,2,0,True,0.0
学习区,BV1Kr4y1i7ru,江农猪小胖打卡,中性,中性,0.8550620635597216,0.1027777999104767,0.8550620635597216,0.042160136529801696,0.0,0,0,False,
学习区,BV1Kr4y1i7ru,真的别卷了 2026了 真的给个机会吧,中性,中性,0.8510651688372992,0.06396300864545774,0.8510651688372992,0.08497182251724314,0.0,0,0,False,
学习区,BV1Kr4y1i7ru,安师刘鑫凯实名开卷,中性,中性,0.8622551728937137,0.06496831915341764,0.8622551728937137,0.0727765079528687,0.0,0,0,False,
学习区,BV1Kr4y1i7ru,1111,中性,中性,0.8156522634586142,0.09910829177689978,0.8156522634586142,0.08523944476448606,0.0,0,0,False,
学习区,BV1Kr4y1i7ru,任何东西基础才是关键 千变万化都离不开基本招式,中性,中性,0.6535295708246337,0.049092964114297505,0.6535295708246337,0.29737746506106877,0.0,0,0,True,0.0
学习区,BV1Kr4y1i7ru,佛山叶问打卡,中性,中性,0.8550620635597216,0.1027777999104767,0.8550620635597216,0.042160136529801696,0.0,0,0,False,
学习区,BV1Kr4y1i7ru,北林复试来了,中性,中性,0.9002034043207638,0.039310660302434304,0.9002034043207638,0.060485935376801865,0.0,0,0,False,
学习区,BV1Kr4y1i7ru,我江浩东实名开卷,中性,中性,0.8741544361522965,0.06236538735141872,0.8741544361522965,0.0634801764962848,0.0,0,0,False,
学习区,BV1Kr4y1i7ru,大家都从事什么工作来学习的,中性,中性,0.7180199462279809,0.04727830154554051,0.7180199462279809,0.23470175222647852,0.0,0,0,False,
学习区,BV1Kr4y1i7ru,第一天打卡,中性,中性,0.8862199941898466,0.07997338540729551,0.8862199941898466,0.03380662040285781,0.0,0,0,False,
学习区,BV1Kr4y1i7ru,399,中性,中性,0.8855499484467239,0.06102823917114548,0.8855499484467239,0.053421812382130764,0.0,0,0,False,
学习区,BV1Kr4y1i7ru,SQL语句,中性,中性,0.7656797271584982,0.17305633338112614,0.7656797271584982,0.06126393946037575,0.0,0,0,False,
学习区,BV1Kr4y1i7ru,三刷,中性,中性,0.7613996643349813,0.12329240769504071,0.7613996643349813,0.11530792796997807,0.0,0,0,False,
学习区,BV1Kr4y1i7ru,人机张天赐打卡,中性,中性,0.8444154111771325,0.10719343630906746,0.8444154111771325,0.04839115251380009,0.0,0,0,False,
学习区,BV1Kr4y1i7ru,开卷了,中性,中性,0.7601982391713245,0.12011046784845507,0.7601982391713245,0.11969129298022048,0.0,0,0,False,
学习区,BV1Kr4y1i7ru,江西师范大学黄凯在线学习,中性,中性,0.8135340466368907,0.07381864265847836,0.8135340466368907,0.11264731070463099,0.0,0,0,False,
学习区,BV1Kr4y1i7ru,打卡第一天,中性,中性,0.8862199941898466,0.07997338540729551,0.8862199941898466,0.03380662040285781,0.0,0,0,False,
学习区,BV1Kr4y1i7ru,要下载什么软件吗,中性,中性,0.8163923328954843,0.08835892466423999,0.8163923328954843,0.09524874244027577,0.0,0,0,False,
学习区,BV1Kr4y1i7ru,湖北工业大学离金瑞大一上开卷，压力,中性,中性,0.7020880751286511,0.09147242973418117,0.7020880751286511,0.2064394951371677,-2.0,0,2,True,0.0
学习区,BV1Kr4y1i7ru,第二天打卡,中性,中性,0.8648756252000337,0.09843396327728719,0.8648756252000337,0.03669041152267921,0.0,0,0,False,
学习区,BV1Kr4y1i7ru,涛哥吧,中性,中性,0.812911001169273,0.08560406246108408,0.812911001169273,0.10148493636964286,0.0,0,0,False,
学习区,BV1Kr4y1i7ru,数据库里面的知识以及zenmoxye,中性,中性,0.7186518876934074,0.1893664573185623,0.7186518876934074,0.09198165498803026,0.0,0,0,True,0.0
学习区,BV1Kr4y1i7ru,上班学习第一天打卡,中性,中性,0.9064458016652416,0.05051924083160523,0.9064458016652416,0.04303495750315314,0.0,0,0,False,
学习区,BV1Kr4y1i7ru,“正”在学习打卡,中性,中性,0.9164104082630229,0.04512052640413047,0.9164104082630229,0.038469065332846615,0.0,0,0,False,
学习区,BV1Kr4y1i7ru,我二弟天下无敌,中性,中性,0.5628042543425626,0.22306803576572132,0.5628042543425626,0.21412770989171595,1.0,1,0,True,0.0
学习区,BV1Kr4y1i7ru,399rmb,中性,中性,0.8426402491835722,0.08474397420738833,0.8426402491835722,0.07261577660903937,0.0,0,0,False,
学习区,BV1Kr4y1i7ru,我在最后一集等待各位的到来,中性,中性,0.527491833918719,0.253870148120646,0.527491833918719,0.21863801796063498,0.0,0,0,True,0.0
学习区,BV1Kr4y1i7ru,你们都不行，水泥厂来卷,中性,中性,0.515191473793274,0.15300026419182278,0.515191473793274,0.33180826201490327,-2.0,0,2,True,0.0
学习区,BV1Kr4y1i7ru,小韩学mysql数据库,中性,中性,0.738271306301177,0.11821926935823716,0.738271306301177,0.1435094243405858,0.0,0,0,True,0.0
学习区,BV1Kr4y1i7ru,鲁路修打卡,中性,中性,0.8550620635597216,0.1027777999104767,0.8550620635597216,0.042160136529801696,0.0,0,0,False,
学习区,BV1Kr4y1i7ru,其实实际生产时候用不了这么多东西，就最基础的增删改查就完事了，真要你优化数据库情况太少了,中性,负面,0.49627094799810273,0.11583915273376506,0.3878898992681322,0.49627094799810273,-1.0,0,1,True,0.0
学习区,BV1Kr4y1i7ru,大一来得急吗,中性,中性,0.7925939167455395,0.11295195531892097,0.7925939167455395,0.09445412793553945,0.0,0,0,False,
学习区,BV1Kr4y1i7ru,齐天大圣打卡,中性,中性,0.8648756252000337,0.09843396327728719,0.8648756252000337,0.03669041152267921,0.0,0,0,False,
学习区,BV1Kr4y1i7ru,又有坚持哥来打卡了,中性,中性,0.760248584468305,0.09891002459714979,0.760248584468305,0.14084139093454526,0.0,0,0,False,
学习区,BV1Kr4y1i7ru,狂魔哥实名打卡,中性,中性,0.902466213657943,0.05997764384168538,0.902466213657943,0.037556142500371634,0.0,0,0,False,
学习区,BV1Kr4y1i7ru,打卡第一节课,中性,中性,0.7352961956418549,0.17777094360885634,0.7352961956418549,0.08693286074928884,0.0,0,0,False,
学习区,BV1Kr4y1i7ru,当你们当你们看到这里时，我向治龙已经三刷了,中性,负面,0.4479229220683018,0.20632221153065392,0.34575486640104436,0.4479229220683018,0.0,0,0,True,0.0
学习区,BV1Kr4y1i7ru,中北大学向治龙实名开卷,中性,中性,0.8044862972257433,0.09241970222549137,0.8044862972257433,0.10309400054876534,0.0,0,0,False,
学习区,BV1Kr4y1i7ru,自动化来卷了,中性,中性,0.8069086703582866,0.09194776903005528,0.8069086703582866,0.10114356061165818,0.0,0,0,False,
学习区,BV1Kr4y1i7ru,广西梧州学院24级学长前来内卷,中性,中性,0.6901098018008386,0.08992260763814765,0.6901098018008386,0.21996759056101386,-1.0,0,1,True,0.0
学习区,BV1Kr4y1i7ru,135人,中性,中性,0.7608361624679574,0.15343392180226106,0.7608361624679574,0.08572991572978157,0.0,0,0,False,
学习区,BV1Kr4y1i7ru,大三财务来了,中性,中性,0.9097863424833141,0.03761826283928772,0.9097863424833141,0.05259539467739812,0.0,0,0,False,
学习区,BV1Kr4y1i7ru,确实要求不低,中性,中性,0.7660551190774838,0.16436855235884026,0.7660551190774838,0.06957632856367578,0.0,0,0,False,
学习区,BV1Kr4y1i7ru,经统的来了,中性,中性,0.8965232991641092,0.048452487453572425,0.8965232991641092,0.05502421338231825,0.0,0,0,False,
学习区,BV1Kr4y1i7ru,大一凯开始了,中性,中性,0.8529281768213908,0.07426335836309857,0.8529281768213908,0.07280846481551065,0.0,0,0,False,
学习区,BV1Kr4y1i7ru,求求别卷了,中性,中性,0.8091841482398588,0.10190312204945019,0.8091841482398588,0.08891272971069096,0.0,0,0,False,
学习区,BV1Kr4y1i7ru,99人,中性,中性,0.7709485461607741,0.13515630137924056,0.7709485461607741,0.09389515245998536,0.0,0,0,False,
学习区,BV1Kr4y1i7ru,45,中性,中性,0.7591860413299361,0.11973715744113352,0.7591860413299361,0.12107680122893036,0.0,0,0,False,
学习区,BV1Kr4y1i7ru,人大新传路过,中性,中性,0.8141923882613096,0.08505362497925247,0.8141923882613096,0.10075398675943797,0.0,0,0,False,
学习区,BV1Kr4y1i7ru,实名开卷吗孩子们,中性,中性,0.8888880486815244,0.06147551780305291,0.8888880486815244,0.04963643351542266,0.0,0,0,False,
学习区,BV1Kr4y1i7ru,2025—05—14报道,中性,中性,0.7630961970254572,0.14407445396776086,0.7630961970254572,0.09282934900678193,0.0,0,0,False,
学习区,BV1Kr4y1i7ru,zlr到此一游,中性,中性,0.7020043600393049,0.143157819585164,0.7020043600393049,0.15483782037553118,0.0,0,0,False,
学习区,BV1Kr4y1i7ru,徐伟在警校打卡学习,中性,中性,0.8508983653022584,0.05960883477406725,0.8508983653022584,0.08949279992367425,0.0,0,0,False,
学习区,BV1Kr4y1i7ru,rm删除是吗,中性,中性,0.7622655142306104,0.10893309571070141,0.7622655142306104,0.12880139005868824,0.0,0,0,False,
学习区,BV1Kr4y1i7ru,2025/5/2/0.28     五一劳动节第二天打卡,中性,中性,0.811855677352816,0.1384741407363124,0.811855677352816,0.04967018191087151,0.0,0,0,False,
学习区,BV1Kr4y1i7ru,现在是什么时候,中性,中性,0.7851951368006009,0.12964887425928168,0.7851951368006009,0.08515598894011737,0.0,0,0,False,
学习区,BV1Kr4y1i7ru,13,中性,中性,0.762916174343127,0.1282546551753021,0.762916174343127,0.10882917048157097,0.0,0,0,False,
学习区,BV1Kr4y1i7ru,20250413报到,中性,中性,0.7406910957250863,0.1567645921096742,0.7406910957250863,0.10254431216523956,0.0,0,0,False,
学习区,BV1Kr4y1i7ru,315句打卡,中性,中性,0.8253632981627127,0.12892547255372774,0.8253632981627127,0.04571122928355955,0.0,0,0,False,
学习区,BV1Kr4y1i7ru,好多人,中性,中性,0.7562995366960757,0.1702307448242403,0.7562995366960757,0.07346971847968375,0.0,0,0,False,
学习区,BV1Kr4y1i7ru,东莞机电打卡,中性,中性,0.8550620635597216,0.1027777999104767,0.8550620635597216,0.042160136529801696,0.0,0,0,False,
学习区,BV1Kr4y1i7ru,金融来卷,中性,中性,0.8186617803670244,0.08709702648830206,0.8186617803670244,0.09424119314467365,0.0,0,0,False,
学习区,BV1Kr4y1i7ru,2042年6月31、,中性,中性,0.6460268385437874,0.2460986007478206,0.6460268385437874,0.10787456070839199,1.0,1,0,True,0.0
学习区,BV1Kr4y1i7ru,2025年打卡,中性,中性,0.8245110785916098,0.12128264616557007,0.8245110785916098,0.05420627524282012,0.0,0,0,False,
学习区,BV1Kr4y1i7ru,正片开始,中性,中性,0.863379129852313,0.06967372439705177,0.863379129852313,0.06694714575063533,0.0,0,0,False,
学习区,BV1Kr4y1i7ru,金融来卷了,中性,中性,0.8069086703582866,0.09194776903005528,0.8069086703582866,0.10114356061165818,0.0,0,0,False,
学习区,BV1Kr4y1i7ru,坚持第一天,中性,中性,0.8060338239732672,0.0951471936783717,0.8060338239732672,0.09881898234836109,0.0,0,0,False,
学习区,BV1Kr4y1i7ru,我懂了 高级工程师,中性,正面,0.5433309216144989,0.5433309216144989,0.33333081565922146,0.12333826272627965,3.0,3,0,True,0.0
学习区,BV1Kr4y1i7ru,打卡打卡,中性,中性,0.8648756252000337,0.09843396327728719,0.8648756252000337,0.03669041152267921,0.0,0,0,False,
学习区,BV1Kr4y1i7ru,英语吗,中性,中性,0.8223775607213457,0.10507358300999614,0.8223775607213457,0.07254885626865824,0.0,0,0,False,
学习区,BV1Kr4y1i7ru,救命,中性,中性,0.8283163761761528,0.11464566335899794,0.8283163761761528,0.057037960464849304,0.0,0,0,False,
学习区,BV1Kr4y1i7ru,94个人机兵都在第一集这里,中性,中性,0.5876619723300768,0.14097522128990814,0.5876619723300768,0.27136280638001514,0.0,0,0,True,0.0
学习区,BV1Kr4y1i7ru,3.11  第一天学习,中性,中性,0.9181376442996413,0.03695484528426188,0.9181376442996413,0.04490751041609678,0.0,0,0,False,
学习区,BV1Kr4y1i7ru,399的话确实不贵，这个能坚持下来就交钱,中性,负面,0.7911671624724229,0.06181548492914788,0.14701735259842927,0.7911671624724229,1.0,1,0,True,0.0
学习区,BV1Kr4y1i7ru,109个，666,中性,正面,0.4703257515670929,0.4703257515670929,0.4010595547103269,0.1286146937225801,2.0,2,0,True,0.0
学习区,BV1Kr4y1i7ru,117,中性,中性,0.7784570860051003,0.12919984793730935,0.7784570860051003,0.09234306605759028,0.0,0,0,False,
学习区,BV1Kr4y1i7ru,不加能学吗,中性,中性,0.8080999035536418,0.10904297942493014,0.8080999035536418,0.08285711702142809,0.0,0,0,False,
学习区,BV1Kr4y1i7ru,开卷！,中性,中性,0.7600221347766394,0.20152412674680378,0.7600221347766394,0.03845373847655684,0.0,0,0,False,
学习区,BV1Kr4y1i7ru,119,中性,中性,0.8273600182752696,0.10070371264997939,0.8273600182752696,0.07193626907475109,0.0,0,0,False,
学习区,BV1Kr4y1i7ru,河南牧业经济学院周涵打卡,中性,中性,0.7818914713452711,0.1061709324039444,0.7818914713452711,0.11193759625078448,0.0,0,0,False,
学习区,BV1Kr4y1i7ru,又是一项伟大的事业开始了,中性,中性,0.7674847127773115,0.09247868535467514,0.7674847127773115,0.1400366018680134,0.0,0,0,False,
学习区,BV1Kr4y1i7ru,黄怡敏前来学习数据库,中性,中性,0.790634935574477,0.14604711045336582,0.790634935574477,0.06331795397215734,0.0,0,0,False,
学习区,BV1Kr4y1i7ru,虫级工程师！,中性,中性,0.8733253375773345,0.1044293631654435,0.8733253375773345,0.02224529925722195,0.0,0,0,False,
学习区,BV1Kr4y1i7ru,SQL：结构化查询语言,中性,中性,0.8234816442542386,0.1277610574421875,0.8234816442542386,0.04875729830357385,0.0,0,0,False,
学习区,BV1Kr4y1i7ru,石英杰实名观看,中性,中性,0.8527626561869668,0.06988749925728494,0.8527626561869668,0.07734984455574825,0.0,0,0,False,
学习区,BV1Kr4y1i7ru,66啊200多个人,中性,中性,0.5376953475133579,0.11081710177043713,0.5376953475133579,0.35148755071620497,0.0,0,0,True,0.0
学习区,BV1Kr4y1i7ru,报ms的，结果报错了，搞成my了,中性,中性,0.5843756931987709,0.08373242216387843,0.5843756931987709,0.33189188463735075,-1.0,0,1,True,0.0
学习区,BV1Kr4y1i7ru,窝段于涛实名开卷,中性,中性,0.8622551728937137,0.06496831915341764,0.8622551728937137,0.0727765079528687,0.0,0,0,False,
学习区,BV1Kr4y1i7ru,董有鹏实名打卡观看,中性,中性,0.8940092455123243,0.06274958002026938,0.8940092455123243,0.043241174467406385,0.0,0,0,False,
学习区,BV1Kr4y1i7ru,110，离谱,中性,中性,0.6195663182554195,0.10126334935296939,0.6195663182554195,0.27917033239161115,-2.0,0,2,True,0.0
学习区,BV1Kr4y1i7ru,晚上七点十六分英国打卡,中性,中性,0.7859297585214893,0.136994583944226,0.7859297585214893,0.07707565753428472,0.0,0,0,False,
学习区,BV1Kr4y1i7ru,外科医生来卷,中性,中性,0.8186617803670244,0.08709702648830206,0.8186617803670244,0.09424119314467365,0.0,0,0,False,
学习区,BV1Kr4y1i7ru,系统工程师来卷,中性,中性,0.7774164861677576,0.17875655249455663,0.7774164861677576,0.043826961337685634,2.0,2,0,True,0.0
学习区,BV1Kr4y1i7ru,我杜朝阳实名开卷,中性,中性,0.8477510589535008,0.05649908838825642,0.8477510589535008,0.09574985265824286,0.0,0,0,False,
学习区,BV1Kr4y1i7ru,"2025/1/14,晚上10.53开始学",中性,中性,0.8714350958425476,0.07017471607434853,0.8714350958425476,0.05839018808310397,0.0,0,0,False,
学习区,BV1Kr4y1i7ru,别卷了   75人,中性,中性,0.779232894486651,0.12437610363385199,0.779232894486651,0.09639100187949702,0.0,0,0,False,
学习区,BV1Kr4y1i7ru,58,中性,中性,0.7567899614706656,0.12009992274771153,0.7567899614706656,0.123110115781623,0.0,0,0,False,
学习区,BV1Kr4y1i7ru,20年经验,中性,中性,0.8624808238482253,0.07396348560812206,0.8624808238482253,0.06355569054365261,0.0,0,0,False,
学习区,BV1Kr4y1i7ru,- -二五。零一。零七。0730,中性,中性,0.7859049950873146,0.101505350963267,0.7859049950873146,0.11258965394941849,0.0,0,0,False,
学习区,BV1Kr4y1i7ru,399哈,中性,中性,0.8749689445400444,0.06368259915408656,0.8749689445400444,0.06134845630586914,0.0,0,0,False,
学习区,BV1Kr4y1i7ru,为了学习sql注入,中性,中性,0.8266824561257526,0.09171396011251678,0.8266824561257526,0.08160358376173066,0.0,0,0,False,
学习区,BV1Kr4y1i7ru,现在才知道出社会才是人生的开始,中性,中性,0.718003567472573,0.06159085108277148,0.718003567472573,0.22040558144465552,0.0,0,0,True,0.0
学习区,BV1Kr4y1i7ru,王杰的小摩托打卡,中性,中性,0.7637863441290232,0.1600696765723832,0.7637863441290232,0.07614397929859368,0.0,0,0,False,
学习区,BV1Kr4y1i7ru,2025-1-2开卷,中性,中性,0.7991260409968679,0.11903111792508743,0.7991260409968679,0.08184284107804464,0.0,0,0,False,
学习区,BV1Kr4y1i7ru,考研复试看这个可以吗,中性,中性,0.40218044091075933,0.38427949019753876,0.40218044091075933,0.21354006889170196,2.0,2,0,True,0.0
学习区,BV1Kr4y1i7ru,又来了 家人们,中性,中性,0.8105255173198513,0.09101045300642147,0.8105255173198513,0.0984640296737271,0.0,0,0,False,
学习区,BV1Kr4y1i7ru,商科研究生第一天打卡,中性,中性,0.8679170629753441,0.08735804207572105,0.8679170629753441,0.04472489494893487,0.0,0,0,False,
学习区,BV1Kr4y1i7ru,盐场小学六年级大象班张满实名开卷,中性,中性,0.8014386086296537,0.07512379859474153,0.8014386086296537,0.12343759277560472,0.0,0,0,False,
学习区,BV1Kr4y1i7ru,6年了 还是中级程序员,中性,中性,0.5938216837618397,0.14529021881130422,0.5938216837618397,0.260888097426856,1.0,1,0,True,0.0
学习区,BV1Kr4y1i7ru,打卡2024年12月10日ljz,中性,中性,0.7800687304697158,0.08622658738837666,0.7800687304697158,0.13370468214190734,0.0,0,0,False,
学习区,BV1Kr4y1i7ru,梦开始了,中性,中性,0.8529281768213908,0.07426335836309857,0.8529281768213908,0.07280846481551065,0.0,0,0,False,
学习区,BV1Kr4y1i7ru,佛山大学罗泽钦实名开卷,中性,中性,0.7759213592508603,0.11507558425195763,0.7759213592508603,0.10900305649718216,0.0,0,0,False,
学习区,BV1Kr4y1i7ru,北大谢耀光实名观看,中性,中性,0.8527626561869668,0.06988749925728494,0.8527626561869668,0.07734984455574825,0.0,0,0,False,
学习区,BV1Kr4y1i7ru,23江理软工,中性,中性,0.7935969455734248,0.09187324188251791,0.7935969455734248,0.11452981254405734,0.0,0,0,False,
学习区,BV1Kr4y1i7ru,2024-11-12，第一课开始,中性,中性,0.7896187119731851,0.06556197397543398,0.7896187119731851,0.14481931405138088,0.0,0,0,False,
学习区,BV1Kr4y1i7ru,自动弹幕,中性,中性,0.6858265117453474,0.24238378596033203,0.6858265117453474,0.07178970229432055,0.0,0,0,False,
学习区,BV1Kr4y1i7ru,我林华才实名开卷,中性,中性,0.8741544361522965,0.06236538735141872,0.8741544361522965,0.0634801764962848,0.0,0,0,False,
学习区,BV1Kr4y1i7ru,"学习,,",中性,中性,0.9123212633328388,0.03832843642866036,0.9123212633328388,0.04935030023850079,0.0,0,0,False,
学习区,BV1Kr4y1i7ru,"不好理解,知识点,精美动画图例,",中性,中性,0.522822002487789,0.3439054208364101,0.522822002487789,0.13327257667580095,2.0,2,0,True,0.0
学习区,BV1Kr4y1i7ru,"工程师,",中性,中性,0.9231524976903088,0.039284551564476494,0.9231524976903088,0.03756295074521459,0.0,0,0,False,
学习区,BV1Kr4y1i7ru,"运维,片,大数据库",中性,中性,0.7774571585637327,0.17806095411965486,0.7774571585637327,0.04448188731661253,0.0,0,0,False,
学习区,BV1Kr4y1i7ru,"中级,,",中性,中性,0.8297025288051817,0.08607127718247129,0.8297025288051817,0.08422619401234695,0.0,0,0,False,
学习区,BV1Kr4y1i7ru,"mysql课程基础,近几届,sql语句的基本函数约束夺宝,事务,成为初级摸鱼说起来市级企业",中性,负面,0.6919422329970201,0.02962875864586916,0.27842900835711076,0.6919422329970201,-2.0,0,2,True,0.0
学习区,BV1Kr4y1i7ru,"日志管理,",中性,中性,0.8348200433105729,0.08410359858937207,0.8348200433105729,0.08107635810005498,0.0,0,0,False,
学习区,BV1Kr4y1i7ru,"存储数据,",中性,中性,0.7546163906436772,0.15088252666093102,0.7546163906436772,0.09450108269539176,0.0,0,0,False,
学习区,BV1Kr4y1i7ru,"pingjia,gouwuche1,",中性,中性,0.7893724358653726,0.14038753080261582,0.7893724358653726,0.07024003333201168,0.0,0,0,False,
学习区,BV1Kr4y1i7ru,我王云斌实名学习,中性,中性,0.9014928435270724,0.033125449315015376,0.9014928435270724,0.06538170715791233,0.0,0,0,False,
学习区,BV1Kr4y1i7ru,桂电张宇航实名开卷,中性,中性,0.8622551728937137,0.06496831915341764,0.8622551728937137,0.0727765079528687,0.0,0,0,False,
学习区,BV1Kr4y1i7ru,牛马们开始学习了,中性,中性,0.8726540058348077,0.05611168840182369,0.8726540058348077,0.07123430576336875,0.0,0,0,False,
学习区,BV1Kr4y1i7ru,15-30k是不是就是15k,中性,中性,0.6107346000050808,0.11712439396717164,0.6107346000050808,0.2721410060277475,0.0,0,0,True,0.0
学习区,BV1Kr4y1i7ru,22大数据打卡第一天,中性,中性,0.7857144449355438,0.12710599807192807,0.7857144449355438,0.0871795569925281,0.0,0,0,False,
学习区,BV1Kr4y1i7ru,别卷了各位,中性,中性,0.7539643220902584,0.18722875669064515,0.7539643220902584,0.058806921219096454,0.0,0,0,False,
学习区,BV1Kr4y1i7ru,软工打卡,中性,中性,0.8648756252000337,0.09843396327728719,0.8648756252000337,0.03669041152267921,0.0,0,0,False,
学习区,BV1Kr4y1i7ru,徐明浩老婆打卡,中性,中性,0.8550620635597216,0.1027777999104767,0.8550620635597216,0.042160136529801696,0.0,0,0,False,
学习区,BV1Kr4y1i7ru,厦门市第三中学校来初一14班叶某某不实名开j,中性,中性,0.6048127679187758,0.06287845756374223,0.6048127679187758,0.33230877451748203,0.0,0,0,True,0.0
学习区,BV1Kr4y1i7ru,2024-10-07 15:45:11,中性,中性,0.8274589091280834,0.0985364117417192,0.8274589091280834,0.07400467913019743,0.0,0,0,False,
学习区,BV1Kr4y1i7ru,还在娘胎现在在卷mysql,中性,中性,0.4692031371001086,0.06860744248038549,0.4692031371001086,0.46218942041950595,0.0,0,0,True,0.0
学习区,BV1Kr4y1i7ru,我张佳鑫实名开卷,中性,中性,0.8618594165079246,0.054387508777325864,0.8618594165079246,0.08375307471474949,0.0,0,0,False,
学习区,BV1Kr4y1i7ru,我长沙理工大学通信2304邓泽平实名学习,中性,中性,0.8112065485235939,0.03932380278930107,0.8112065485235939,0.14946964868710522,0.0,0,0,True,0.0
学习区,BV1Kr4y1i7ru,法学来卷一卷,中性,中性,0.8024684569230573,0.09016482566608629,0.8024684569230573,0.10736671741085647,0.0,0,0,False,
学习区,BV1Kr4y1i7ru,张光宗实名学习,中性,中性,0.9157849677581418,0.03739101842517558,0.9157849677581418,0.04682401381668266,0.0,0,0,False,
学习区,BV1Kr4y1i7ru,大家好我是徐俊大,中性,中性,0.5475042651869764,0.1651700702446385,0.5475042651869764,0.28732566456838504,1.0,1,0,True,0.0
学习区,BV1Kr4y1i7ru,我也来了,中性,中性,0.8537661619983067,0.040253527514018846,0.8537661619983067,0.10598031048767459,0.0,0,0,False,
学习区,BV1Kr4y1i7ru,数据库的那个软件在哪里下载,中性,中性,0.6066082986432004,0.2745349775019066,0.6066082986432004,0.11885672385489311,0.0,0,0,True,0.0
学习区,BV1Kr4y1i7ru,运维打卡,中性,中性,0.8648756252000337,0.09843396327728719,0.8648756252000337,0.03669041152267921,0.0,0,0,False,
学习区,BV1Kr4y1i7ru,2024年9月20日开始学mysql,中性,中性,0.756455620894391,0.04226429047419711,0.756455620894391,0.20128008863141192,0.0,0,0,False,
学习区,BV1Kr4y1i7ru,卷死了,中性,负面,0.9140764526122207,0.03257917562342646,0.05334437176435295,0.9140764526122207,-1.0,0,1,True,0.0
学习区,BV1Kr4y1i7ru,2024年9月19日16:41:51,中性,中性,0.8113590995501043,0.07042597572971665,0.8113590995501043,0.11821492472017917,0.0,0,0,False,
学习区,BV1Kr4y1i7ru,2024-9-18 16：53 ：104人,中性,中性,0.7909222552446163,0.14993505871197624,0.7909222552446163,0.05914268604340722,0.0,0,0,False,
学习区,BV1Kr4y1i7ru,我杨子肾就没学不会的课程,中性,中性,0.7115084373593782,0.03562599605623194,0.7115084373593782,0.25286556658438997,-3.0,0,3,True,0.0
学习区,BV1Kr4y1i7ru,杨子肾你在看吗,中性,中性,0.7685769503992012,0.12659007021403895,0.7685769503992012,0.10483297938675999,0.0,0,0,False,
学习区,BV1Kr4y1i7ru,我就是来卷死各位的,中性,中性,0.6174741130339438,0.11373126056553877,0.6174741130339438,0.26879462640051754,-1.0,0,1,True,0.0
学习区,BV1Kr4y1i7ru,刚学完c++就过来了,中性,中性,0.8547521910504652,0.0607999071788651,0.8547521910504652,0.0844479017706696,0.0,0,0,False,
学习区,BV1Kr4y1i7ru,韩山师范学院黄梓颖来了,中性,中性,0.7687688396897069,0.09955122017699244,0.7687688396897069,0.1316799401333007,0.0,0,0,False,
学习区,BV1Kr4y1i7ru,有人吗,中性,中性,0.8223775607213457,0.10507358300999614,0.8223775607213457,0.07254885626865824,0.0,0,0,False,
学习区,BV1Kr4y1i7ru,拿到书就开始学,中性,中性,0.8357238362044676,0.06927181187329552,0.8357238362044676,0.095004351922237,0.0,0,0,False,
学习区,BV1Kr4y1i7ru,爬虫小白前来学习数据库,中性,中性,0.7762971396501364,0.1514451321663215,0.7762971396501364,0.07225772818354202,0.0,0,0,False,
学习区,BV1Kr4y1i7ru,2024年8.25日打卡，大家知道怎么领资料吗,中性,中性,0.6826329265063452,0.15367561352255998,0.6826329265063452,0.16369145997109474,0.0,0,0,False,
学习区,BV1Kr4y1i7ru,牧羊人打卡,中性,中性,0.8648756252000337,0.09843396327728719,0.8648756252000337,0.03669041152267921,0.0,0,0,False,
学习区,BV1Kr4y1i7ru,。,中性,中性,0.8062353854857721,0.11977233453432667,0.8062353854857721,0.07399227997990115,0.0,0,0,False,
学习区,BV1Kr4y1i7ru,收费吗,中性,中性,0.8223775607213457,0.10507358300999614,0.8223775607213457,0.07254885626865824,0.0,0,0,False,
学习区,BV1Kr4y1i7ru,雾海龙王崔三娘打卡,中性,中性,0.8444154111771325,0.10719343630906746,0.8444154111771325,0.04839115251380009,0.0,0,0,False,
学习区,BV1Kr4y1i7ru,呜呜呜 399,中性,中性,0.8632902061771371,0.06635831044330827,0.8632902061771371,0.07035148337955438,0.0,0,0,False,
学习区,BV1Kr4y1i7ru,安徽亳州新能源学校实名报道,中性,中性,0.756828135175563,0.07616988727953312,0.756828135175563,0.1670019775449038,0.0,0,0,False,
学习区,BV1Kr4y1i7ru,2024年8月8日19:04:03    96人,中性,中性,0.802428973315184,0.07849157498274563,0.802428973315184,0.11907945170207032,0.0,0,0,False,
学习区,BV1Kr4y1i7ru,运维篇学完了能开多少钱,中性,中性,0.7315767315799027,0.08541595362156709,0.7315767315799027,0.1830073147985303,-1.0,0,1,True,0.0
学习区,BV1Kr4y1i7ru,桂电路过,中性,中性,0.7430359682575566,0.12017158403407226,0.7430359682575566,0.13679244770837123,0.0,0,0,False,
学习区,BV1Kr4y1i7ru,2024-8-3,中性,中性,0.7942767151675179,0.10902650083591071,0.7942767151675179,0.09669678399657142,0.0,0,0,False,
学习区,BV1Kr4y1i7ru,战斗起来,中性,中性,0.8058819537703336,0.10456757827251949,0.8058819537703336,0.089550467957147,0.0,0,0,False,
学习区,BV1Kr4y1i7ru,399一年，我说实话心动了，还是毕竟是付费的我还是先学好这个吧,中性,负面,0.5120064457252559,0.1401696278729865,0.3478239264017576,0.5120064457252559,2.0,2,0,True,0.0
学习区,BV1Kr4y1i7ru,广东理工打卡7.31号,中性,中性,0.7778892094738799,0.1452112080388668,0.7778892094738799,0.07689958248725345,0.0,0,0,False,
学习区,BV1Kr4y1i7ru,现在113,中性,中性,0.8711373107247428,0.0713457653927387,0.8711373107247428,0.05751692388251848,0.0,0,0,False,
学习区,BV1Kr4y1i7ru,老师你是干什么工作的,中性,中性,0.7296187775547208,0.1173068701855196,0.7296187775547208,0.15307435225975966,0.0,0,0,True,0.0
学习区,BV1Kr4y1i7ru,计算机二级看这个有用吗？,中性,负面,0.6865849668914089,0.09416134457279587,0.21925368853579535,0.6865849668914089,1.0,1,0,True,0.0
学习区,BV1Kr4y1i7ru,会计在学，卷起来！,中性,中性,0.5845551072412705,0.17908176727998512,0.5845551072412705,0.2363631254787444,0.0,0,0,True,0.0
学习区,BV1Kr4y1i7ru,2024,中性,中性,0.8258719229601463,0.08244625376638172,0.8258719229601463,0.09168182327347181,0.0,0,0,False,
学习区,BV1Kr4y1i7ru,’ OR ‘1’=‘1,中性,中性,0.8182903326451387,0.10507712376388612,0.8182903326451387,0.07663254359097511,0.0,0,0,False,
学习区,BV1Kr4y1i7ru,我阳帅斌实名开卷,中性,中性,0.8741544361522965,0.06236538735141872,0.8741544361522965,0.0634801764962848,0.0,0,0,False,
学习区,BV1Kr4y1i7ru,大家别卷了,中性,中性,0.839735563156907,0.10024812303897919,0.839735563156907,0.06001631380411367,0.0,0,0,False,
学习区,BV1Kr4y1i7ru,菠萝吹雪打卡,中性,中性,0.8550620635597216,0.1027777999104767,0.8550620635597216,0.042160136529801696,0.0,0,0,False,
学习区,BV1Kr4y1i7ru,2024/7/12正式开始学,中性,中性,0.8411891590143916,0.07376013675085763,0.8411891590143916,0.08505070423475078,0.0,0,0,False,
学习区,BV1Kr4y1i7ru,前端也来了,中性,中性,0.8562461320158603,0.0476208310678453,0.8562461320158603,0.09613303691629455,0.0,0,0,False,
学习区,BV1Kr4y1i7ru,学了C学数据库可以吗,中性,正面,0.46415073495081527,0.46415073495081527,0.3659537712296973,0.1698954938194873,2.0,2,0,True,0.0
学习区,BV1Kr4y1i7ru,第一天,中性,中性,0.8215208009866376,0.09182288141868274,0.8215208009866376,0.08665631759467965,0.0,0,0,False,
学习区,BV1Kr4y1i7ru,"++6qawzesxrdcfvgubhijnok mpl ,[;.'/",中性,中性,0.8348200433105729,0.08410359858937207,0.8348200433105729,0.08107635810005498,0.0,0,0,False,
学习区,BV1Kr4y1i7ru,结构化查询语言,中性,中性,0.8342419171444753,0.08306661070216884,0.8342419171444753,0.08269147215335582,0.0,0,0,False,
学习区,BV1Kr4y1i7ru,2024-6-18,中性,中性,0.8116237282871384,0.10106800975350465,0.8116237282871384,0.08730826195935702,0.0,0,0,False,
学习区,BV1Kr4y1i7ru,2024/6/12,中性,中性,0.8202080209058802,0.09613961764865124,0.8202080209058802,0.08365236144546863,0.0,0,0,False,
学习区,BV1Kr4y1i7ru,外经贸冯浩打卡,中性,中性,0.8550620635597216,0.1027777999104767,0.8550620635597216,0.042160136529801696,0.0,0,0,False,
学习区,BV1Kr4y1i7ru,学过但基本全忘了,中性,中性,0.8076729984344567,0.09988171603180222,0.8076729984344567,0.09244528553374094,0.0,0,0,False,
学习区,BV1Kr4y1i7ru,一个假期保你忘掉三七,中性,中性,0.8475265781320761,0.0874629501396416,0.8475265781320761,0.06501047172828235,0.0,0,0,False,
学习区,BV1Kr4y1i7ru,违法广告法。。。。,中性,中性,0.7834926549808724,0.1267563677049279,0.7834926549808724,0.08975097731419968,0.0,0,0,False,
学习区,BV1Kr4y1i7ru,大家好，我是张开通,中性,负面,0.5350010147284393,0.1609038298002109,0.3040951554713498,0.5350010147284393,1.0,1,0,True,0.0
学习区,BV1Kr4y1i7ru,猴哥来讲课,中性,中性,0.7709561527378025,0.16787257832746968,0.7709561527378025,0.06117126893472784,0.0,0,0,False,
学习区,BV1Kr4y1i7ru,朝阳打卡,中性,中性,0.8648756252000337,0.09843396327728719,0.8648756252000337,0.03669041152267921,0.0,0,0,False,
学习区,BV1Kr4y1i7ru,开卷,中性,中性,0.7728543424831111,0.11471028757354955,0.7728543424831111,0.11243536994333944,0.0,0,0,False,
学习区,BV1Kr4y1i7ru,2024年6月3日莹莹打卡第一天,中性,中性,0.7274477375518608,0.15056332160156274,0.7274477375518608,0.1219889408465765,1.0,1,0,True,0.0
学习区,BV1Kr4y1i7ru,安庆师范求报名到此一游,中性,中性,0.7533983808651235,0.10153063434634432,0.7533983808651235,0.1450709847885321,0.0,0,0,False,
学习区,BV1Kr4y1i7ru,所以这是办学办秃了吗。。。,中性,中性,0.7867998517134113,0.10567589452669637,0.7867998517134113,0.10752425375989234,0.0,0,0,False,
学习区,BV1Kr4y1i7ru,为了科研自学第一天,中性,中性,0.7363938733020488,0.09148294532238224,0.7363938733020488,0.17212318137556898,0.0,0,0,False,
学习区,BV1Kr4y1i7ru,前端来的,中性,中性,0.768556726253116,0.11010481448618643,0.768556726253116,0.12133845926069754,0.0,0,0,False,
学习区,BV1Kr4y1i7ru,天软猫哥实名内卷,中性,中性,0.8244394441972903,0.07117577499483627,0.8244394441972903,0.10438478080787347,-1.0,0,1,True,0.0
学习区,BV1Kr4y1i7ru,65个人，要不要这么卷,中性,负面,0.6146132163480648,0.09012971650977801,0.2952570671421572,0.6146132163480648,0.0,0,0,True,0.0
学习区,BV1Kr4y1i7ru,枯叶蝶24//4/22/开始,中性,中性,0.8076503739932774,0.0979473385965536,0.8076503739932774,0.09440228741016896,0.0,0,0,False,
学习区,BV1Kr4y1i7ru,武汉理工郭理想实名开卷,中性,中性,0.8491320919946546,0.06756961455289498,0.8491320919946546,0.0832982934524505,0.0,0,0,False,
学习区,BV1Kr4y1i7ru,立志成为软硬件全栈工程师打卡,中性,中性,0.8659388388492332,0.07869198403107665,0.8659388388492332,0.055369177119690166,0.0,0,0,False,
学习区,BV1Kr4y1i7ru,五条悟在线打卡,中性,中性,0.8444154111771325,0.10719343630906746,0.8444154111771325,0.04839115251380009,0.0,0,0,False,
学习区,BV1Kr4y1i7ru,小方块半实名学习,中性,中性,0.9069907363186447,0.03910992646195956,0.9069907363186447,0.053899337219395826,0.0,0,0,False,
学习区,BV1Kr4y1i7ru,苦漫虑签到,中性,中性,0.7020043600393049,0.143157819585164,0.7020043600393049,0.15483782037553118,0.0,0,0,False,
学习区,BV1Kr4y1i7ru,长春财经学院打卡,中性,中性,0.84351902876004,0.10360524871646488,0.84351902876004,0.052875722523495164,0.0,0,0,False,
学习区,BV1Kr4y1i7ru,小马打卡,中性,中性,0.8648756252000337,0.09843396327728719,0.8648756252000337,0.03669041152267921,0.0,0,0,False,
学习区,BV1Kr4y1i7ru,南山学院,中性,中性,0.7705005890420961,0.10504212085085522,0.7705005890420961,0.12445729010704865,0.0,0,0,False,
学习区,BV1Kr4y1i7ru,SQL注入,中性,中性,0.7844631781387715,0.15134620129077384,0.7844631781387715,0.06419062057045478,0.0,0,0,False,
学习区,BV1Kr4y1i7ru,医学生打卡,中性,中性,0.8648756252000337,0.09843396327728719,0.8648756252000337,0.03669041152267921,0.0,0,0,False,
学习区,BV1Kr4y1i7ru,张大炮打卡,中性,中性,0.8550620635597216,0.1027777999104767,0.8550620635597216,0.042160136529801696,0.0,0,0,False,
学习区,BV1Kr4y1i7ru,财务转行到MySQL,中性,中性,0.6950143764969318,0.07691118236999374,0.6950143764969318,0.22807444113307454,0.0,0,0,True,0.0
学习区,BV1Kr4y1i7ru,真的吗,中性,中性,0.8766328115024282,0.08128864243907102,0.8766328115024282,0.042078546058500775,0.0,0,0,False,
学习区,BV1Kr4y1i7ru,前端打卡,中性,中性,0.8648756252000337,0.09843396327728719,0.8648756252000337,0.03669041152267921,0.0,0,0,False,
学习区,BV1Kr4y1i7ru,109个人,中性,中性,0.7747918552833335,0.11545505815608158,0.7747918552833335,0.10975308656058477,0.0,0,0,False,
学习区,BV1Kr4y1i7ru,技科2211赵玉冉实名观看,中性,中性,0.8208484710595636,0.09199398367571522,0.8208484710595636,0.08715754526472126,0.0,0,0,False,
学习区,BV1Kr4y1i7ru,现在是120人,中性,中性,0.8173142020494075,0.09882099173231096,0.8173142020494075,0.0838648062182816,0.0,0,0,False,
学习区,BV1Kr4y1i7ru,jyl来打卡,中性,中性,0.9050973384827257,0.05617335985475755,0.9050973384827257,0.03872930166251687,0.0,0,0,False,
学习区,BV1Kr4y1i7ru,健身波比打卡,中性,中性,0.8550620635597216,0.1027777999104767,0.8550620635597216,0.042160136529801696,0.0,0,0,False,
学习区,BV1Kr4y1i7ru,聊城大学牛嘉硕实名开卷,中性,中性,0.7759213592508603,0.11507558425195763,0.7759213592508603,0.10900305649718216,0.0,0,0,False,
学习区,BV1Kr4y1i7ru,我伍恒龙实名开卷,中性,中性,0.8622551728937137,0.06496831915341764,0.8622551728937137,0.0727765079528687,0.0,0,0,False,
学习区,BV1Kr4y1i7ru,c++要学数据库吗,中性,中性,0.7589948456382125,0.14579904835789753,0.7589948456382125,0.09520610600389,0.0,0,0,False,
学习区,BV1Kr4y1i7ru,菜徐村小黑子来学习,中性,中性,0.837411708994081,0.05039252606445476,0.837411708994081,0.11219576494146422,0.0,0,0,False,
学习区,BV1Kr4y1i7ru,开始,中性,中性,0.8747938524890113,0.06684406272838118,0.8747938524890113,0.05836208478260761,0.0,0,0,False,
学习区,BV1Kr4y1i7ru,前端来卷了,中性,中性,0.8069086703582866,0.09194776903005528,0.8069086703582866,0.10114356061165818,0.0,0,0,False,
学习区,BV1Kr4y1i7ru,魈打卡第一天,中性,中性,0.8774688231001337,0.08362689955638108,0.8774688231001337,0.0389042773434851,0.0,0,0,False,
学习区,BV1Kr4y1i7ru,前端主流学习内容不用学习数据库吧,中性,中性,0.809829625954761,0.09895228447776845,0.809829625954761,0.09121808956747053,0.0,0,0,False,
学习区,BV1Kr4y1i7ru,我们在日常生活中 会用到各种各样的软件,中性,中性,0.4234678855681231,0.3229585401752921,0.4234678855681231,0.25357357425658467,1.0,1,0,True,0.0
学习区,BV1Kr4y1i7ru,2024/02/05_14:09-令狐冲到此一游,中性,中性,0.798732646682747,0.10061182501922718,0.798732646682747,0.1006555282980257,0.0,0,0,False,
学习区,BV1Kr4y1i7ru,bilibili职业技术学院研究生院计算机应用技术专业路过,中性,负面,0.4249524799331758,0.31220249255313354,0.26284502751369065,0.4249524799331758,2.0,2,0,True,0.0
学习区,BV1Kr4y1i7ru,0205,中性,中性,0.7991254768185134,0.11023815251634594,0.7991254768185134,0.09063637066514053,0.0,0,0,False,
学习区,BV1Kr4y1i7ru,92,中性,中性,0.7713076229200142,0.11236146525422612,0.7713076229200142,0.11633091182575964,0.0,0,0,False,
学习区,BV1Kr4y1i7ru,算把，前端跟后端交接，中间数据库当API,中性,负面,0.35925736958217064,0.32379910510318777,0.3169435253146416,0.35925736958217064,0.0,0,0,True,0.0
学习区,BV1Kr4y1i7ru,我就是新疆的！,中性,中性,0.7914286994700518,0.16881785531757665,0.7914286994700518,0.03975344521237149,0.0,0,0,True,0.0
学习区,BV1Kr4y1i7ru,还是阿玮的声音好听一点,中性,正面,0.45605346388418444,0.45605346388418444,0.23272074246883862,0.31122579364697683,3.0,3,0,True,0.0
学习区,BV1Kr4y1i7ru,铁柱打卡,中性,中性,0.8648756252000337,0.09843396327728719,0.8648756252000337,0.03669041152267921,0.0,0,0,False,
学习区,BV1Kr4y1i7ru,wit23新人软工余尚正实名开卷于2024/03/19/16：06,中性,中性,0.7744928910467356,0.08224364951372291,0.7744928910467356,0.14326345943954152,0.0,0,0,False,
学习区,BV1Kr4y1i7ru,"妖怪,你哪里跑",中性,中性,0.7933056076010434,0.10519171886902202,0.7933056076010434,0.10150267352993456,0.0,0,0,False,
学习区,BV1Kr4y1i7ru,孙悟空来了,中性,中性,0.8099053827073802,0.1397560158527166,0.8099053827073802,0.05033860143990308,0.0,0,0,False,
学习区,BV1Kr4y1i7ru,电商系统,中性,中性,0.6947798502804816,0.25185841383946844,0.6947798502804816,0.053361735880049915,2.0,2,0,True,0.0
学习区,BV1Kr4y1i7ru,软件系统 最核心的是什么 是数据,中性,中性,0.5801466440691386,0.27730439128768436,0.5801466440691386,0.14254896464317698,1.0,1,0,True,0.0
学习区,BV1Kr4y1i7ru,派大星打卡,中性,中性,0.8648756252000337,0.09843396327728719,0.8648756252000337,0.03669041152267921,0.0,0,0,False,
学习区,BV1Kr4y1i7ru,佳佳到此一游,中性,中性,0.7020043600393049,0.143157819585164,0.7020043600393049,0.15483782037553118,0.0,0,0,False,
学习区,BV1Kr4y1i7ru,复习,中性,中性,0.8818350391972499,0.060640427309694815,0.8818350391972499,0.05752453349305518,0.0,0,0,False,
学习区,BV1Kr4y1i7ru,我雷加俊实名开卷,中性,中性,0.8741544361522965,0.06236538735141872,0.8741544361522965,0.0634801764962848,0.0,0,0,False,
学习区,BV1Kr4y1i7ru,ztr打卡第一天,中性,中性,0.8774688231001337,0.08362689955638108,0.8774688231001337,0.0389042773434851,0.0,0,0,False,
学习区,BV1Kr4y1i7ru,为什么要学习数据库,中性,中性,0.8445980564448817,0.10974053689834291,0.8445980564448817,0.045661406656775365,0.0,0,0,False,
学习区,BV1Kr4y1i7ru,学习,中性,中性,0.8993392975229281,0.04377276797882603,0.8993392975229281,0.05688793449824594,0.0,0,0,False,
学习区,BV1Kr4y1i7ru,黑大帅打卡,中性,中性,0.8550620635597216,0.1027777999104767,0.8550620635597216,0.042160136529801696,0.0,0,0,False,
学习区,BV1Kr4y1i7ru,华北理工轻工学院刘彦良实名观看,中性,中性,0.8143642516284286,0.0756849404926584,0.8143642516284286,0.10995080787891306,0.0,0,0,False,
学习区,BV1Kr4y1i7ru,乌坦城萧家萧炎实名观看,中性,中性,0.8389428969783842,0.0726129519515753,0.8389428969783842,0.08844415107004051,0.0,0,0,False,
学习区,BV1Kr4y1i7ru,贵阳学院萧炎签到,中性,中性,0.729788267877301,0.11097064555556506,0.729788267877301,0.1592410865671341,0.0,0,0,False,
学习区,BV1Kr4y1i7ru,啊伟啊伟,中性,负面,0.8505159163166204,0.050569660640329805,0.09891442304304988,0.8505159163166204,0.0,0,0,True,0.0
学习区,BV1Kr4y1i7ru,三联打卡,中性,中性,0.8648756252000337,0.09843396327728719,0.8648756252000337,0.03669041152267921,0.0,0,0,False,
学习区,BV1Kr4y1i7ru,西交大zkq学MySql！,中性,中性,0.7688093274569294,0.1239184702716921,0.7688093274569294,0.10727220227137846,0.0,0,0,True,0.0
学习区,BV1Kr4y1i7ru,高稷伟打卡,中性,中性,0.8550620635597216,0.1027777999104767,0.8550620635597216,0.042160136529801696,0.0,0,0,False,
学习区,BV1Kr4y1i7ru,195集你说十天学玩啊,中性,中性,0.5297083029702924,0.111466760197929,0.5297083029702924,0.35882493683177863,0.0,0,0,True,0.0
学习区,BV1Kr4y1i7ru,吕俊欣打卡第一天,中性,中性,0.8774688231001337,0.08362689955638108,0.8774688231001337,0.0389042773434851,0.0,0,0,False,
学习区,BV1Kr4y1i7ru,别卷了,中性,中性,0.8238717381182336,0.0982402286068046,0.8238717381182336,0.07788803327496172,0.0,0,0,False,
学习区,BV1Kr4y1i7ru,2023,中性,中性,0.8447861383823051,0.08443441194650081,0.8447861383823051,0.07077944967119407,0.0,0,0,False,
学习区,BV1Kr4y1i7ru,100人,中性,中性,0.7562493885942452,0.14734571086441745,0.7562493885942452,0.09640490054133742,0.0,0,0,False,
学习区,BV1Kr4y1i7ru,大数据的来了,中性,中性,0.8365956588142544,0.08770292232445634,0.8365956588142544,0.07570141886128941,0.0,0,0,False,
学习区,BV1Kr4y1i7ru,是名7日学习1/7/1-195,中性,中性,0.8458614291333157,0.06911319246068712,0.8458614291333157,0.08502537840599712,0.0,0,0,False,
学习区,BV1Kr4y1i7ru,学习。。。。。,中性,中性,0.8251742546478837,0.09885706510222116,0.8251742546478837,0.07596868024989512,0.0,0,0,False,
学习区,BV1Kr4y1i7ru,测试,中性,中性,0.7231368434006898,0.13963213887218529,0.7231368434006898,0.13723101772712476,0.0,0,0,False,
学习区,BV1Kr4y1i7ru,2023-11-10,中性,中性,0.8554834760630651,0.08418374094804319,0.8554834760630651,0.06033278298889169,0.0,0,0,False,
学习区,BV1Kr4y1i7ru,精通数据库的应用就是要对数据库的细节要有很重要的一种moire你,中性,中性,0.5522974626999877,0.2516909654559423,0.5522974626999877,0.19601157184406998,0.0,0,0,True,0.0
学习区,BV1Kr4y1i7ru,为了学SQL注入，特意来学SQL,中性,中性,0.5942480310477131,0.1424796915038621,0.5942480310477131,0.26327227744842474,0.0,0,0,True,0.0
学习区,BV1Kr4y1i7ru,家人们，有课本推荐吗,中性,正面,0.4903806006409333,0.4903806006409333,0.30570702278488515,0.20391237657418151,2.0,2,0,True,0.0
学习区,BV1Kr4y1i7ru,系统学习下mysql,中性,中性,0.7178020917108809,0.16557121184115167,0.7178020917108809,0.11662669644796742,2.0,2,0,True,0.0
学习区,BV1Kr4y1i7ru,现在还有人学习,中性,中性,0.7583609123066095,0.06779471136358702,0.7583609123066095,0.17384437632980337,0.0,0,0,False,
学习区,BV1Kr4y1i7ru,好多人看哟,中性,中性,0.7687844604632996,0.15802408644731405,0.7687844604632996,0.07319145308938638,0.0,0,0,False,
生活区,BV1Rjc4zJEvz,这是蛋神,中性,中性,0.7614060957855203,0.0871520787775584,0.7614060957855203,0.15144182543692125,0.0,0,0,False,
生活区,BV1Rjc4zJEvz,牙崩了牙崩了，牙崩了吗牙崩了吗,中性,中性,0.7836293934140613,0.08764747108503572,0.7836293934140613,0.12872313550090303,-3.0,0,3,True,0.0
生活区,BV1Rjc4zJEvz,同款大蓝碗,中性,中性,0.7020043600393049,0.143157819585164,0.7020043600393049,0.15483782037553118,0.0,0,0,False,
生活区,BV1Rjc4zJEvz,世子之争，素来如此！,中性,中性,0.625281316529159,0.25519338376801615,0.625281316529159,0.11952529970282486,0.0,0,0,True,0.0
生活区,BV1Rjc4zJEvz,这就有点剧本了,中性,中性,0.8181312346650048,0.11765934485908407,0.8181312346650048,0.06420942047591115,0.0,0,0,False,
生活区,BV1Rjc4zJEvz,兄弟和你心连心，你和兄弟玩脑筋,中性,中性,0.6069418704670304,0.18068183721619804,0.6069418704670304,0.21237629231677155,0.0,0,0,True,0.0
生活区,BV1Rjc4zJEvz,同款电磁炉,中性,中性,0.7020043600393049,0.143157819585164,0.7020043600393049,0.15483782037553118,0.0,0,0,False,
生活区,BV1Rjc4zJEvz,《这是什么dawn》,中性,中性,0.770160509765382,0.11102866975736805,0.770160509765382,0.11881082047724997,0.0,0,0,False,
生活区,BV1Rjc4zJEvz,同款饭碗,中性,中性,0.7020043600393049,0.143157819585164,0.7020043600393049,0.15483782037553118,0.0,0,0,False,
生活区,BV1Rjc4zJEvz,同款碗,中性,中性,0.6824164084334479,0.16426036627556032,0.6824164084334479,0.15332322529099177,0.0,0,0,False,
生活区,BV1Rjc4zJEvz,同款蓝碗,中性,中性,0.7020043600393049,0.143157819585164,0.7020043600393049,0.15483782037553118,0.0,0,0,False,
生活区,BV1Rjc4zJEvz,是蛋仔,中性,中性,0.7537146468616323,0.09818451535284152,0.7537146468616323,0.14810083778552616,0.0,0,0,False,
生活区,BV1Rjc4zJEvz,同款大蓝碗。,中性,中性,0.775390554092963,0.1284801082496001,0.775390554092963,0.09612933765743695,0.0,0,0,False,
生活区,BV1Rjc4zJEvz,同款碗。,中性,中性,0.7307730664323414,0.15062950585611004,0.7307730664323414,0.11859742771154856,0.0,0,0,False,
生活区,BV1Rjc4zJEvz,铁蛋。,中性,中性,0.791414416034684,0.12416779830920943,0.791414416034684,0.08441778565610655,0.0,0,0,False,
生活区,BV1Rjc4zJEvz,老弟：你*********,中性,中性,0.7862416689735503,0.14224849701706446,0.7862416689735503,0.07150983400938529,0.0,0,0,False,
生活区,BV1Rjc4zJEvz,跳跃时间吧！绯红之王00：35,中性,中性,0.7565561720665525,0.19350535300632965,0.7565561720665525,0.04993847492711778,0.0,0,0,False,
生活区,BV1Rjc4zJEvz,六六六衣服同款。,中性,中性,0.7580998898929194,0.1326637244121189,0.7580998898929194,0.10923638569496173,0.0,0,0,False,
生活区,BV1Rjc4zJEvz,实心蛋,中性,中性,0.7916008052419514,0.09842769226574458,0.7916008052419514,0.10997150249230392,0.0,0,0,False,
生活区,BV1Rjc4zJEvz,同款网,中性,中性,0.7020043600393049,0.143157819585164,0.7020043600393049,0.15483782037553118,0.0,0,0,False,
生活区,BV1Rjc4zJEvz,这是木头,中性,中性,0.7614060957855203,0.0871520787775584,0.7614060957855203,0.15144182543692125,0.0,0,0,False,
生活区,BV1Rjc4zJEvz,Sp双开，其实我说的是作者。,中性,中性,0.48015024310706483,0.12158376798243947,0.48015024310706483,0.39826598891049575,0.0,0,0,True,0.0
生活区,BV1Rjc4zJEvz,跳伞00：30,中性,中性,0.7752728962364986,0.11789975461248135,0.7752728962364986,0.10682734915101987,0.0,0,0,False,
生活区,BV1Rjc4zJEvz,你弟长得有点像曲江王凯,中性,中性,0.7677470111154764,0.13059630007024,0.7677470111154764,0.10165668881428368,0.0,0,0,False,
生活区,BV1Rjc4zJEvz,跳伞00:  16,中性,中性,0.7733217708844906,0.11947537843591673,0.7733217708844906,0.10720285067959259,0.0,0,0,False,
生活区,BV1Rjc4zJEvz,78蛋,中性,中性,0.8393794486172019,0.07316237008186587,0.8393794486172019,0.08745818130093232,0.0,0,0,False,
生活区,BV1Rjc4zJEvz,逆转时间吧00：30,中性,中性,0.8382606858231164,0.07342335673182426,0.8382606858231164,0.08831595744505932,0.0,0,0,False,
生活区,BV1Rjc4zJEvz,跳跃时间吧！绯红之王00:01,中性,中性,0.7839092850110831,0.17001668579406778,0.7839092850110831,0.046074029194849056,0.0,0,0,False,
生活区,BV1Rjc4zJEvz,跳跃时间吧！排红之王00:36,中性,中性,0.7828718111878468,0.17530374608753016,0.7828718111878468,0.04182444272462302,0.0,0,0,False,
生活区,BV1Rjc4zJEvz,会跳舞的蛋,中性,中性,0.6076193000002774,0.2850812679734318,0.6076193000002774,0.10729943202629079,1.0,1,0,True,0.0
生活区,BV1Rjc4zJEvz,跳跃时间吧！绯红之王00：29,中性,中性,0.7669164551473834,0.18807312683440175,0.7669164551473834,0.04501041801821479,0.0,0,0,False,
生活区,BV1Rjc4zJEvz,时间跳跃吧！绯红之王00:30,中性,中性,0.8037574852136404,0.15516348644150244,0.8037574852136404,0.04107902834485713,0.0,0,0,False,
生活区,BV1Rjc4zJEvz,时间跳跃吧！绯红之王。跳伞00:31,中性,中性,0.7598436915664258,0.19458615395933862,0.7598436915664258,0.04557015447423559,0.0,0,0,False,
生活区,BV1Rjc4zJEvz,这是魔丸蛋，因为魔丸坚不可摧,中性,中性,0.6004468885600095,0.08123082132858044,0.6004468885600095,0.31832229011141006,0.0,0,0,True,0.0
生活区,BV1Rjc4zJEvz,这是钢蛋。,中性,中性,0.7939957394802912,0.08442265251463195,0.7939957394802912,0.12158160800507686,0.0,0,0,False,
生活区,BV1Rjc4zJEvz,这是钢带。,中性,中性,0.7939957394802912,0.08442265251463195,0.7939957394802912,0.12158160800507686,0.0,0,0,False,
生活区,BV1Rjc4zJEvz,这是铁蛋。,中性,中性,0.7939957394802912,0.08442265251463195,0.7939957394802912,0.12158160800507686,0.0,0,0,False,
生活区,BV1Rjc4zJEvz,语言指导范晓言,中性,中性,0.8843196269324823,0.058694327702001614,0.8843196269324823,0.05698604536551592,0.0,0,0,False,
生活区,BV1Rjc4zJEvz,刷到第一个老弟视频,中性,中性,0.7635400151677951,0.14004575348528625,0.7635400151677951,0.09641423134691868,0.0,0,0,False,
生活区,BV1Rjc4zJEvz,石头蛋,中性,中性,0.7916008052419514,0.09842769226574458,0.7916008052419514,0.10997150249230392,0.0,0,0,False,
生活区,BV1Rjc4zJEvz,快闪开,中性,中性,0.7849475979687578,0.10764537665440503,0.7849475979687578,0.10740702537683726,0.0,0,0,False,
生活区,BV1Rjc4zJEvz,跳伞00:23,中性,中性,0.7861917829497843,0.1140415485590342,0.7861917829497843,0.0997666684911815,0.0,0,0,False,
生活区,BV1Rjc4zJEvz,龖这念什么,中性,中性,0.7810007712344593,0.1332903227545357,0.7810007712344593,0.08570890601100509,0.0,0,0,False,
生活区,BV1Rjc4zJEvz,同款,中性,中性,0.7231368434006898,0.13963213887218529,0.7231368434006898,0.13723101772712476,0.0,0,0,False,
生活区,BV1Rjc4zJEvz,五级蛋,中性,中性,0.7916008052419514,0.09842769226574458,0.7916008052419514,0.10997150249230392,0.0,0,0,False,
生活区,BV1Rjc4zJEvz,[前方高能],中性,正面,0.6438958131746438,0.6438958131746438,0.27057607693615,0.08552810988920628,2.0,2,0,True,0.0
生活区,BV1Rjc4zJEvz,龙息蛋,中性,中性,0.7916008052419514,0.09842769226574458,0.7916008052419514,0.10997150249230392,0.0,0,0,False,
生活区,BV1Rjc4zJEvz,这是钢蛋,中性,中性,0.7614060957855203,0.0871520787775584,0.7614060957855203,0.15144182543692125,0.0,0,0,False,
生活区,BV1Rjc4zJEvz,正在喝水的赶紧吞下去或者别喝,中性,中性,0.6192073896606151,0.1355901419660607,0.6192073896606151,0.2452024683733243,0.0,0,0,True,0.0
生活区,BV1Rjc4zJEvz,跳伞0:30,中性,中性,0.7595733653299176,0.1219712993278931,0.7595733653299176,0.11845533534218941,0.0,0,0,False,
生活区,BV1Rjc4zJEvz,这是王八蛋,中性,中性,0.7614060957855203,0.0871520787775584,0.7614060957855203,0.15144182543692125,0.0,0,0,False,
