partition,bvid,text,pred_label,pred_raw_label,model_confidence,prob_positive,prob_neutral,prob_negative,lexicon_score,discourse_score,pos_cnt,neg_cnt,is_mixed_sentiment,sentiment_type,sentiment_target,sentiment_aspect,aspect_sentiment,manual_override,manual_label
学习区,BV1uz4y1475S,为什么他总能精确判断我的每一步？？？,负面,负面,0.931206707386281,0.001969998991558688,0.06682329362216036,0.931206707386281,0.0,0.0,0,0,0,无明显情感,未明确对象,未明确方面,中性,False,
学习区,BV1uz4y1475S,冷知识:洛必达法则不是洛必达发明出来的，是洛必达买来的,负面,负面,0.7422228630685874,0.009993950593509392,0.24778318633790325,0.7422228630685874,0.0,0.0,0,0,0,无明显情感,未明确对象,未明确方面,中性,False,
学习区,BV1uz4y1475S,高三学子的精神状态是这样的,负面,负面,0.49448247989189537,0.11777508352107136,0.3877424365870333,0.49448247989189537,0.0,0.0,0,0,0,无明显情感,未明确对象,未明确方面,中性,False,
学习区,BV1uz4y1475S,当我拿出我的泰勒展开式，阁下又该如何应对？,负面,负面,0.7322984734836587,0.03170833623789958,0.23599319027844165,0.7322984734836587,0.0,0.0,0,0,0,无明显情感,未明确对象,未明确方面,中性,False,
学习区,BV1uz4y1475S,哦，你也会成为数学大咖,负面,负面,0.4933459498713286,0.1426227563774061,0.36403129375126536,0.4933459498713286,0.0,0.0,0,0,0,无明显情感,课程内容,未明确方面,中性,False,
学习区,BV1uz4y1475S,啊啊啊啊tan45°＝1，，社死了社死了↓,负面,负面,0.526552086078621,0.1388990471226688,0.3345488667987101,0.526552086078621,0.0,0.0,0,0,0,无明显情感,未明确对象,未明确方面,中性,False,
学习区,BV1uz4y1475S,此处的神曲表达了这个导数之麻烦,负面,负面,0.5811137128476855,0.044463306528757005,0.37442298062355756,0.5811137128476855,-1.0,-1.0,0,1,0,对象评价+自身情绪,未明确对象,未明确方面,负面,False,
学习区,BV1uz4y1475S,有些同学不要好高骛远，你先学完导数在看，效率会高很多,负面,负面,0.5645789477258134,0.13496884016826174,0.3004522121059249,0.5645789477258134,0.0,0.0,0,0,0,无明显情感,未明确对象,节奏与效率,中性,False,
学习区,BV1uz4y1475S,刚刚那个题不说不用洛必达就能看出增速快慢，其实洛完一次之后答案也已经很明显了,负面,负面,0.9729904123573891,0.006469222900636026,0.020540364741974855,0.9729904123573891,0.0,0.0,0,0,0,无明显情感,未明确对象,未明确方面,中性,False,
学习区,BV1uz4y1475S,端点效应在高考十课导数大题里面有哦,负面,负面,0.7653506260928916,0.054221434302814335,0.18042793960429396,0.7653506260928916,0.0,0.0,0,0,0,无明显情感,未明确对象,未明确方面,中性,False,
学习区,BV1uz4y1475S,高四驾到，通通闪开,负面,负面,0.4623966314366325,0.20207040707254353,0.33553296149082396,0.4623966314366325,0.0,0.0,0,0,0,无明显情感,未明确对象,未明确方面,中性,False,
学习区,BV1uz4y1475S,《有亿锭附加条件》,负面,负面,0.7320456937847674,0.04569649024203838,0.2222578159731942,0.7320456937847674,0.0,0.0,0,0,0,无明显情感,未明确对象,未明确方面,中性,False,
学习区,BV1uz4y1475S,"""怎么老是一边做作业一边听歌 ？""       “你没看电影里主角做大事的时候都有背景音乐吗”",负面,负面,0.9188790367825278,0.0055097223602921285,0.07561124085718007,0.9188790367825278,0.0,0.0,0,0,0,无明显情感,课程内容,未明确方面,中性,False,
学习区,BV1uz4y1475S,洛仑磁力不做功秒了,负面,负面,0.4754427827515014,0.12396447955860221,0.40059273768989645,0.4754427827515014,0.0,0.0,0,0,0,无明显情感,未明确对象,未明确方面,中性,False,
学习区,BV1uz4y1475S,高一看的津津有味，但是看不懂,负面,负面,0.7565107270860946,0.12653785438634374,0.11695141852756168,0.7565107270860946,-0.55,-0.55,1,1,1,对象评价+认知状态,未明确对象,理解与难度,混合,True,-1.0
学习区,BV1uz4y1475S,《简单的恒成立问题》,负面,负面,0.7895486560158684,0.15048046795692596,0.059970876027205536,0.7895486560158684,0.0,0.0,1,1,1,对象评价,未明确对象,理解与难度,混合,True,-1.0
学习区,BV1uz4y1475S,《遇事不决洛必达，葛军让你洛不达》,负面,负面,0.6851827871489427,0.049405181628599464,0.2654120312224579,0.6851827871489427,0.0,0.0,0,0,0,无明显情感,未明确对象,未明确方面,中性,False,
学习区,BV1uz4y1475S,上下分别求导，不是整体求导,负面,负面,0.6096273387712344,0.04656992087707677,0.3438027403516886,0.6096273387712344,0.0,0.0,0,0,0,无明显情感,未明确对象,未明确方面,中性,False,
学习区,BV1uz4y1475S,拿不到分和扣一点分我还是分的清的,负面,负面,0.6290689738158961,0.05619759682323117,0.31473342936087273,0.6290689738158961,0.0,0.0,0,0,0,无明显情感,未明确对象,未明确方面,中性,False,
学习区,BV1uz4y1475S,见《高等数学 第七版 上册》第三章第二节,负面,负面,0.5245852563085093,0.09401416649240697,0.38140057719908366,0.5245852563085093,0.0,0.0,0,0,0,无明显情感,课程内容,未明确方面,中性,False,
学习区,BV1uz4y1475S,这小曲儿，我还以为我连错别人蓝牙了呢,负面,负面,0.5679177267143698,0.13867784644849934,0.29340442683713086,0.5679177267143698,0.0,0.0,0,0,0,无明显情感,未明确对象,未明确方面,中性,False,
学习区,BV1uz4y1475S,甚至有踩点迹象我哭死,负面,负面,0.4887048229641769,0.10816330065527989,0.40313187638054326,0.4887048229641769,0.0,0.0,0,0,0,自身情绪,未明确对象,未明确方面,中性,False,
学习区,BV1uz4y1475S,这个同构不是一般都要记,负面,负面,0.45710399640538885,0.09530138938246772,0.4475946142121434,0.45710399640538885,0.0,0.0,0,0,0,无明显情感,未明确对象,未明确方面,中性,False,
学习区,BV1uz4y1475S,对“0”取倒数，下放做分母，可得∞/∞,负面,负面,0.4056761475568389,0.20490935848456643,0.38941449395859473,0.4056761475568389,0.0,0.0,0,0,0,无明显情感,未明确对象,未明确方面,中性,False,
学习区,BV1uz4y1475S,《翻译：不学完蛋》,负面,负面,0.8289416560203561,0.07299005976415149,0.09806828421549249,0.8289416560203561,1.0,1.0,1,0,0,对象评价,未明确对象,未明确方面,正面,True,-1.0
学习区,BV1uz4y1475S,导数界的十二金钗！！！！,负面,负面,0.41555091077298284,0.33289373601487066,0.2515553532121464,0.41555091077298284,0.0,0.0,0,0,0,无明显情感,未明确对象,未明确方面,中性,False,
学习区,BV1uz4y1475S,妈妈问我不是在学习吗？,负面,负面,0.6325013935929682,0.014947570557667125,0.3525510358493646,0.6325013935929682,0.0,0.0,0,0,0,无明显情感,未明确对象,未明确方面,中性,False,
学习区,BV1uz4y1475S,致敬传奇数学大师姜萍,负面,负面,0.7584757998635993,0.14813128001934006,0.09339292011706074,0.7584757998635993,1.0,1.0,1,0,0,对象评价,课程内容,未明确方面,正面,True,-1.0
学习区,BV1uz4y1475S,这个有点过度追求洛必达了，可以参变分离的，后面是一个常数比含参的式子,负面,负面,0.8376069699623278,0.060522754138398374,0.10187027589927394,0.8376069699623278,1.0,1.0,1,0,0,对象评价,未明确对象,未明确方面,正面,True,-1.0
学习区,BV1uz4y1475S,所以构造一个直角三角形，下面的一边是x，上面一边sinx，令x趋于0，会得到一个直角三角形,负面,负面,0.6277667703941158,0.04608905671805637,0.3261441728878279,0.6277667703941158,0.0,0.0,0,0,0,无明显情感,未明确对象,未明确方面,中性,False,
学习区,BV1uz4y1475S,雷氏数学解释为0,负面,负面,0.4997973803576839,0.0671777107733041,0.43302490886901196,0.4997973803576839,0.0,0.0,0,0,0,无明显情感,课程内容,未明确方面,中性,False,
学习区,BV1uz4y1475S,用洛必达的话，得先对函数求导看单调性，之后再用，我们老师说了用的话可能扣2分左右，但有些情况就得用洛必达，别的方法太麻烦,负面,负面,0.9436061877278714,0.004105530833534998,0.0522882814385935,0.9436061877278714,-1.0,-1.0,0,1,0,对象评价+自身情绪,讲解者+课程内容,未明确方面,负面,False,
学习区,BV1uz4y1475S,我去耳机党吓死了,负面,负面,0.8449415980444385,0.027237244765490297,0.12782115719007134,0.8449415980444385,-1.0,-1.0,0,1,0,对象评价,未明确对象,未明确方面,负面,False,
学习区,BV1uz4y1475S,我同学说上下X可以消掉 想笑,负面,负面,0.7078168341701265,0.11057207748100208,0.18161108834887127,0.7078168341701265,1.0,1.0,1,0,0,对象评价,未明确对象,未明确方面,正面,True,-1.0
学习区,BV1uz4y1475S,香蕉君（看不到我）,负面,负面,0.5828008256980496,0.05910413710467208,0.35809503719727837,0.5828008256980496,0.0,0.0,0,0,0,无明显情感,未明确对象,未明确方面,中性,False,
学习区,BV1uz4y1475S,遇事不决，高等数学,负面,负面,0.810995182205472,0.06228576626725259,0.12671905152727536,0.810995182205472,0.0,0.0,0,0,0,无明显情感,课程内容,未明确方面,中性,False,
学习区,BV1uz4y1475S,《遇事不决，洛必达数学》《遇事不决，洛必达数学》《遇事不决，洛必达数学》,负面,负面,0.9187245602142303,0.008425781938766261,0.0728496578470036,0.9187245602142303,0.0,0.0,0,0,0,无明显情感,课程内容,未明确方面,中性,False,
学习区,BV1uz4y1475S,不用找了，到2024年了一数还是没有更新端点效应,负面,负面,0.8429280722528982,0.04353026995639327,0.11354165779070854,0.8429280722528982,0.0,0.0,0,0,0,无明显情感,未明确对象,未明确方面,中性,False,
学习区,BV1uz4y1475S,呜呜，我得坚持好好学数学，他可喊我小笨蛋了,负面,负面,0.6406289817614488,0.1819344324369588,0.17743658580159233,0.6406289817614488,0.0,0.0,0,0,0,无明显情感,课程内容,未明确方面,中性,False,
学习区,BV1uz4y1475S,姥姥：没爱了.,负面,负面,0.8588218109157862,0.046669819884045345,0.0945083692001685,0.8588218109157862,-1.0,-1.0,0,1,0,对象评价,未明确对象,未明确方面,负面,True,-1.0
学习区,BV1uz4y1475S,被f（x）＝｜x｜狠狠坑过，高中课本不会告诉你那个尖不能求导,负面,负面,0.7023019995793215,0.037713654696979584,0.25998434572369894,0.7023019995793215,-1.0,-1.0,0,1,0,对象评价,未明确对象,未明确方面,负面,False,
学习区,BV1uz4y1475S,实在不懂的，把x换成-x代进去看，根据奇偶函数的性质就知道了,负面,负面,0.6426421312296849,0.09221012830203787,0.2651477404682771,0.6426421312296849,0.0,0.0,0,0,0,无明显情感,未明确对象,未明确方面,中性,False,
学习区,BV1uz4y1475S,e^(-x)咋会是正无穷？？？,负面,负面,0.6949157531998124,0.003865205818933355,0.3012190409812544,0.6949157531998124,0.0,0.0,0,0,0,无明显情感,未明确对象,未明确方面,中性,False,
学习区,BV1uz4y1475S,《关于小猪的素材库到底装些了啥》,负面,负面,0.374348355080766,0.3655113968796015,0.26014024803963254,0.374348355080766,0.0,0.0,0,0,0,无明显情感,未明确对象,未明确方面,中性,False,
学习区,BV1uz4y1475S,阿呀，骇死我力,负面,负面,0.7713650797620415,0.13695365510577973,0.0916812651321787,0.7713650797620415,0.0,0.0,0,0,0,无明显情感,未明确对象,未明确方面,中性,False,
学习区,BV1uz4y1475S,在考场上，即使我算出来了，我也一定会质疑自己是不是算错了，然后再算一遍,负面,负面,0.8268267473485755,0.015610152534540494,0.15756310011688401,0.8268267473485755,-1.0,-1.0,0,1,0,对象评价+立场,未明确对象,未明确方面,负面,False,
学习区,BV1uz4y1475S,《人家出题人也没想过你用洛必达啊》,负面,负面,0.8443000840635644,0.02387690340941797,0.13182301252701767,0.8443000840635644,0.0,0.0,0,0,0,无明显情感,未明确对象,未明确方面,中性,False,
学习区,BV1uz4y1475S,半夜在学校偷拿手机听课吓死我了,负面,负面,0.8980242001592003,0.023272827187951872,0.07870297265284791,0.8980242001592003,-1.0,-1.0,0,1,0,对象评价,未明确对象,未明确方面,负面,True,-1.0
学习区,BV1uz4y1475S,华风夏韵，韵洛水天依,负面,负面,0.4623966314366325,0.20207040707254353,0.33553296149082396,0.4623966314366325,0.0,0.0,0,0,0,无明显情感,未明确对象,未明确方面,中性,False,
学习区,BV1uz4y1475S,江苏不给用！！老师说，这种题分离参数就废了。。。,负面,负面,0.8718157237322709,0.0469648126213614,0.0812194636463677,0.8718157237322709,0.0,0.0,0,0,0,无明显情感,讲解者,未明确方面,中性,True,-1.0
学习区,BV1uz4y1475S,不洛没有分洛了扣几分我还是分的清的,负面,负面,0.7467016992198215,0.044391254188444106,0.20890704659173437,0.7467016992198215,0.0,0.0,0,0,0,无明显情感,未明确对象,未明确方面,中性,False,
学习区,BV1uz4y1475S,不是哥们，你还有第2种啊？,负面,负面,0.9041098725233969,0.020978593214897926,0.07491153426170509,0.9041098725233969,0.0,0.0,0,0,0,无明显情感,未明确对象,未明确方面,中性,False,
学习区,BV1uz4y1475S,没仔细听课↓,负面,负面,0.46806188992566017,0.12188321133128767,0.410054898743052,0.46806188992566017,0.0,0.0,0,0,0,无明显情感,未明确对象,未明确方面,中性,False,
学习区,BV1uz4y1475S,骇死我咧,负面,负面,0.876701116509773,0.03043128422085605,0.09286759926937088,0.876701116509773,0.0,0.0,0,0,0,无明显情感,未明确对象,未明确方面,中性,False,
学习区,BV1uz4y1475S,图画错了，你这是指数的,负面,负面,0.9113683479477855,0.022873587425558017,0.06575806462665651,0.9113683479477855,-1.0,-1.0,0,1,0,对象评价,未明确对象,未明确方面,负面,True,-1.0
学习区,BV1uz4y1475S,华风夏韵，洛水天依（转圈）（举起扇子）（放出冰雾）,负面,负面,0.5274536937309927,0.17698124276918042,0.2955650634998268,0.5274536937309927,0.0,0.0,0,0,0,无明显情感,未明确对象,未明确方面,中性,False,
学习区,BV1uz4y1475S,这参数分离出来之后不应该直接放弃这个思路吗，硬求啊，天呐,负面,负面,0.5182186963089592,0.04491436330667576,0.43686694038436497,0.5182186963089592,0.0,0.0,0,0,0,无明显情感,未明确对象,讲解质量,中性,False,
学习区,BV1uz4y1475S,考前别求错人了，洛必达法则是约翰伯努利发现的（杰哥教的）,负面,负面,0.6834283873631912,0.016052763611252744,0.300518849025556,0.6834283873631912,0.0,0.0,0,0,0,无明显情感,未明确对象,未明确方面,中性,False,
学习区,BV1uz4y1475S,如果求导都不会的话也没必要看洛必达了吧╮(╯▽╰)╭,负面,负面,0.65425344790118,0.017836105819507866,0.32791044627931204,0.65425344790118,-1.0,-1.0,0,1,0,对象评价,未明确对象,未明确方面,负面,False,
学习区,BV1uz4y1475S,念啥咒语呢咋就出来了？,负面,负面,0.6779834662594562,0.02952644957262294,0.2924900841679208,0.6779834662594562,0.0,0.0,0,0,0,无明显情感,未明确对象,未明确方面,中性,False,
学习区,BV1uz4y1475S,我瞬间就精神了,负面,负面,0.46661268487956076,0.1583605952512446,0.3750267198691947,0.46661268487956076,0.0,0.0,0,0,0,无明显情感,未明确对象,未明确方面,中性,False,
学习区,BV1uz4y1475S,在物理课里讲过，X→0，sinX→X,负面,负面,0.7555523257851404,0.06315588565041474,0.1812917885644449,0.7555523257851404,0.0,0.0,0,0,0,无明显情感,未明确对象,未明确方面,中性,False,
学习区,BV1uz4y1475S,但是比我做不出来一分没有的好,负面,负面,0.5943664614015491,0.09868392692738169,0.30694961167106916,0.5943664614015491,0.0,0.0,0,0,0,无明显情感,未明确对象,未明确方面,中性,False,
学习区,BV1uz4y1475S,洛必达不歪玩到数学关服,负面,负面,0.9105936888221393,0.005530205493878792,0.08387610568398203,0.9105936888221393,0.0,0.0,0,0,0,无明显情感,课程内容,未明确方面,中性,False,
学习区,BV1uz4y1475S,姥姥是不是不会求导,负面,负面,0.7892335005937111,0.01825520160431472,0.19251129780197415,0.7892335005937111,-1.0,-1.0,0,1,0,对象评价,未明确对象,未明确方面,负面,False,
学习区,BV1uz4y1475S,隐零点？,负面,负面,0.5350327343451675,0.062134450682447204,0.40283281497238527,0.5350327343451675,0.0,0.0,0,0,0,无明显情感,未明确对象,未明确方面,中性,False,
学习区,BV1uz4y1475S,啊♂～～～,负面,负面,0.6628130070566632,0.14609312797600932,0.19109386496732744,0.6628130070566632,0.0,0.0,0,0,0,无明显情感,未明确对象,未明确方面,中性,False,
学习区,BV1uz4y1475S,刚看完端点效应，是什么感受？,负面,负面,0.9195682552305023,0.016236503636908334,0.06419524113258937,0.9195682552305023,0.0,0.0,0,0,0,无明显情感,未明确对象,未明确方面,中性,False,
学习区,BV1uz4y1475S,怎么会有极限这不存在的情况,负面,负面,0.6388986429595356,0.09279359250446804,0.26830776453599636,0.6388986429595356,0.0,0.0,0,0,0,无明显情感,未明确对象,未明确方面,中性,False,
学习区,BV1uz4y1475S,《啊~导~啊~导~给他代给他代给他代给他代噢》,负面,负面,0.5197235644429665,0.1478835873305771,0.3323928482264564,0.5197235644429665,0.0,0.0,0,0,0,无明显情感,未明确对象,未明确方面,中性,False,
学习区,BV1uz4y1475S,友情提示：家长或兄弟在旁边听课的同学4秒后建议将音量调小一小会（doge）,负面,负面,0.6030855592311449,0.1293187080898537,0.26759573267900133,0.6030855592311449,0.0,0.0,0,0,0,无明显情感,未明确对象,未明确方面,中性,False,
学习区,BV1uz4y1475S,可以端点效应吗？,负面,负面,0.7704214916346604,0.13105440427111997,0.09852410409421956,0.7704214916346604,1.0,1.0,1,0,0,对象评价,未明确对象,未明确方面,正面,True,-1.0
学习区,BV1uz4y1475S,姥姥失宠,负面,负面,0.42101887221154377,0.21632602058900813,0.36265510719944816,0.42101887221154377,0.0,0.0,0,0,0,无明显情感,未明确对象,未明确方面,中性,False,
学习区,BV1uz4y1475S,吓死了以为谁突然连我耳机了,负面,负面,0.7430355121883508,0.021801019915268963,0.23516346789638026,0.7430355121883508,-1.0,-1.0,0,1,0,对象评价,未明确对象,未明确方面,负面,False,
学习区,BV1uz4y1475S,《 瞎洛特烦恼 》,负面,中性,0.6525424904832393,0.19821419930610756,0.6525424904832393,0.14924331021065323,0.0,0.0,0,0,0,自身情绪,未明确对象,未明确方面,中性,False,
学习区,BV1uz4y1475S,就这样一直洛着洛着洛着洛着～,负面,负面,0.6236641357144147,0.20185057666556752,0.17448528762001775,0.6236641357144147,0.0,0.0,0,0,0,无明显情感,未明确对象,未明确方面,中性,False,
学习区,BV1uz4y1475S,？？？？？啥音,负面,负面,0.9969248417654674,7.56103988728622e-05,0.002999547835659641,0.9969248417654674,0.0,0.0,0,0,0,无明显情感,未明确对象,未明确方面,中性,False,
学习区,BV1uz4y1475S,不尔，哪里装了？这题洛必达秒了！你不知道洛必达吗？哈~大学知识，很简单的,负面,负面,0.9658804443602607,0.010001888455520304,0.024117667184219024,0.9658804443602607,1.5,1.5,1,0,0,对象评价,未明确对象,理解与难度,正面,False,
学习区,BV1uz4y1475S,扣一点点分和只能得一点点分，我还是分得清的。,负面,负面,0.4300785791605257,0.1566390103546804,0.4132824104847938,0.4300785791605257,0.0,0.0,0,0,0,无明显情感,未明确对象,未明确方面,中性,False,
学习区,BV1uz4y1475S,华夏风韵，洛水天依,负面,负面,0.4623966314366325,0.20207040707254353,0.33553296149082396,0.4623966314366325,0.0,0.0,0,0,0,无明显情感,未明确对象,未明确方面,中性,False,
学习区,BV1uz4y1475S,好玩在哪,负面,负面,0.7231980138269217,0.12313221811865203,0.15366976805442617,0.7231980138269217,1.0,1.0,1,0,0,对象评价,未明确对象,未明确方面,正面,True,-1.0
学习区,BV1uz4y1475S,你怎么知道我是从导数那节跳过来的,负面,负面,0.8251262996589518,0.03632774264990361,0.13854595769114456,0.8251262996589518,0.0,0.0,0,0,0,无明显情感,未明确对象,未明确方面,中性,False,
学习区,BV1uz4y1475S,这边听不懂可以去学一下高二。,负面,中性,0.9081145695492436,0.029581790764161977,0.9081145695492436,0.06230363968659441,-2.0,-2.0,0,2,0,对象评价+认知状态,未明确对象,理解与难度,负面,False,
学习区,BV1uz4y1475S,这高一会考吗？咋一点听不懂，求导咋算的？,负面,负面,0.8606812115569324,0.002446582971406762,0.1368722054716609,0.8606812115569324,-1.0,-1.0,0,1,0,对象评价+认知状态,未明确对象,理解与难度,负面,False,
学习区,BV1uz4y1475S,我太难受了！！！！这个趋近于一直在针对我。。。。,负面,负面,0.4545588295749748,0.1109510146518121,0.43449015577321315,0.4545588295749748,-1.0,-1.0,0,1,0,对象评价+自身情绪,未明确对象,理解与难度,负面,False,
学习区,BV1uz4y1475S,有个问题，那怎么确定在是1/1的时候，它是在下部分，而不是在上部分呢？为什么不是在趋近于零是在x的上部分，而是在x的下部分,负面,负面,0.969384231879014,0.0008128811666639002,0.029802886954322007,0.969384231879014,-1.0,-1.0,0,1,0,对象评价,未明确对象,未明确方面,负面,False,
学习区,BV1uz4y1475S,无限接近还是去不到啊？,负面,负面,0.8819155624600807,0.02466400110692974,0.09342043643298949,0.8819155624600807,0.0,0.0,0,0,0,无明显情感,未明确对象,未明确方面,中性,False,
学习区,BV1uz4y1475S,端点效应秒了,负面,负面,0.6515084274523364,0.18006504410797955,0.16842652843968395,0.6515084274523364,0.0,0.0,0,0,0,无明显情感,未明确对象,未明确方面,中性,False,
学习区,BV1uz4y1475S,从高中数学必修一A版中把Y等于sinX的泰勒展开挖了出来，a,负面,负面,0.7585232300371281,0.04004012348387765,0.20143664647899426,0.7585232300371281,0.0,0.0,0,0,0,无明显情感,课程内容,未明确方面,中性,False,
学习区,BV1uz4y1475S,合着分式的无限值(不管最大还是最小)相等？,负面,负面,0.7891435426319156,0.02196052944093297,0.1888959279271516,0.7891435426319156,0.0,0.0,0,0,0,无明显情感,未明确对象,未明确方面,中性,False,
学习区,BV1uz4y1475S,看成lnx/（1/x），套用洛必达变为（1/x）/（-1/x²）即-x即0,负面,负面,0.6492916018966604,0.02639534551351205,0.3243130525898276,0.6492916018966604,0.0,0.0,0,0,0,无明显情感,未明确对象,未明确方面,中性,False,
学习区,BV1uz4y1475S,没事，洛必达法则在大学生期末考中不会扣过程分嘿嘿,负面,负面,0.4997042685559118,0.01087988658850948,0.48941584485557876,0.4997042685559118,-1.0,-1.0,0,1,0,对象评价,未明确对象,未明确方面,负面,False,
学习区,BV1uz4y1475S,我目前为止见到X的分母，出现这种分数形式，他就会有渐进线。,负面,负面,0.6620738204406161,0.1387180710736149,0.19920810848576892,0.6620738204406161,0.0,0.0,0,0,0,无明显情感,未明确对象,未明确方面,中性,False,
学习区,BV1uz4y1475S,不可否认的是，这题洛必达其实算麻烦了,负面,负面,0.6890326365684681,0.008559739746615124,0.3024076236849168,0.6890326365684681,-1.0,-1.0,0,1,0,对象评价+自身情绪,未明确对象,未明确方面,负面,False,
学习区,BV1uz4y1475S,前面的你分式上的分子说反了是母导子不导-子导母不导..,负面,负面,0.47096305425591534,0.22042601408240983,0.3086109316616749,0.47096305425591534,0.0,0.0,0,0,0,无明显情感,未明确对象,未明确方面,中性,False,
学习区,BV1uz4y1475S,xlnx 没有必要用洛,负面,负面,0.5487863261072258,0.05327348826955277,0.3979401856232214,0.5487863261072258,0.0,0.0,0,0,0,无明显情感,未明确对象,未明确方面,中性,False,
学习区,BV1uz4y1475S,van？？？,负面,负面,0.9477534346731366,0.0036771891266074185,0.04856937620025599,0.9477534346731366,0.0,0.0,0,0,0,无明显情感,未明确对象,未明确方面,中性,False,
学习区,BV1uz4y1475S,其实我觉得我高三就是听早了，脑子反应不过来，现在大一听懂了,负面,负面,0.8481925045007982,0.12012602457653794,0.03168147092266394,0.8481925045007982,1.0,1.0,1,0,0,对象评价+认知状态,未明确对象,理解与难度,正面,True,-1.0
学习区,BV1uz4y1475S,？,负面,负面,0.5026855283824632,0.066622521895101,0.43069194972243574,0.5026855283824632,0.0,0.0,0,0,0,无明显情感,未明确对象,未明确方面,中性,False,
学习区,BV1uz4y1475S,奇偶性不会判断考什么高考,负面,中性,0.8823945953817367,0.02606083362067351,0.8823945953817367,0.0915445709975899,-1.0,-1.0,0,1,0,对象评价,未明确对象,未明确方面,负面,False,
学习区,BV1uz4y1475S,我在图书馆给吓一跳,负面,中性,0.656091584422032,0.10966458168654401,0.656091584422032,0.23424383389142409,0.0,0.0,0,0,0,自身情绪,未明确对象,未明确方面,中性,False,
学习区,BV1uz4y1475S,那我把洛必达法则推一遍不就行了,负面,负面,0.5695090778862107,0.018062706416870893,0.41242821569691845,0.5695090778862107,0.0,0.0,0,0,0,无明显情感,未明确对象,未明确方面,中性,False,
学习区,BV1uz4y1475S,上了大学好崩溃┭┮﹏┭┮ 好怀念小猪老师,负面,正面,0.5328795125839484,0.5328795125839484,0.26830494147077066,0.19881554594528103,-1.0,-1.0,0,1,0,对象评价+自身情绪,讲解者,未明确方面,负面,False,
学习区,BV1uz4y1475S,这题端点效应也很快的,负面,负面,0.6881180484683618,0.1064469680356459,0.20543498349599237,0.6881180484683618,0.0,0.0,0,0,0,无明显情感,未明确对象,未明确方面,中性,False,
学习区,BV1uz4y1475S,这不是普通的洛，这是洛必达的洛,负面,负面,0.6221346431136163,0.06403230771426728,0.3138330491721164,0.6221346431136163,0.0,0.0,0,0,0,无明显情感,未明确对象,未明确方面,中性,False,
学习区,BV1uz4y1475S,为啥？原理是啥？还是死记住？,负面,负面,0.9888395159654088,0.000604798636359087,0.01055568539823208,0.9888395159654088,0.0,0.0,0,0,0,无明显情感,未明确对象,未明确方面,中性,False,
学习区,BV1uz4y1475S,我真服了，国庆前的考试就出了这道题,负面,负面,0.7934469531373427,0.13580593313121872,0.07074711373143862,0.7934469531373427,1.4,1.4,1,0,0,对象评价,未明确对象,未明确方面,正面,True,-1.0
学习区,BV1uz4y1475S,高三的过来听懵了,负面,负面,0.8347527468265848,0.037077729227119764,0.1281695239462954,0.8347527468265848,-1.0,-1.0,0,1,0,对象评价+认知状态,未明确对象,未明确方面,负面,True,-1.0
学习区,BV1uz4y1475S,我就是那个大聪明,负面,负面,0.5718534688828101,0.25903147657348613,0.16911505454370374,0.5718534688828101,1.0,1.0,1,0,0,对象评价,未明确对象,未明确方面,正面,True,-1.0
学习区,BV1uz4y1475S,远眺洛神赋，近拾落花情,负面,负面,0.4196670943688943,0.19107049164285417,0.38926241398825145,0.4196670943688943,0.0,0.0,0,0,0,无明显情感,未明确对象,未明确方面,中性,False,
学习区,BV1uz4y1475S,好奇怪这是在上课嘛。,负面,负面,0.6538607960855127,0.10846681046135649,0.23767239345313082,0.6538607960855127,0.0,0.0,0,0,0,无明显情感,未明确对象,未明确方面,中性,False,
学习区,BV1uz4y1475S,端点效应不就秒了吗,负面,负面,0.8240160993141668,0.06643647253663443,0.10954742814919888,0.8240160993141668,0.0,0.0,0,0,0,无明显情感,未明确对象,未明确方面,中性,False,
学习区,BV1uz4y1475S,《啊啊啊啊啊啊啊啊啊啊啊啊啊啊啊啊》....................谁在高超？,负面,负面,0.5054265652584182,0.060585802686595615,0.43398763205498614,0.5054265652584182,0.0,0.0,0,0,0,无明显情感,未明确对象,未明确方面,中性,False,
学习区,BV1uz4y1475S,面壁者洛必达，我是您的破壁人神奇小猪,负面,负面,0.6850101598658727,0.05884846252259365,0.25614137761153377,0.6850101598658727,0.0,0.0,0,0,0,无明显情感,未明确对象,未明确方面,中性,False,
学习区,BV1uz4y1475S,同学们，注意中间是减号！！！！！！！！！,负面,负面,0.5569296639778099,0.3002567985268979,0.14281353749529213,0.5569296639778099,0.0,0.0,0,0,0,无明显情感,未明确对象,未明确方面,中性,False,
学习区,BV1uz4y1475S,只有被导数折磨过的人才会理解这个法则用起来有多爽,负面,中性,0.5540852083239904,0.038513211887584,0.5540852083239904,0.4074015797884255,-1.0,-1.0,0,1,0,对象评价+自身情绪,未明确对象,未明确方面,负面,False,
学习区,BV1uz4y1475S,高二强基班的我都听不懂,负面,中性,0.6600230079624801,0.1411346491507335,0.6600230079624801,0.19884234288678623,-1.0,-1.0,0,1,0,对象评价+认知状态,未明确对象,理解与难度,负面,False,
学习区,BV1uz4y1475S,其实也可以不用洛必达，本来指数增长速率就比幂函数快,负面,负面,0.7804469835263793,0.08664129903288774,0.13291171744073288,0.7804469835263793,1.0,1.0,1,0,0,对象评价,未明确对象,未明确方面,正面,True,-1.0
学习区,BV1uz4y1475S,刚学完端点效应,负面,负面,0.7537199468413297,0.10917731709890094,0.13710273605976933,0.7537199468413297,0.0,0.0,0,0,0,无明显情感,未明确对象,未明确方面,中性,False,
学习区,BV1uz4y1475S,小猪：小笨蛋；我数学老登：你脑子进盐酸了,负面,负面,0.6337707630556962,0.13218415002692258,0.23404508691738113,0.6337707630556962,0.0,0.0,0,0,0,无明显情感,课程内容,未明确方面,中性,False,
学习区,BV1uz4y1475S,神奇小猪：小笨蛋；我数学老师：你脑子进盐酸了,负面,负面,0.47012609649078874,0.24728524790293102,0.2825886556062803,0.47012609649078874,0.0,0.0,0,0,0,无明显情感,讲解者+课程内容,未明确方面,中性,False,
学习区,BV1uz4y1475S,初二怎么了？没石砾，臭乐子,负面,负面,0.902871099573032,0.020702911167011697,0.07642598925995636,0.902871099573032,0.0,0.0,0,0,0,无明显情感,未明确对象,未明确方面,中性,False,
学习区,BV1uz4y1475S,一句话惹毛上面的红字，高中还不会，没石砾（我初二doge,负面,中性,0.5167177207946068,0.13679611336750017,0.5167177207946068,0.3464861658378932,-1.0,-1.0,0,1,0,对象评价,未明确对象,未明确方面,负面,False,
学习区,BV1uz4y1475S,初二生表示听不懂。。。。。,负面,中性,0.7555332666543327,0.08564641159576157,0.7555332666543327,0.1588203217499056,-1.0,-1.0,0,1,0,对象评价+认知状态,未明确对象,理解与难度,负面,False,
学习区,BV1uz4y1475S,谁懂半夜还带耳机 吓死我了,负面,负面,0.9308772108423012,0.019801031546117016,0.04932175761158159,0.9308772108423012,-1.0,-1.0,0,1,0,对象评价,未明确对象,未明确方面,负面,True,-1.0
学习区,BV1uz4y1475S,为什么要这样求导啊,负面,负面,0.6200496952386341,0.052720222847825376,0.32723008191354047,0.6200496952386341,0.0,0.0,0,0,0,无明显情感,未明确对象,未明确方面,中性,False,
学习区,BV1uz4y1475S,？？？《doge》,负面,负面,0.9000229603374507,0.006901384859534334,0.09307565480301508,0.9000229603374507,0.0,0.0,0,0,0,无明显情感,未明确对象,未明确方面,中性,False,
学习区,BV1uz4y1475S,有些年纪小的别太装了，其实并没有人问你。,负面,负面,0.8927590124676832,0.02458581593199655,0.0826551716003202,0.8927590124676832,0.0,0.0,0,0,0,无明显情感,未明确对象,未明确方面,中性,False,
学习区,BV1uz4y1475S,它说了x＝1另外讨论，它这里是说x≠1的情况,负面,负面,0.5854816386835964,0.04485533327726098,0.3696630280391427,0.5854816386835964,0.0,0.0,0,0,0,无明显情感,未明确对象,未明确方面,中性,False,
学习区,BV1uz4y1475S,一看定义域，二看奇偶性，三看特殊点，四看极限值，五看单调性,负面,负面,0.5524754806820683,0.18071221863608164,0.26681230068185,0.5524754806820683,0.0,0.0,0,0,0,无明显情感,未明确对象,未明确方面,中性,False,
学习区,BV1uz4y1475S,笑了，其实只给答案分,负面,负面,0.801666210148461,0.06645872919368932,0.13187506065784968,0.801666210148461,0.0,0.0,0,0,0,无明显情感,未明确对象,未明确方面,中性,False,
学习区,BV1uz4y1475S,啊呀，骇死我力,负面,负面,0.9248375402616622,0.04092812521837531,0.034234334519962495,0.9248375402616622,0.0,0.0,0,0,0,无明显情感,未明确对象,未明确方面,中性,False,
学习区,BV1uz4y1475S,怎么求导？,负面,负面,0.8308368774406503,0.024050988570100722,0.14511213398924905,0.8308368774406503,0.0,0.0,0,0,0,无明显情感,未明确对象,未明确方面,中性,False,
学习区,BV1uz4y1475S,小学二年级没学过啊,负面,负面,0.7050723909945158,0.12747165080235962,0.16745595820312462,0.7050723909945158,0.0,0.0,0,0,0,无明显情感,未明确对象,未明确方面,中性,False,
学习区,BV1uz4y1475S,姥姥呢？,负面,负面,0.7905482507802662,0.03386307102385183,0.17558867819588198,0.7905482507802662,0.0,0.0,0,0,0,无明显情感,未明确对象,未明确方面,中性,False,
学习区,BV1uz4y1475S,你用洛必达法则都这么困难，如果你要用常规的方法去算，那不得难上加难。甚至一般人看完题就直接放弃了。,负面,负面,0.8933565685606715,0.003024273035646809,0.10361915840368176,0.8933565685606715,-2.0,-2.0,0,2,0,对象评价,课程内容,理解与难度,负面,True,-1.0
学习区,BV1uz4y1475S,刚从一数求导那边回来。,负面,负面,0.569530135518605,0.09388592651489194,0.3365839379665031,0.569530135518605,0.0,0.0,0,0,0,无明显情感,未明确对象,未明确方面,中性,False,
学习区,BV1uz4y1475S,注意，这里的无穷不分正负,负面,负面,0.6347721136457656,0.03891129723283862,0.3263165891213958,0.6347721136457656,0.0,0.0,0,0,0,无明显情感,未明确对象,未明确方面,中性,False,
学习区,BV1uz4y1475S,三点了，还有八个人,负面,负面,0.6355498877982585,0.14707951236738456,0.21737059983435694,0.6355498877982585,0.0,0.0,0,0,0,无明显情感,未明确对象,未明确方面,中性,False,
学习区,BV1uz4y1475S,还有两小时25年数学高考,负面,负面,0.580542232280691,0.0811339974255399,0.33832377029376903,0.580542232280691,0.0,0.0,0,0,0,无明显情感,课程内容,未明确方面,中性,False,
学习区,BV1uz4y1475S,端点效应你得正充分性,负面,负面,0.636304436927811,0.16555516978467102,0.198140393287518,0.636304436927811,0.0,0.0,0,0,0,无明显情感,未明确对象,未明确方面,中性,False,
学习区,BV1uz4y1475S,我奶奶不知道，我奶奶半夜打王者荣耀,负面,负面,0.6268061901075437,0.171518277695982,0.2016755321964743,0.6268061901075437,0.0,0.0,0,0,0,无明显情感,未明确对象,未明确方面,中性,False,
学习区,BV1uz4y1475S,我嘞个豆 吓一跳啊,负面,负面,0.699325854983741,0.07621192721184845,0.22446221780441059,0.699325854983741,0.0,0.0,0,0,0,自身情绪,未明确对象,未明确方面,中性,False,
学习区,BV1uz4y1475S,有谁听见小猪那里的汽车鸣笛声,负面,负面,0.5280788728119551,0.17834316575825276,0.2935779614297921,0.5280788728119551,0.0,0.0,0,0,0,无明显情感,未明确对象,未明确方面,中性,False,
学习区,BV1uz4y1475S,端点效应不行吗,负面,负面,0.8168981897290237,0.048871441575591534,0.1342303686953847,0.8168981897290237,-1.0,-1.0,0,1,0,对象评价,未明确对象,未明确方面,负面,False,
学习区,BV1uz4y1475S,不是吧，小猪老师开启了神奇操作,负面,负面,0.438903491778699,0.31591566617774414,0.24518084204355678,0.438903491778699,0.0,0.0,0,0,0,无明显情感,讲解者,比赛表现,中性,False,
学习区,BV1uz4y1475S,洛一次不行就再洛一次！！！,负面,负面,0.539488131910045,0.23595348045888442,0.2245583876310705,0.539488131910045,-1.0,-1.0,0,1,0,对象评价,未明确对象,未明确方面,负面,False,
学习区,BV1uz4y1475S,没错，是你们错了,负面,负面,0.8715495870139788,0.04563328143972188,0.0828171315462993,0.8715495870139788,-1.0,-1.0,0,1,0,对象评价,未明确对象,未明确方面,负面,True,-1.0
学习区,BV1uz4y1475S,终于是看到洛琪希了，洛门就由我来继承,负面,负面,0.47279655859002645,0.1573765568977201,0.3698268845122535,0.47279655859002645,0.0,0.0,0,0,0,无明显情感,未明确对象,未明确方面,中性,False,
学习区,BV1uz4y1475S,？？？？？？？？？？？,负面,负面,0.9999968774717507,3.95787208924481e-09,3.1185703771297215e-06,0.9999968774717507,0.0,0.0,0,0,0,无明显情感,未明确对象,未明确方面,中性,False,
学习区,BV1uz4y1475S,两次洛必达,负面,负面,0.4948890000843084,0.03683795482410675,0.46827304509158474,0.4948890000843084,0.0,0.0,0,0,0,无明显情感,未明确对象,未明确方面,中性,False,
学习区,BV1uz4y1475S,端点效应,负面,负面,0.6813181796694693,0.1515460242741267,0.16713579605640408,0.6813181796694693,0.0,0.0,0,0,0,无明显情感,未明确对象,未明确方面,中性,False,
学习区,BV1uz4y1475S,特殊点,负面,负面,0.41048357397431534,0.2067628167158709,0.3827536093098138,0.41048357397431534,0.0,0.0,0,0,0,无明显情感,未明确对象,未明确方面,中性,False,
学习区,BV1uz4y1475S,再导一次？,负面,负面,0.5350327343451675,0.062134450682447204,0.40283281497238527,0.5350327343451675,0.0,0.0,0,0,0,无明显情感,未明确对象,未明确方面,中性,False,
学习区,BV1uz4y1475S,那x都能等于1了，怎么能除过去呢,负面,负面,0.6219297566496753,0.04914168764063037,0.3289285557096943,0.6219297566496753,0.0,0.0,0,0,0,无明显情感,未明确对象,未明确方面,中性,False,
学习区,BV1uz4y1475S,当我拿出我的定积分，不定积分和微分方程，二重积分和多重积分阁下该如何对付？,负面,负面,0.8954064254017454,0.02500759709198601,0.0795859775062686,0.8954064254017454,0.0,0.0,0,0,0,无明显情感,未明确对象,未明确方面,中性,False,
学习区,BV1uz4y1475S,不会真是姥姥来了吧,负面,中性,0.7932463722022673,0.03405134611388551,0.7932463722022673,0.17270228168384721,-1.0,-1.0,0,1,0,对象评价,未明确对象,未明确方面,负面,False,
学习区,BV1uz4y1475S,端点效应好出答案不好验证啊,负面,负面,0.9013749771239742,0.052294225889475424,0.04633079698655032,0.9013749771239742,0.0,0.0,0,0,0,无明显情感,未明确对象,未明确方面,中性,False,
学习区,BV1uz4y1475S,我去不早说,负面,负面,0.7593341669622751,0.03425804667665998,0.20640778636106485,0.7593341669622751,0.0,0.0,0,0,0,无明显情感,未明确对象,未明确方面,中性,False,
学习区,BV1uz4y1475S,遇事不决先分差,负面,中性,0.6462878438700694,0.19603273882851782,0.6462878438700694,0.15767941730141277,0.0,0.0,0,0,0,无明显情感,未明确对象,未明确方面,中性,False,
学习区,BV1uz4y1475S,大题实在不会做就用吧也就扣一两分,负面,中性,0.6889407121145181,0.036750301985863466,0.6889407121145181,0.27430898589961844,-1.0,-1.0,0,1,0,对象评价+认知状态,未明确对象,未明确方面,负面,False,
学习区,BV1uz4y1475S,吓一跳,负面,中性,0.6641811267415451,0.20232949097497943,0.6641811267415451,0.13348938228347546,0.0,0.0,0,0,0,自身情绪,未明确对象,未明确方面,中性,False,
学习区,BV1uz4y1475S,思考在我没听视频前是怎么做的….,负面,负面,0.661380020389169,0.07316976330648635,0.2654502163043447,0.661380020389169,0.0,0.0,0,0,0,无明显情感,视频内容,未明确方面,中性,False,
学习区,BV1uz4y1475S,还有八天,负面,负面,0.40669486657860926,0.22648074315310113,0.36682439026828967,0.40669486657860926,0.0,0.0,0,0,0,无明显情感,未明确对象,未明确方面,中性,False,
学习区,BV1uz4y1475S,？？？？,负面,负面,0.9796811577368317,0.0007177132572779765,0.01960112900589035,0.9796811577368317,0.0,0.0,0,0,0,无明显情感,未明确对象,未明确方面,中性,False,
学习区,BV1uz4y1475S,那怎么保证他不扣分,负面,负面,0.4623174698958831,0.15274991447672456,0.3849326156273924,0.4623174698958831,0.0,0.0,0,0,0,无明显情感,未明确对象,未明确方面,中性,False,
学习区,BV1uz4y1475S,？？？？？？？？？？,负面,负面,0.9999890671445328,2.2384351661217864e-08,1.0910471115490714e-05,0.9999890671445328,0.0,0.0,0,0,0,无明显情感,未明确对象,未明确方面,中性,False,
学习区,BV1uz4y1475S,不管了，直接洛！！！！！！！,负面,负面,0.45548790142155304,0.31868799949989496,0.225824099078552,0.45548790142155304,0.0,0.0,0,0,0,无明显情感,未明确对象,未明确方面,中性,False,
学习区,BV1uz4y1475S,100讲讲了这个题型，参数全分离要用到洛必达，那就参数半分离做,负面,负面,0.746337526888479,0.03774024661463319,0.21592222649688778,0.746337526888479,0.0,0.0,0,0,0,无明显情感,未明确对象,未明确方面,中性,False,
学习区,BV1uz4y1475S,我说相信指数爆炸,负面,负面,0.4908996496081755,0.11950716782395629,0.3895931825678682,0.4908996496081755,0.0,0.0,0,0,0,无明显情感,未明确对象,未明确方面,中性,False,
学习区,BV1uz4y1475S,我想知道在大题的时候写要怎么写，还是说这一步只写在草稿上,负面,负面,0.6723311009720717,0.08775381091802117,0.23991508810990717,0.6723311009720717,0.0,0.0,0,0,0,无明显情感,未明确对象,未明确方面,中性,False,
学习区,BV1uz4y1475S,没事，总比0分不会写强,负面,中性,0.6643386261586618,0.07210137287554229,0.6643386261586618,0.263560000965796,-1.0,-1.0,0,1,0,对象评价,未明确对象,未明确方面,负面,False,
学习区,BV1uz4y1475S,被撅了，确信,负面,负面,0.7478119963914296,0.0918792821980856,0.1603087214104847,0.7478119963914296,0.0,0.0,0,0,0,无明显情感,未明确对象,未明确方面,中性,False,
学习区,BV1uz4y1475S,？不准预判,负面,负面,0.5350327343451675,0.062134450682447204,0.40283281497238527,0.5350327343451675,0.0,0.0,0,0,0,无明显情感,未明确对象,未明确方面,中性,False,
学习区,BV1uz4y1475S,ಠ_ಠ我有一个特异功能！！ಠ_ರೃ取下眼睛~ಠ_ಠ再装上去~ರೃ_ಠ再取下另一只~ಠ_ಠ再装上去~ರೃ_ರೃ都取下来~ರೃ∀ರೃ装不上去了！！！,负面,负面,0.7445086178806496,0.09956162649796592,0.15592975562138445,0.7445086178806496,0.0,0.0,0,0,0,无明显情感,未明确对象,未明确方面,中性,False,
学习区,BV1uz4y1475S,既然你不喜欢我(._.)，那我就滚了哦， ( l: )我真的滚了哦，( .-. ) ( :l ) (._.) ( l: )( .-. ) ( :l ) (._.) ( l: )( .-. ) ( :l,负面,负面,0.8300701939094819,0.03727281076442084,0.1326569953260972,0.8300701939094819,-1.0,-1.0,0,1,0,对象评价,未明确对象,未明确方面,负面,False,
学习区,BV1uz4y1475S,难道不是零乘任何数都是零直接判断吗？,负面,负面,0.5063878529300726,0.024765790968451776,0.4688463561014756,0.5063878529300726,0.0,0.0,0,0,0,无明显情感,未明确对象,理解与难度,中性,False,
学习区,BV1uz4y1475S,老猪你干嘛？,负面,负面,0.5980511213286847,0.059088669146256684,0.34286020952505875,0.5980511213286847,0.0,0.0,0,0,0,无明显情感,未明确对象,未明确方面,中性,False,
学习区,BV1uz4y1475S,这次求导没音乐，差评,负面,负面,0.7617479602400966,0.05168804323525344,0.18656399652465,0.7617479602400966,0.0,0.0,0,0,0,无明显情感,未明确对象,未明确方面,中性,False,
学习区,BV1uz4y1475S,他都码字告诉你要分开讨论这个里不展示了,负面,负面,0.6689559962526849,0.09092043778502179,0.2401235659622933,0.6689559962526849,0.0,0.0,0,0,0,无明显情感,未明确对象,未明确方面,中性,False,
学习区,BV1uz4y1475S,必要性探路端点效应,负面,负面,0.7089799195149697,0.13818341727676792,0.15283666320826228,0.7089799195149697,0.0,0.0,0,0,0,无明显情感,未明确对象,未明确方面,中性,False,
学习区,BV1uz4y1475S,某种程度上怎么不算一个概念神,负面,负面,0.44566756207845126,0.18519026047045142,0.36914217745109723,0.44566756207845126,0.0,0.0,0,0,0,无明显情感,未明确对象,未明确方面,中性,False,
学习区,BV1uz4y1475S,为啥不能直接选？一次洛之后分子不是指数函数了吗，增长速度快，直接趋近于正无穷了啊,负面,负面,0.585173121316672,0.015693028358031304,0.39913385032529675,0.585173121316672,0.0,0.0,0,0,0,无明显情感,未明确对象,节奏与效率,中性,False,
学习区,BV1uz4y1475S,已经写晕了,负面,正面,0.5825466280082078,0.5825466280082078,0.25750813254260396,0.15994523944918815,0.0,0.0,0,0,0,自身情绪,未明确对象,未明确方面,中性,False,
学习区,BV1uz4y1475S,端点效应哎,负面,负面,0.6365269172392631,0.18530004826987015,0.17817303449086677,0.6365269172392631,0.0,0.0,0,0,0,无明显情感,未明确对象,未明确方面,中性,False,
学习区,BV1uz4y1475S,sinhx/x？,负面,负面,0.6311610307267793,0.044320320192227716,0.32451864908099304,0.6311610307267793,0.0,0.0,0,0,0,无明显情感,未明确对象,未明确方面,中性,False,
学习区,BV1uz4y1475S,选必2上导数那章不是讲过吗？,负面,负面,0.6775940817802918,0.035737172577875606,0.28666874564183265,0.6775940817802918,0.0,0.0,0,0,0,无明显情感,未明确对象,未明确方面,中性,False,
学习区,BV1uz4y1475S,你奶又知道了,负面,负面,0.45477099047394354,0.15576171760512114,0.3894672919209353,0.45477099047394354,0.0,0.0,0,0,0,无明显情感,未明确对象,未明确方面,中性,False,
学习区,BV1uz4y1475S,直接端点效应秒了,负面,负面,0.5554468500434643,0.19441997008143966,0.25013317987509603,0.5554468500434643,0.0,0.0,0,0,0,无明显情感,未明确对象,未明确方面,中性,False,
学习区,BV1uz4y1475S,为什么要洛必达，他分子是指数远远肯定大于分母啊,负面,负面,0.8311704233691185,0.09573173836293433,0.07309783826794712,0.8311704233691185,1.0,1.0,1,0,0,对象评价,未明确对象,未明确方面,正面,True,-1.0
学习区,BV1uz4y1475S,小学十一年级没听懂,负面,负面,0.9001386969916575,0.04141132653593053,0.05844997647241193,0.9001386969916575,0.0,0.0,0,0,0,无明显情感,未明确对象,未明确方面,中性,False,
学习区,BV1uz4y1475S,端点效应行吗,负面,负面,0.6100142507157597,0.11751719902583171,0.27246855025840866,0.6100142507157597,0.0,0.0,0,0,0,无明显情感,未明确对象,未明确方面,中性,False,
学习区,BV1uz4y1475S,不是哥们,负面,负面,0.5965413041988564,0.06510356306611449,0.33835513273502915,0.5965413041988564,0.0,0.0,0,0,0,无明显情感,未明确对象,未明确方面,中性,False,
学习区,BV1uz4y1475S,唉卧槽出题人怎么这么坏,负面,负面,0.4529503113605814,0.1914661530021729,0.3555835356372458,0.4529503113605814,0.0,0.0,0,0,0,无明显情感,未明确对象,未明确方面,中性,False,
学习区,BV1uz4y1475S,没分怎么扣,负面,负面,0.51754978646328,0.15528660847858677,0.3271636050581332,0.51754978646328,0.0,0.0,0,0,0,无明显情感,未明确对象,未明确方面,中性,False,
学习区,BV1uz4y1475S,完了，大三来看已经忘记怎么求导了,负面,负面,0.7496674326621924,0.08492234279356231,0.16541022454424542,0.7496674326621924,-1.0,-1.0,0,1,0,对象评价,未明确对象,未明确方面,负面,True,-1.0
学习区,BV1uz4y1475S,这个不会导就去看基础，别看这个了,负面,负面,0.5045920979711579,0.03655748632019403,0.4588504157086481,0.5045920979711579,-1.0,-1.0,0,1,0,对象评价,未明确对象,未明确方面,负面,False,
学习区,BV1uz4y1475S,??,负面,负面,0.6737403858481289,0.03410507583746572,0.2921545383144054,0.6737403858481289,0.0,0.0,0,0,0,无明显情感,未明确对象,未明确方面,中性,False,
学习区,BV1uz4y1475S,好，这就将你送去成都,负面,负面,0.8454880451005186,0.08575062669598178,0.06876132820349973,0.8454880451005186,0.0,0.0,0,0,0,无明显情感,未明确对象,未明确方面,中性,True,-1.0
学习区,BV1uz4y1475S,选择题为啥不直接带特殊值比如1和-1呢，这个方法在求取值范围的选择题特别好用,负面,负面,0.8277427145832589,0.0822204169598145,0.09003686845692661,0.8277427145832589,1.0,1.0,1,0,0,对象评价,课程内容,未明确方面,正面,True,-1.0
学习区,BV1uz4y1475S,这么强？,负面,负面,0.6082087888919286,0.0822463539059655,0.3095448572021059,0.6082087888919286,0.0,0.0,0,0,0,无明显情感,未明确对象,未明确方面,中性,False,
学习区,BV1uz4y1475S,洛纸依旧不懂,负面,负面,0.6417144853892581,0.12629859893799322,0.23198691567274862,0.6417144853892581,0.0,0.0,0,0,0,无明显情感,未明确对象,未明确方面,中性,False,
学习区,BV1uz4y1475S,小学六年级如何呢？,负面,负面,0.6671621315986621,0.033723861400100016,0.2991140070012378,0.6671621315986621,0.0,0.0,0,0,0,无明显情感,未明确对象,未明确方面,中性,False,
学习区,BV1uz4y1475S,？？,负面,负面,0.788439539860891,0.018475956194005768,0.1930845039451032,0.788439539860891,0.0,0.0,0,0,0,无明显情感,未明确对象,未明确方面,中性,False,
学习区,BV1uz4y1475S,我靠我是滕一的,负面,负面,0.5566088113371996,0.021980030443386322,0.4214111582194141,0.5566088113371996,0.0,0.0,0,0,0,无明显情感,未明确对象,未明确方面,中性,False,
学习区,BV1uz4y1475S,我去，不早说,负面,负面,0.8012428263637548,0.08353885937660441,0.11521831425964092,0.8012428263637548,0.0,0.0,0,0,0,无明显情感,未明确对象,未明确方面,中性,False,
学习区,BV1uz4y1475S,救命好难学,负面,负面,0.7471112787393187,0.14184765814001882,0.11104106312066253,0.7471112787393187,-1.0,-1.0,0,1,0,对象评价,未明确对象,理解与难度,负面,True,-1.0
学习区,BV1uz4y1475S,端点效应倒两次直接秒了,负面,负面,0.5873914993476372,0.18015795553163821,0.23245054512072466,0.5873914993476372,0.0,0.0,0,0,0,无明显情感,未明确对象,未明确方面,中性,False,
学习区,BV1uz4y1475S,老师都没有提过，来这里学吧,负面,负面,0.7142760028190933,0.03274018137081707,0.25298381581008944,0.7142760028190933,0.0,0.0,0,0,0,无明显情感,讲解者,未明确方面,中性,False,
学习区,BV1uz4y1475S,方到你了？,负面,负面,0.6345916159662334,0.05384842306747606,0.3115599609662905,0.6345916159662334,0.0,0.0,0,0,0,无明显情感,未明确对象,未明确方面,中性,False,
学习区,BV1uz4y1475S,其实按增速来看 指数大于幂大于对 直接把小的看作正负一即可,负面,负面,0.5561574009124697,0.07235739757595473,0.3714852015115757,0.5561574009124697,0.0,0.0,0,0,0,无明显情感,未明确对象,未明确方面,中性,False,
学习区,BV1uz4y1475S,不是禁数我还不学呢,负面,负面,0.7700274036968268,0.035664755657840955,0.19430784064533224,0.7700274036968268,0.0,0.0,0,0,0,无明显情感,未明确对象,未明确方面,中性,False,
学习区,BV1uz4y1475S,笑的我好崩溃,负面,负面,0.44729497407852986,0.1970720207094459,0.35563300521202423,0.44729497407852986,-1.0,-1.0,0,1,0,对象评价+自身情绪,未明确对象,未明确方面,负面,False,
学习区,BV1uz4y1475S,包右边啊,负面,负面,0.6913274583695042,0.13352112898007976,0.17515141265041617,0.6913274583695042,0.0,0.0,0,0,0,无明显情感,未明确对象,未明确方面,中性,False,
学习区,BV1uz4y1475S,吓人,负面,负面,0.5988258445896509,0.1605826485751892,0.24059150683515987,0.5988258445896509,-1.0,-1.0,0,1,0,对象评价,未明确对象,未明确方面,负面,True,-1.0
学习区,BV1uz4y1475S,分母不是为零吗？，我有点绕晕了,负面,负面,0.4867725387354831,0.032517270250097825,0.480710191014419,0.4867725387354831,0.0,0.0,0,0,0,自身情绪,未明确对象,未明确方面,中性,False,
学习区,BV1uz4y1475S,我还以为会有什么反转，一个超级无敌牛壁的思路出来，没想到居然还是老老实实哈,负面,负面,0.7532343605053854,0.16167148762863146,0.08509415186598311,0.7532343605053854,2.0,2.0,1,0,0,对象评价,未明确对象,讲解质量,正面,True,-1.0
学习区,BV1uz4y1475S,凭啥扣分呐？我会的多还不行,负面,负面,0.8450336833858089,0.016512758833602925,0.13845355778058813,0.8450336833858089,-1.0,-1.0,0,1,0,对象评价,未明确对象,未明确方面,负面,False,
学习区,BV1uz4y1475S,x为0时这式子本来不就是0吗？只不过取不到,负面,负面,0.6005689789591002,0.037598856260097444,0.36183216478080227,0.6005689789591002,0.0,0.0,0,0,0,无明显情感,未明确对象,未明确方面,中性,False,
学习区,BV1uz4y1475S,听不懂,负面,中性,0.40119045747869775,0.27344739434252363,0.40119045747869775,0.32536214817877857,-1.0,-1.0,0,1,0,对象评价+认知状态,未明确对象,理解与难度,负面,False,
学习区,BV1uz4y1475S,六六六还有第二关,负面,负面,0.43848418583173376,0.21396559683859914,0.3475502173296671,0.43848418583173376,0.0,0.0,0,0,0,无明显情感,未明确对象,未明确方面,中性,False,
学习区,BV1uz4y1475S,右？,负面,负面,0.5188789431336697,0.06437310301787422,0.4167479538484561,0.5188789431336697,0.0,0.0,0,0,0,无明显情感,未明确对象,未明确方面,中性,False,
学习区,BV1uz4y1475S,其实没学导数的高一也能做，直接指数曝炸，秒了,负面,负面,0.7353055933271347,0.03635608589395518,0.22833832077891011,0.7353055933271347,0.0,0.0,0,0,0,无明显情感,未明确对象,未明确方面,中性,False,
学习区,BV1uz4y1475S,？？？,负面,负面,0.9309758778040922,0.0038573655620008853,0.06516675663390702,0.9309758778040922,0.0,0.0,0,0,0,无明显情感,未明确对象,未明确方面,中性,False,
学习区,BV1uz4y1475S,还是小猪讲的好，其他老师讲的我听不懂，绝望之际在下面看到了小猪的课,负面,负面,0.8905741372207288,0.04022855056388076,0.06919731221539048,0.8905741372207288,-2.0,-2.0,0,2,0,对象评价+认知状态,讲解者,理解与难度,负面,False,
学习区,BV1uz4y1475S,？哈,负面,负面,0.5188789431336697,0.06437310301787422,0.4167479538484561,0.5188789431336697,0.0,0.0,0,0,0,无明显情感,未明确对象,未明确方面,中性,False,
学习区,BV1uz4y1475S,我甚至没意识到有背景音乐,负面,负面,0.7039740439615824,0.05482725885632959,0.24119869718208792,0.7039740439615824,0.0,0.0,0,0,0,无明显情感,未明确对象,未明确方面,中性,False,
学习区,BV1uz4y1475S,这个洛必达在法语里是医院的意思，我学法语的,负面,负面,0.7386305787373003,0.02539483966114612,0.23597458160155366,0.7386305787373003,0.0,0.0,0,0,0,无明显情感,未明确对象,未明确方面,中性,False,
学习区,BV1uz4y1475S,e的负x次方曲线与零不是正无穷！！！！！！！！！！！！！！,负面,负面,0.5268631810143779,0.27976883398100927,0.19336798500461286,0.5268631810143779,0.0,0.0,0,0,0,无明显情感,未明确对象,未明确方面,中性,False,
学习区,BV1uz4y1475S,还有没学导数来看洛必达的？？？,负面,负面,0.9962308851844138,0.00012784216359989234,0.0036412726519862862,0.9962308851844138,0.0,0.0,0,0,0,无明显情感,未明确对象,未明确方面,中性,False,
学习区,BV1uz4y1475S,这阴乐有力气,负面,负面,0.7320456937847674,0.04569649024203838,0.2222578159731942,0.7320456937847674,0.0,0.0,0,0,0,无明显情感,未明确对象,未明确方面,中性,False,
学习区,BV1uz4y1475S,武将：洛必达，血量：4x的导数形式，武将技：锁定技：当该函数无法求导时，可将其视为可导函数求导。,负面,负面,0.8116248475385941,0.01913573322119389,0.16923941924021207,0.8116248475385941,0.0,0.0,0,0,0,无明显情感,未明确对象,未明确方面,中性,False,
学习区,BV1uz4y1475S,↑不是分子增长速率比分母大吗？,负面,负面,0.6033376637281568,0.02498837357708857,0.37167396269475483,0.6033376637281568,0.0,0.0,0,0,0,无明显情感,未明确对象,未明确方面,中性,False,
学习区,BV1uz4y1475S,？？？？？,负面,负面,0.9941856702433552,0.00012877974319338886,0.00568555001345147,0.9941856702433552,0.0,0.0,0,0,0,无明显情感,未明确对象,未明确方面,中性,False,
学习区,BV1uz4y1475S,什么叫求导呀？,负面,负面,0.5695931362281329,0.027192263658342684,0.4032146001135244,0.5695931362281329,0.0,0.0,0,0,0,无明显情感,未明确对象,未明确方面,中性,False,
学习区,BV1uz4y1475S,用一个陌生的概念来解释一个未知的难题，所以到底为什么这能叫理解？所以到底为什么洛必达？洛完之后是这样子,负面,负面,0.8532733284965202,0.0014658136629603058,0.14526085784051956,0.8532733284965202,0.0,0.0,0,0,0,无明显情感,未明确对象,理解与难度,中性,False,
学习区,BV1uz4y1475S,反正比不会扣完好,负面,中性,0.7036482708983872,0.08423084946427424,0.7036482708983872,0.21212087963733856,-1.0,-1.0,0,1,0,对象评价,未明确对象,未明确方面,负面,False,
学习区,BV1uz4y1475S,这题用洛必达反而麻烦了,负面,中性,0.5552317332674225,0.017277188467288103,0.5552317332674225,0.4274910782652895,-1.55,-1.55,0,1,0,对象评价+自身情绪,未明确对象,未明确方面,负面,False,
学习区,BV1uz4y1475S,右右右右右右右右右右右右右右右右右右右右右右右右右右右右右右右右右右右右右右右右右右右右右右右右右右右右右右右右右右右右右右右右右右右右右右右右右右右右右右右右右右右右右右右右右右右右右右右右右右右右,负面,负面,0.7878109929418474,0.0469252273551876,0.16526377970296507,0.7878109929418474,0.0,0.0,0,0,0,无明显情感,未明确对象,未明确方面,中性,False,
学习区,BV1uz4y1475S,？？？？？这就行了？？真是邪修,负面,负面,0.9998066324904409,3.060609220538776e-06,0.00019030690033849446,0.9998066324904409,0.0,0.0,0,0,0,无明显情感,未明确对象,未明确方面,中性,False,
学习区,BV1uz4y1475S,骗你的，旁边人也不会写,负面,中性,0.4983452715682701,0.07513939974808866,0.4983452715682701,0.4265153286836411,-1.0,-1.0,0,1,0,对象评价,未明确对象,未明确方面,负面,False,
学习区,BV1uz4y1475S,典型的端点效应,负面,负面,0.7272043531605116,0.13220603262990024,0.14058961420958818,0.7272043531605116,0.0,0.0,0,0,0,无明显情感,未明确对象,未明确方面,中性,False,
学习区,BV1uz4y1475S,求我也没用,负面,中性,0.4854070203611111,0.058061005172668316,0.4854070203611111,0.45653197446622057,-1.0,-1.0,0,1,0,对象评价,未明确对象,未明确方面,负面,False,
学习区,BV1uz4y1475S,这里小猪讲错了,负面,负面,0.81185942990356,0.051717053424026015,0.13642351667241398,0.81185942990356,-1.0,-1.0,0,1,0,对象评价,未明确对象,未明确方面,负面,True,-1.0
学习区,BV1uz4y1475S,啊？哈撒给,负面,负面,0.8279303647235722,0.03755189350585845,0.13451774177056947,0.8279303647235722,0.0,0.0,0,0,0,无明显情感,未明确对象,未明确方面,中性,False,
学习区,BV1uz4y1475S,能理解洛必达就能学积分,负面,负面,0.5535629742050162,0.06334686479258285,0.383090161002401,0.5535629742050162,0.0,0.0,0,0,0,无明显情感,未明确对象,未明确方面,中性,False,
学习区,BV1uz4y1475S,显然两个都不对,负面,负面,0.4868536781241429,0.13973506365179478,0.3734112582240623,0.4868536781241429,0.0,0.0,0,0,0,无明显情感,未明确对象,未明确方面,中性,False,
学习区,BV1uz4y1475S,X的绝对值在零点就不可导,负面,负面,0.4830665006715915,0.0839180815298322,0.43301541779857616,0.4830665006715915,0.0,0.0,0,0,0,无明显情感,未明确对象,未明确方面,中性,False,
学习区,BV1uz4y1475S,啊？,负面,负面,0.8410009028525898,0.036387372194046017,0.1226117249533641,0.8410009028525898,0.0,0.0,0,0,0,无明显情感,未明确对象,未明确方面,中性,False,
学习区,BV1uz4y1475S,别贪了，快跑,负面,负面,0.6961191142824953,0.10252898285955553,0.20135190285794924,0.6961191142824953,0.0,0.0,0,0,0,无明显情感,未明确对象,未明确方面,中性,False,
学习区,BV1uz4y1475S,骇死我力,负面,负面,0.7366269332886044,0.09907311773625808,0.16429994897513756,0.7366269332886044,0.0,0.0,0,0,0,无明显情感,未明确对象,未明确方面,中性,True,-1.0
学习区,BV1uz4y1475S,一个二个让看右下角。又不说附加条件是什么？什么意思啊？,负面,负面,0.9395591723872007,0.001427486250213937,0.059013341362585396,0.9395591723872007,0.0,0.0,0,0,0,无明显情感,未明确对象,未明确方面,中性,False,
学习区,BV1uz4y1475S,我还霞呢,负面,负面,0.557479000467314,0.06330861078092767,0.3792123887517583,0.557479000467314,0.0,0.0,0,0,0,无明显情感,未明确对象,未明确方面,中性,False,
学习区,BV1uz4y1475S,AW 打四甲一枪胸没死敢信？我爱你琳琅地下,负面,负面,0.6442867356193983,0.04712238714702962,0.3085908772335721,0.6442867356193983,0.0,0.0,0,0,0,无明显情感,未明确对象,未明确方面,中性,False,
学习区,BV1uz4y1475S,有,负面,负面,0.7058476750145254,0.050283814947666754,0.2438685100378078,0.7058476750145254,0.0,0.0,0,0,0,无明显情感,未明确对象,未明确方面,中性,False,
学习区,BV1uz4y1475S,听不懂了我去QAQ,负面,中性,0.4983389989440158,0.16387983420077976,0.4983389989440158,0.3377811668552045,-1.0,-1.0,0,1,0,对象评价+认知状态,未明确对象,理解与难度,负面,False,
学习区,BV1uz4y1475S,好诡异啊,负面,负面,0.5994047448024927,0.34006782560437765,0.06052742959312966,0.5994047448024927,0.0,0.0,0,0,0,无明显情感,未明确对象,未明确方面,中性,False,
学习区,BV1uz4y1475S,高一的装啥装看这个有屁用,负面,负面,0.8063551837946427,0.024072709431232943,0.16957210677412451,0.8063551837946427,0.0,0.0,0,0,0,无明显情感,未明确对象,未明确方面,中性,True,-1.0
学习区,BV1uz4y1475S,还有互动,负面,负面,0.40669486657860926,0.22648074315310113,0.36682439026828967,0.40669486657860926,0.0,0.0,0,0,0,无明显情感,未明确对象,未明确方面,中性,False,
学习区,BV1uz4y1475S,吓死我了,负面,负面,0.9909513857248506,0.005505363288288003,0.0035432509868615326,0.9909513857248506,-1.0,-1.0,0,1,0,对象评价,未明确对象,未明确方面,负面,False,
学习区,BV1uz4y1475S,这我知道，列举法_(:з」∠)_,负面,负面,0.5399955184542821,0.16271428518506753,0.2972901963606504,0.5399955184542821,0.0,0.0,0,0,0,无明显情感,未明确对象,未明确方面,中性,False,
学习区,BV1uz4y1475S,有谁在看的,负面,负面,0.623096393562151,0.08704646352633771,0.2898571429115113,0.623096393562151,0.0,0.0,0,0,0,无明显情感,未明确对象,未明确方面,中性,False,
学习区,BV1uz4y1475S,终于知道为啥那个奥数题一堆极限做题的了,负面,负面,0.5778382962718596,0.17313391991233046,0.24902778381580992,0.5778382962718596,0.0,0.0,0,0,0,无明显情感,未明确对象,未明确方面,中性,False,
学习区,BV1uz4y1475S,？这么强？,负面,负面,0.8606908061693234,0.01823180477765408,0.12107738905302255,0.8606908061693234,0.0,0.0,0,0,0,无明显情感,未明确对象,未明确方面,中性,False,
学习区,BV1uz4y1475S,大一没听懂,负面,负面,0.8578624718939845,0.06305503609216334,0.07908249201385226,0.8578624718939845,0.0,0.0,0,0,0,无明显情感,未明确对象,未明确方面,中性,False,
学习区,BV1uz4y1475S,妙啊～,负面,负面,0.6772350798507288,0.13973072844850765,0.18303419170076352,0.6772350798507288,0.0,0.0,0,0,0,无明显情感,未明确对象,未明确方面,中性,False,
学习区,BV1uz4y1475S,在图书馆里还以为这个音乐是别人放的…视频和音乐一动一停，我还以为手机被入侵了,负面,负面,0.6115243047561625,0.07470095459683303,0.3137747406470046,0.6115243047561625,0.0,0.0,0,0,0,无明显情感,视频内容,未明确方面,中性,False,
学习区,BV1uz4y1475S,SOS，这个背了好久背不下来,负面,负面,0.9285158860353293,0.015977474836678475,0.0555066391279922,0.9285158860353293,0.0,0.0,0,0,0,无明显情感,未明确对象,未明确方面,中性,False,
学习区,BV1uz4y1475S,姥姥：呜呜呜，我被抛弃了吗,负面,负面,0.8169850807010268,0.04641308763265311,0.13660183166632003,0.8169850807010268,-1.0,-1.0,0,1,0,对象评价,未明确对象,未明确方面,负面,True,-1.0
学习区,BV1uz4y1475S,前面的，请看一下洛必达法则的定义，是上下分别求导哦！,负面,负面,0.5084944400992766,0.029026486485624222,0.4624790734150992,0.5084944400992766,0.0,0.0,0,0,0,无明显情感,未明确对象,未明确方面,中性,False,
学习区,BV1uz4y1475S,负无穷大行不行,负面,中性,0.7198668199938386,0.09854303926843358,0.7198668199938386,0.18159014073772778,-1.0,-1.0,0,1,0,对象评价,未明确对象,未明确方面,负面,False,
学习区,BV1uz4y1475S,不如端点效应,负面,负面,0.6953254488483336,0.1447759444307713,0.15989860672089512,0.6953254488483336,0.0,0.0,0,0,0,无明显情感,未明确对象,未明确方面,中性,False,
学习区,BV1uz4y1475S,从图书馆戴耳机听到这段吓死了,负面,负面,0.8867845117430418,0.026085229388332187,0.08713025886862606,0.8867845117430418,-1.0,-1.0,0,1,0,对象评价,未明确对象,未明确方面,负面,True,-1.0
学习区,BV1uz4y1475S,根本不会做，扣点分总比不会强,负面,中性,0.6483623320392536,0.0244748568015545,0.6483623320392536,0.327162811159192,-2.0,-2.0,0,2,0,对象评价+认知状态,未明确对象,未明确方面,负面,False,
学习区,BV1uz4y1475S,为什么要用端点效应欺骗我,负面,负面,0.563964386003476,0.11078919443731154,0.32524641955921246,0.563964386003476,0.0,0.0,0,0,0,无明显情感,未明确对象,未明确方面,中性,False,
学习区,BV1uz4y1475S,有极值？,负面,负面,0.8657759623912644,0.014840228277419449,0.1193838093313162,0.8657759623912644,0.0,0.0,0,0,0,无明显情感,未明确对象,未明确方面,中性,False,
学习区,BV1uz4y1475S,再求导一次，怎么是这个等于二了？,负面,负面,0.7786734336590022,0.024353701365590938,0.19697286497540684,0.7786734336590022,0.0,0.0,0,0,0,无明显情感,未明确对象,未明确方面,中性,False,
学习区,BV1uz4y1475S,母亲，我在吗？？？,负面,负面,0.876546143381378,0.0067312171631201834,0.11672263945550176,0.876546143381378,0.0,0.0,0,0,0,无明显情感,未明确对象,未明确方面,中性,False,
学习区,BV1uz4y1475S,形式电荷？？！！,负面,负面,0.9322934118029185,0.017275699653980896,0.0504308885431006,0.9322934118029185,0.0,0.0,0,0,0,无明显情感,未明确对象,未明确方面,中性,False,
学习区,BV1uz4y1475S,倒反天罡，sin x的导数是cos x这个结论其实是通过lim x→0 sin x/x=1这个结论来的,负面,负面,0.7287180614675758,0.09382030563368786,0.17746163289873626,0.7287180614675758,1.0,1.0,1,0,0,对象评价,未明确对象,未明确方面,正面,True,-1.0
学习区,BV1uz4y1475S,左？,负面,负面,0.5188789431336697,0.06437310301787422,0.4167479538484561,0.5188789431336697,0.0,0.0,0,0,0,无明显情感,未明确对象,未明确方面,中性,False,
学习区,BV1uz4y1475S,洛洛洛洛洛必达,负面,负面,0.4948890000843084,0.03683795482410675,0.46827304509158474,0.4948890000843084,0.0,0.0,0,0,0,无明显情感,未明确对象,未明确方面,中性,False,
学习区,BV1uz4y1475S,mbd你准初二来这里干啥，打好基础再说，而且你现在来听这个有什么用，乐,负面,负面,0.9132108886644992,0.006507123368758569,0.0802819879667423,0.9132108886644992,0.0,0.0,0,0,0,无明显情感,未明确对象,未明确方面,中性,False,
学习区,BV1uz4y1475S,洛漫漫其必达兮，吾将上下而求导,负面,负面,0.495441293752626,0.060136092892156705,0.4444226133552172,0.495441293752626,0.0,0.0,0,0,0,无明显情感,未明确对象,未明确方面,中性,False,
学习区,BV1uz4y1475S,？？？？？？？？？？？？,负面,负面,0.9999991079155042,6.998042339519504e-10,8.91384691529248e-07,0.9999991079155042,0.0,0.0,0,0,0,无明显情感,未明确对象,未明确方面,中性,False,
学习区,BV1uz4y1475S,没错，做这种题老能遇到这种情况，我还以为我算错了……,负面,负面,0.8486275970869611,0.02607313639522946,0.12529926651780948,0.8486275970869611,-1.0,-1.0,0,1,0,对象评价,未明确对象,未明确方面,负面,False,
学习区,BV1uz4y1475S,不应该前导后不导，减去后导前不导，再除以底数的平方吗？,负面,负面,0.6241918483993418,0.02157557257615938,0.3542325790244989,0.6241918483993418,0.0,0.0,0,0,0,无明显情感,未明确对象,未明确方面,中性,False,
学习区,BV1uz4y1475S,洛必达法则能推出来吗？用高中知识？,负面,负面,0.7856416755433216,0.0015528054022738713,0.21280551905440445,0.7856416755433216,0.0,0.0,0,0,0,无明显情感,未明确对象,未明确方面,中性,False,
学习区,BV1uz4y1475S,符号抄错了哦,负面,负面,0.6475618343681194,0.10559525337740742,0.2468429122544732,0.6475618343681194,-1.0,-1.0,0,1,0,对象评价,未明确对象,未明确方面,负面,False,
学习区,BV1uz4y1475S,泰安二中魏吸烟不会导,负面,中性,0.7249196746759613,0.0643203234077481,0.7249196746759613,0.2107600019162906,-1.0,-1.0,0,1,0,对象评价,未明确对象,未明确方面,负面,False,
学习区,BV1uz4y1475S,好难啊,负面,负面,0.944886901586169,0.03449196378018165,0.020621134633649618,0.944886901586169,-1.0,-1.0,0,1,0,对象评价,未明确对象,理解与难度,负面,False,
学习区,BV1uz4y1475S,???????????????????????,负面,负面,0.999999999998358,7.982099393247453e-18,1.6421082276263582e-12,0.999999999998358,0.0,0.0,0,0,0,无明显情感,未明确对象,未明确方面,中性,False,
学习区,BV1uz4y1475S,吓死人了,负面,负面,0.9373044818688282,0.03002248025948365,0.03267303787168814,0.9373044818688282,-1.0,-1.0,0,1,0,对象评价,未明确对象,未明确方面,负面,True,-1.0
学习区,BV1uz4y1475S,学了两年都还不会用……,负面,中性,0.7160128589278106,0.0524777848780004,0.7160128589278106,0.23150935619418897,-1.0,-1.0,0,1,0,对象评价,未明确对象,未明确方面,负面,False,
学习区,BV1uz4y1475S,姥姥:终于不是我了,负面,负面,0.6542446014752186,0.1729666437468989,0.17278875477788258,0.6542446014752186,0.0,0.0,0,0,0,无明显情感,未明确对象,未明确方面,中性,False,
学习区,BV1uz4y1475S,那么怎么证明呢？,负面,负面,0.8469492295098803,0.022627788390668792,0.1304229820994509,0.8469492295098803,0.0,0.0,0,0,0,无明显情感,未明确对象,未明确方面,中性,False,
学习区,BV1uz4y1475S,落你雷霆，吓死我了,负面,负面,0.9764756785231992,0.008656540153291327,0.014867781323509572,0.9764756785231992,-1.0,-1.0,0,1,0,对象评价,未明确对象,未明确方面,负面,True,-1.0
学习区,BV1uz4y1475S,别人约会，我上课,负面,负面,0.5949795902433123,0.17942582408271615,0.22559458567397156,0.5949795902433123,0.0,0.0,0,0,0,无明显情感,未明确对象,未明确方面,中性,False,
学习区,BV1uz4y1475S,可以最后提个X，这里求导求繁了,负面,负面,0.8065847891520607,0.08542589320290059,0.1079893176450386,0.8065847891520607,1.0,1.0,1,0,0,对象评价,未明确对象,未明确方面,正面,True,-1.0
学习区,BV1uz4y1475S,有瑕疵点,负面,负面,0.7581639691607999,0.06537330355747083,0.1764627272817294,0.7581639691607999,0.0,0.0,0,0,0,无明显情感,未明确对象,未明确方面,中性,True,-1.0
学习区,BV1uz4y1475S,二阶导的时候求错了,负面,负面,0.6877210710172089,0.05952938512018257,0.25274954386260845,0.6877210710172089,-1.0,-1.0,0,1,0,对象评价,未明确对象,未明确方面,负面,True,-1.0
学习区,BV1uz4y1475S,这一点算错了,负面,负面,0.7950035170993499,0.06007563238380112,0.1449208505168489,0.7950035170993499,-1.0,-1.0,0,1,0,对象评价,未明确对象,未明确方面,负面,False,
学习区,BV1uz4y1475S,下面红字↓（你放屁！！！）,负面,负面,0.5596511522946614,0.2456091631985208,0.19473968450681772,0.5596511522946614,0.0,0.0,0,0,0,无明显情感,未明确对象,未明确方面,中性,True,-1.0
学习区,BV1uz4y1475S,下面的那个处处连续，不可求导，是一个拓扑维度,负面,负面,0.7486464816344994,0.05686088965813095,0.19449262870736966,0.7486464816344994,0.0,0.0,0,0,0,无明显情感,未明确对象,未明确方面,中性,False,
学习区,BV1uz4y1475S,获得了神的力量，但代价是什么呢……,负面,负面,0.6992799920901227,0.03049079358875588,0.27022921432112146,0.6992799920901227,0.0,0.0,0,0,0,无明显情感,未明确对象,未明确方面,中性,False,
学习区,BV1uz4y1475S,这个原点处不应该打圈,负面,负面,0.4829529718176976,0.07474907405412473,0.44229795412817774,0.4829529718176976,0.0,0.0,0,0,0,无明显情感,未明确对象,未明确方面,中性,False,
学习区,BV1uz4y1475S,趋近于零并不代表等于零，这与零乘以任何数等于零不矛盾,负面,负面,0.6086428893421416,0.0793736961870069,0.31198341447085143,0.6086428893421416,0.0,0.0,0,0,0,无明显情感,未明确对象,未明确方面,中性,False,
学习区,BV1uz4y1475S,??????,负面,负面,0.9970647921208644,4.932932690729874e-05,0.0028858785522282706,0.9970647921208644,0.0,0.0,0,0,0,无明显情感,未明确对象,未明确方面,中性,False,
学习区,BV1uz4y1475S,我将去看端点效应,负面,负面,0.7282015358180755,0.11260567459832449,0.1591927895836001,0.7282015358180755,0.0,0.0,0,0,0,无明显情感,未明确对象,未明确方面,中性,False,
学习区,BV1uz4y1475S,路漫漫其修远兮，吾将上下而求导,负面,负面,0.5135680395626561,0.05137273522251067,0.4350592252148333,0.5135680395626561,0.0,0.0,0,0,0,无明显情感,未明确对象,未明确方面,中性,False,
学习区,BV1uz4y1475S,求导是啥,负面,负面,0.4613033188473828,0.08946211957775602,0.44923456157486125,0.4613033188473828,0.0,0.0,0,0,0,无明显情感,未明确对象,未明确方面,中性,False,
学习区,BV1uz4y1475S,为啥我高考前你不讲这些？,负面,负面,0.9215376712343065,0.009284143631052124,0.0691781851346413,0.9215376712343065,0.0,0.0,0,0,0,无明显情感,未明确对象,未明确方面,中性,False,
学习区,BV1uz4y1475S,其实端点效应应该简单一点吧这个题,负面,负面,0.7645206586275186,0.1556609495354986,0.07981839183698274,0.7645206586275186,1.0,1.0,1,0,0,对象评价,未明确对象,理解与难度,正面,True,-1.0
学习区,BV1uz4y1475S,我选择端点效应,负面,负面,0.748559481416222,0.10616021353169411,0.14528030505208403,0.748559481416222,0.0,0.0,0,0,0,无明显情感,未明确对象,未明确方面,中性,False,
学习区,BV1uz4y1475S,为啥零乘无穷不能等于零啊？我也有这个问题T-T,负面,负面,0.9684041427244683,0.002290537768423517,0.029305319507108102,0.9684041427244683,-1.0,-1.0,0,1,0,对象评价,未明确对象,未明确方面,负面,False,
学习区,BV1uz4y1475S,零乘以任何数不都是零？,负面,负面,0.7323902642554999,0.021675543171378313,0.24593419257312174,0.7323902642554999,0.0,0.0,0,0,0,无明显情感,未明确对象,未明确方面,中性,False,
学习区,BV1uz4y1475S,好复杂啊 放弃了,负面,负面,0.9435185716169556,0.03195497899855637,0.02452644938448803,0.9435185716169556,-1.0,-1.0,0,1,0,对象评价,未明确对象,未明确方面,负面,False,
学习区,BV1uz4y1475S,我以为我姥姥手机铃响了,负面,负面,0.4876379423573843,0.10188706321874774,0.41047499442386803,0.4876379423573843,0.0,0.0,0,0,0,无明显情感,未明确对象,未明确方面,中性,False,
学习区,BV1uz4y1475S,你这洛门 洛必达还是洛天依啊,负面,负面,0.7416169682950345,0.03489106312369871,0.22349196858126666,0.7416169682950345,0.0,0.0,0,0,0,无明显情感,未明确对象,未明确方面,中性,False,
学习区,BV1uz4y1475S,其实指数会爆炸，根本就不用洛,负面,负面,0.5860295645006022,0.1622753243339279,0.2516951111654698,0.5860295645006022,0.0,0.0,0,0,0,无明显情感,未明确对象,未明确方面,中性,False,
学习区,BV1uz4y1475S,上课说了,负面,负面,0.8025659663413335,0.05547170178030617,0.14196233187836033,0.8025659663413335,0.0,0.0,0,0,0,无明显情感,未明确对象,未明确方面,中性,False,
学习区,BV1uz4y1475S,难道不会代数吗？这带几个数不就带出来了吗？,负面,负面,0.7724890686143344,0.0034050326829922657,0.22410589870267333,0.7724890686143344,-1.0,-1.0,0,1,0,对象评价,未明确对象,理解与难度,负面,False,
学习区,BV1uz4y1475S,这里直接用端点效应不好吗,负面,负面,0.5067500597755129,0.1000443370380271,0.39320560318646,0.5067500597755129,0.0,0.0,0,0,0,无明显情感,未明确对象,未明确方面,中性,False,
学习区,BV1uz4y1475S,连求导都不知道还有必要打开这个视频吗？,负面,负面,0.8999984456798524,0.015597402256529252,0.08440415206361829,0.8999984456798524,0.0,0.0,0,0,0,无明显情感,视频内容,未明确方面,中性,False,
学习区,BV1uz4y1475S,怎么求导,负面,负面,0.5335890172085771,0.10932331613463288,0.3570876666567901,0.5335890172085771,0.0,0.0,0,0,0,无明显情感,未明确对象,未明确方面,中性,False,
学习区,BV1uz4y1475S,坏了语气不对,负面,负面,0.8945334768182067,0.017881176606076542,0.0875853465757167,0.8945334768182067,-1.0,-1.0,0,1,0,对象评价,未明确对象,未明确方面,负面,True,-1.0
学习区,BV1uz4y1475S,我一般到这已经出问题了,负面,负面,0.8469563944149874,0.049314301866198805,0.10372930371881389,0.8469563944149874,-1.0,-1.0,0,1,0,对象评价,未明确对象,未明确方面,负面,True,-1.0
学习区,BV1uz4y1475S,没学求导看这干啥,负面,负面,0.5645927042335989,0.07987695414009643,0.35553034162630465,0.5645927042335989,0.0,0.0,0,0,0,无明显情感,未明确对象,未明确方面,中性,False,
学习区,BV1uz4y1475S,刚用端点效应给他秒了发现果然是错的,负面,负面,0.5588596621220295,0.2718250526275426,0.16931528525042797,0.5588596621220295,0.0,0.0,0,0,0,无明显情感,未明确对象,未明确方面,中性,False,
生活区,BV1YBvhBhE1f,她好帅啊她好帅啊她好帅！！！（amz音,负面,负面,0.5200802299336398,0.32990359147284815,0.15001617859351196,0.5200802299336398,0.0,0.0,0,0,0,无明显情感,未明确对象,未明确方面,中性,False,
生活区,BV1YBvhBhE1f,从郭雨那儿过来的集合！,负面,负面,0.6690908935097284,0.10773619290794309,0.2231729135823285,0.6690908935097284,0.0,0.0,0,0,0,无明显情感,未明确对象,未明确方面,中性,False,
生活区,BV1YBvhBhE1f,果然番茄对番茄最熟悉（）,负面,负面,0.6463602137944606,0.17784292787170725,0.17579685833383218,0.6463602137944606,0.0,0.0,0,0,0,无明显情感,未明确对象,未明确方面,中性,False,
生活区,BV1YBvhBhE1f,哎呀到底谁在吃零食啊，好难猜啊？,负面,负面,0.7838122037944352,0.005642130044929682,0.21054566616063528,0.7838122037944352,-1.0,-1.0,0,1,0,对象评价,未明确对象,理解与难度,负面,False,
生活区,BV1YBvhBhE1f,上学时这么吃更容易被发现吧？,负面,负面,0.5382778728182104,0.0710293001352114,0.3906928270465782,0.5382778728182104,0.0,0.0,0,0,0,无明显情感,未明确对象,未明确方面,中性,False,
生活区,BV1YBvhBhE1f,考试不会写连题目都没看就开蒙的我：,负面,中性,0.6076467883546169,0.05657486841741263,0.6076467883546169,0.33577834322797045,-1.0,-1.0,0,1,0,对象评价,课程内容,未明确方面,负面,False,
生活区,BV1YBvhBhE1f,郭雨离开了下一个是谁发现外面根本没有下雨,负面,负面,0.48267754307571537,0.047690240261559234,0.46963221666272553,0.48267754307571537,0.0,0.0,0,0,0,无明显情感,未明确对象,未明确方面,中性,False,
生活区,BV1YBvhBhE1f,《选手干扰一下，他没说这个规则吧》,负面,负面,0.4587194728110166,0.12434296466143381,0.4169375625275496,0.4587194728110166,0.0,0.0,0,0,0,无明显情感,比赛内容,比赛表现,中性,False,
生活区,BV1YBvhBhE1f,三点定位，根据这个信息已经能定出番茄家的位置了,负面,负面,0.7069589229138274,0.13109221225554646,0.16194886483062595,0.7069589229138274,0.0,0.0,0,0,0,无明显情感,未明确对象,未明确方面,中性,False,
生活区,BV1YBvhBhE1f,居然比番茄的还准？！,负面,负面,0.6789714508999422,0.08896072272417825,0.2320678263758796,0.6789714508999422,0.0,0.0,0,0,0,无明显情感,未明确对象,未明确方面,中性,False,
生活区,BV1YBvhBhE1f,切翡翠原石？？,负面,负面,0.8177298843130002,0.015469487506948775,0.16680062818005104,0.8177298843130002,0.0,0.0,0,0,0,无明显情感,未明确对象,未明确方面,中性,False,
生活区,BV1YBvhBhE1f,《他们过了会叫的》,负面,负面,0.579499072556184,0.12760494830371327,0.2928959791401026,0.579499072556184,0.0,0.0,0,0,0,无明显情感,未明确对象,未明确方面,中性,True,-1.0
生活区,BV1YBvhBhE1f,还有心里博弈的,负面,负面,0.48241452907980953,0.20306819480201127,0.3145172761181792,0.48241452907980953,0.0,0.0,0,0,0,无明显情感,未明确对象,未明确方面,中性,False,
生活区,BV1YBvhBhE1f,←肯定的啊，都请了周杰伦代言了，必须一波热度挣回来，不然岂不亏大了？,负面,负面,0.9719764150659973,0.01876897262678366,0.009254612307218992,0.9719764150659973,1.0,1.0,1,0,0,对象评价,未明确对象,未明确方面,正面,False,
生活区,BV1YBvhBhE1f,你的番茄，举世称绝!!!,负面,负面,0.5499297819176823,0.23387292541342317,0.21619729266889465,0.5499297819176823,0.0,0.0,0,0,0,无明显情感,未明确对象,未明确方面,中性,False,
生活区,BV1YBvhBhE1f,我靠，真9000阿,负面,负面,0.4180851226484607,0.17655600204642563,0.40535887530511355,0.4180851226484607,0.0,0.0,0,0,0,无明显情感,未明确对象,未明确方面,中性,False,
生活区,BV1YBvhBhE1f,这可能是番茄租的场地 既然能发出来那就代表这不是番茄的个人地址,负面,负面,0.6065833607545514,0.11328768802547919,0.2801289512199694,0.6065833607545514,0.0,0.0,0,0,0,无明显情感,未明确对象,未明确方面,中性,False,
生活区,BV1YBvhBhE1f,肯定不是番茄家，不然怎么会不知道周边最近的店,负面,负面,0.9268480977569035,0.053995582640998956,0.019156319602097644,0.9268480977569035,1.0,1.0,1,0,0,对象评价,未明确对象,未明确方面,正面,True,-1.0
生活区,BV1YBvhBhE1f,美团还是打不过没红包的闪购，没什么好说的,负面,负面,0.8690356572116732,0.03845975439814571,0.09250458839018108,0.8690356572116732,0.0,0.0,0,0,0,无明显情感,未明确对象,未明确方面,中性,True,-1.0
生活区,BV1YBvhBhE1f,竟然还有田野调查吗？,负面,负面,0.5044150516609022,0.06486966110504971,0.4307152872340482,0.5044150516609022,0.0,0.0,0,0,0,无明显情感,未明确对象,未明确方面,中性,False,
生活区,BV1YBvhBhE1f,《那不这不是失败了这噪声》,负面,负面,0.8527954270880319,0.015714965871894204,0.13148960704007384,0.8527954270880319,-1.0,-1.0,0,1,0,对象评价,未明确对象,未明确方面,负面,False,
生活区,BV1YBvhBhE1f,上课吃生姜？！,负面,负面,0.850418588334986,0.04259943466850538,0.10698197699650859,0.850418588334986,0.0,0.0,0,0,0,无明显情感,未明确对象,未明确方面,中性,False,
生活区,BV1YBvhBhE1f,番茄看似输了实则是最大的赢家,负面,负面,0.6083752380994967,0.090399498061559,0.30122526383894427,0.6083752380994967,0.0,0.0,0,0,0,无明显情感,未明确对象,比赛表现,中性,False,
生活区,BV1YBvhBhE1f,啥？没发现就不犯规？？,负面,负面,0.993411514814618,0.00044699193988661276,0.006141493245495544,0.993411514814618,0.0,0.0,0,0,0,无明显情感,未明确对象,未明确方面,中性,False,
生活区,BV1YBvhBhE1f,这里可能不是蕃茄家,负面,负面,0.604065205988191,0.033099707004565375,0.36283508700724354,0.604065205988191,0.0,0.0,0,0,0,无明显情感,未明确对象,未明确方面,中性,False,
生活区,BV1YBvhBhE1f,复旦大学不是吹的,负面,负面,0.522265442581741,0.12825294472952534,0.3494816126887336,0.522265442581741,0.0,0.0,0,0,0,无明显情感,未明确对象,未明确方面,中性,False,
生活区,BV1YBvhBhE1f,我去，我还以为是小精灵凭运气赢的，没想到这么有实力,负面,负面,0.949897753812485,0.027508696703069286,0.022593549484445617,0.949897753812485,0.0,0.0,0,0,0,无明显情感,未明确对象,比赛表现,中性,False,
生活区,BV1YBvhBhE1f,一看就知道上课没吃过瓜子，这个要拿手剥,负面,负面,0.9564627918059618,0.01936078460537088,0.024176423588667183,0.9564627918059618,0.0,0.0,0,0,0,无明显情感,未明确对象,未明确方面,中性,False,
生活区,BV1YBvhBhE1f,《依旧是差距过大给是减半了》,负面,中性,0.6206610220660617,0.12366320635802042,0.6206610220660617,0.255675771575918,0.0,0.0,0,0,0,无明显情感,未明确对象,未明确方面,中性,False,
生活区,BV1YBvhBhE1f,小精灵太可惜了最后三轮都是第二,负面,负面,0.7498030898564934,0.10390858569587445,0.1462883244476322,0.7498030898564934,0.0,0.0,0,0,0,无明显情感,未明确对象,未明确方面,中性,True,-1.0
生活区,BV1YBvhBhE1f,谁在学校吃生姜啊？！,负面,负面,0.7599794805657907,0.03594185922505347,0.20407866020915588,0.7599794805657907,0.0,0.0,0,0,0,无明显情感,未明确对象,未明确方面,中性,False,
生活区,BV1YBvhBhE1f,哪里的身高？,负面,负面,0.4755061513584296,0.06354441854271829,0.46094943009885203,0.4755061513584296,0.0,0.0,0,0,0,无明显情感,未明确对象,未明确方面,中性,False,
生活区,BV1YBvhBhE1f,贪吃王，实至名归,负面,负面,0.4462447906566208,0.20832793170707625,0.34542727763630304,0.4462447906566208,0.0,0.0,0,0,0,无明显情感,未明确对象,未明确方面,中性,False,
生活区,BV1YBvhBhE1f,上课吃瓜子的诀窍不是用嘴磕，放手里扭两圈就能掰开了（本人亲测有效）,负面,负面,0.8797477054442892,0.0808116344504971,0.03944066010521374,0.8797477054442892,1.0,1.0,1,0,0,对象评价,未明确对象,未明确方面,正面,False,
生活区,BV1YBvhBhE1f,这关开始就说他们不知道周边店铺，要是谁家的话你是觉得他们从来不出门和点外卖的吗,负面,负面,0.7930503492755847,0.031469805046009984,0.17547984567840536,0.7930503492755847,0.0,0.0,0,0,0,无明显情感,未明确对象,未明确方面,中性,False,
生活区,BV1YBvhBhE1f,奇迹在哪,负面,负面,0.5409786521818931,0.03111531594740097,0.42790603187070586,0.5409786521818931,0.0,0.0,0,0,0,无明显情感,未明确对象,未明确方面,中性,False,
生活区,BV1YBvhBhE1f,原来是小零食啊，我还以为小零食呢,负面,负面,0.4519692105299221,0.11577339054510648,0.43225739892497134,0.4519692105299221,0.0,0.0,0,0,0,无明显情感,未明确对象,未明确方面,中性,False,
生活区,BV1YBvhBhE1f,每日有说法,负面,负面,0.7320456937847674,0.04569649024203838,0.2222578159731942,0.7320456937847674,0.0,0.0,0,0,0,无明显情感,未明确对象,未明确方面,中性,False,
生活区,BV1YBvhBhE1f,这真的是无用技能吗( ),负面,中性,0.7968451340677399,0.10355388255623628,0.7968451340677399,0.09960098337602379,-1.4,-1.4,0,1,0,对象评价,未明确对象,未明确方面,负面,False,
生活区,BV1YBvhBhE1f,她好帅啊她好帅啊她好帅！！！,负面,负面,0.48729157113463384,0.3527590577790501,0.159949371086316,0.48729157113463384,0.0,0.0,0,0,0,无明显情感,未明确对象,未明确方面,中性,False,
生活区,BV1YBvhBhE1f,采用了最不保险的打法,负面,负面,0.8742484999899124,0.02823997299111932,0.09751152701896834,0.8742484999899124,-1.0,-1.0,0,1,0,对象评价,未明确对象,未明确方面,负面,True,-1.0
生活区,BV1YBvhBhE1f,番茄这个刀法一看就经常做饭,负面,负面,0.6673052440381498,0.1153563742929667,0.21733838166888333,0.6673052440381498,0.0,0.0,0,0,0,无明显情感,未明确对象,未明确方面,中性,False,
生活区,BV1YBvhBhE1f,正确答案：都不可能，不管距离你多近，一定会给你拖延到20分钟以上,负面,负面,0.8125195015893312,0.06582738753152385,0.12165311087914486,0.8125195015893312,0.0,0.0,1,1,1,对象评价,未明确对象,节奏与效率,混合,True,-1.0
生活区,BV1YBvhBhE1f,这道题根本不看都能做的出来，九龙属于很常见的地名，出自龙生九子,负面,负面,0.5777384681538134,0.1403444169847944,0.28191711486139226,0.5777384681538134,0.0,0.0,0,0,0,无明显情感,未明确对象,未明确方面,中性,False,
生活区,BV1YBvhBhE1f,番茄：啊我吗？,负面,负面,0.7430028505678212,0.03209389750721536,0.22490325192496344,0.7430028505678212,0.0,0.0,0,0,0,无明显情感,未明确对象,未明确方面,中性,False,
生活区,BV1YBvhBhE1f,这个技能已经不是声音小是什么都能吃了,负面,负面,0.7510631778096926,0.032911315308686684,0.2160255068816206,0.7510631778096926,-1.0,-1.0,0,1,0,对象评价,视频内容,视听体验,负面,False,
生活区,BV1YBvhBhE1f,把瓜子皮变软就不会发出清脆的声音了,负面,负面,0.7098985754551945,0.04963115208566697,0.24047027245913852,0.7098985754551945,-1.0,-1.0,0,1,0,对象评价,视频内容,视听体验,负面,False,
生活区,BV1YBvhBhE1f,上课吃这些吗,负面,负面,0.5688582563053018,0.08594206328711702,0.34519968040758103,0.5688582563053018,0.0,0.0,0,0,0,无明显情感,未明确对象,未明确方面,中性,False,
生活区,BV1YBvhBhE1f,我都没听懂水老师说的，哭了,负面,负面,0.8922595058298002,0.028316125796909838,0.07942436837328984,0.8922595058298002,-1.0,-1.0,0,1,0,对象评价,讲解者,未明确方面,负面,True,-1.0
生活区,BV1YBvhBhE1f,小精灵在他高三18岁的时候就染过黑指甲了，最近因为拍MV复刻一下,负面,负面,0.6262602031825258,0.10078414753445485,0.2729556492830194,0.6262602031825258,0.0,0.0,0,0,0,无明显情感,未明确对象,未明确方面,中性,False,
生活区,BV1YBvhBhE1f,零在哪里？,负面,负面,0.6586951608317737,0.020317482437696197,0.32098735673053014,0.6586951608317737,0.0,0.0,0,0,0,无明显情感,未明确对象,未明确方面,中性,False,
生活区,BV1YBvhBhE1f,这个特写我真救命了,负面,负面,0.6624318002343429,0.06349637957613516,0.274071820189522,0.6624318002343429,0.0,0.0,0,0,0,无明显情感,未明确对象,未明确方面,中性,False,
生活区,BV1YBvhBhE1f,番茄之王,负面,负面,0.429528407233122,0.17326230684163077,0.3972092859252472,0.429528407233122,0.0,0.0,0,0,0,无明显情感,未明确对象,未明确方面,中性,False,
生活区,BV1YBvhBhE1f,请了周杰伦肯定得赚回来啊，给点优惠后面就自费了，而且美团最近优惠其实少很多,负面,负面,0.8821289575758849,0.06879712525442949,0.049073917169685566,0.8821289575758849,1.0,1.0,1,0,0,对象评价,未明确对象,未明确方面,正面,True,-1.0
生活区,BV1YBvhBhE1f,我希望在下一个是谁第七季里看见这个游戏，误差要更小！,负面,中性,0.5326655199900499,0.15583823940105407,0.5326655199900499,0.31149624060889614,0.0,0.0,0,0,0,无明显情感,未明确对象,未明确方面,中性,False,
生活区,BV1YBvhBhE1f,鬼马小精灵！！！！！,负面,负面,0.43914611886245863,0.3791470431143447,0.18170683802319654,0.43914611886245863,0.0,0.0,0,0,0,无明显情感,未明确对象,未明确方面,中性,False,
生活区,BV1YBvhBhE1f,这个是最绝的，前后呼应啊,负面,负面,0.8019566177568931,0.05513900542823425,0.14290437681487259,0.8019566177568931,0.0,0.0,0,0,0,无明显情感,未明确对象,未明确方面,中性,False,
生活区,BV1YBvhBhE1f,还有亡语,负面,负面,0.40669486657860926,0.22648074315310113,0.36682439026828967,0.40669486657860926,0.0,0.0,0,0,0,无明显情感,未明确对象,未明确方面,中性,False,
生活区,BV1YBvhBhE1f,不应该算差百分比吗？,负面,中性,0.5090077890746754,0.04013726415442723,0.5090077890746754,0.45085494677089727,0.0,0.0,0,0,0,无明显情感,未明确对象,未明确方面,中性,False,
生活区,BV1YBvhBhE1f,等等上课偷吃，关键不是不被发现吗，而不是吃的没声音啊,负面,负面,0.9859249420652697,0.002510354753354717,0.011564703181375709,0.9859249420652697,0.0,0.0,0,0,0,无明显情感,视频内容,视听体验,中性,False,
生活区,BV1YBvhBhE1f,这一对一急送要是王师傅送过来是不是效果爆炸,负面,负面,0.5440443440277543,0.136652974740035,0.31930268123221084,0.5440443440277543,0.0,0.0,0,0,0,无明显情感,未明确对象,未明确方面,中性,False,
生活区,BV1YBvhBhE1f,这不是泄露信息了嘛,负面,负面,0.47312784517009426,0.08294095866154287,0.4439311961683629,0.47312784517009426,0.0,0.0,0,0,0,无明显情感,未明确对象,未明确方面,中性,False,
生活区,BV1YBvhBhE1f,请问在什么情况下，上课会吃或者用到茄子？,负面,负面,0.8174537712575021,0.012444298822823774,0.17010192991967413,0.8174537712575021,0.0,0.0,0,0,0,无明显情感,未明确对象,未明确方面,中性,False,
生活区,BV1YBvhBhE1f,我不行了小老师还比杨和苏高1cm,负面,中性,0.44374976548728096,0.147955323723899,0.44374976548728096,0.40829491078881996,-1.0,-1.0,0,1,0,对象评价,讲解者,未明确方面,负面,False,
生活区,BV1YBvhBhE1f,下面有请张雨带来月亮惹的祸,负面,负面,0.798473513138544,0.04005746333328949,0.16146902352816653,0.798473513138544,0.0,0.0,0,0,0,无明显情感,未明确对象,未明确方面,中性,False,
生活区,BV1YBvhBhE1f,房主有神器！,负面,负面,0.43326814251261175,0.14956504674885499,0.4171668107385331,0.43326814251261175,0.0,0.0,0,0,0,无明显情感,未明确对象,未明确方面,中性,False,
生活区,BV1YBvhBhE1f,不是你真的会啊,负面,负面,0.7095489367881438,0.079163276910284,0.21128778630157216,0.7095489367881438,0.0,0.0,0,0,0,无明显情感,未明确对象,未明确方面,中性,False,
生活区,BV1YBvhBhE1f,《只是对不准》,负面,负面,0.6371855793300839,0.11790684669521496,0.24490757397470111,0.6371855793300839,0.0,0.0,0,0,0,无明显情感,未明确对象,未明确方面,中性,True,-1.0
生活区,BV1YBvhBhE1f,让物体在刀上尽量平衡后再切不行吗（思考）,负面,中性,0.5552414757319106,0.06230915688428632,0.5552414757319106,0.3824493673838032,-1.0,-1.0,0,1,0,对象评价,未明确对象,未明确方面,负面,False,
生活区,BV1YBvhBhE1f,压力一个番茄？,负面,负面,0.8801722026949577,0.014294990718314008,0.10553280658672838,0.8801722026949577,-1.0,-1.0,0,1,0,对象评价,未明确对象,未明确方面,负面,True,-1.0
生活区,BV1YBvhBhE1f,老——番——茄————,负面,负面,0.429528407233122,0.17326230684163077,0.3972092859252472,0.429528407233122,0.0,0.0,0,0,0,无明显情感,未明确对象,未明确方面,中性,False,
生活区,BV1YBvhBhE1f,小老师你去年要是有这股机灵劲你也不会变成NPC,负面,负面,0.715855655491921,0.13525087181926235,0.1488934726888166,0.715855655491921,0.0,0.0,1,1,1,对象评价,讲解者,未明确方面,混合,True,-1.0
生活区,BV1YBvhBhE1f,九为数字之极，猜也猜九,负面,负面,0.5371533843166605,0.14296033150153126,0.31988628418180814,0.5371533843166605,0.0,0.0,0,0,0,无明显情感,未明确对象,未明确方面,中性,False,
生活区,BV1YBvhBhE1f,从撕包装就输了,负面,负面,0.7309016708481295,0.1109802817101015,0.158118047441769,0.7309016708481295,0.0,0.0,0,0,0,无明显情感,未明确对象,比赛表现,中性,True,-1.0
生活区,BV1YBvhBhE1f,我甚至没听懂,负面,负面,0.8632842179585054,0.05515769726598976,0.08155808477550473,0.8632842179585054,0.0,0.0,0,0,0,无明显情感,未明确对象,未明确方面,中性,False,
生活区,BV1YBvhBhE1f,杠杆 一头长重量轻也能平衡过来,负面,负面,0.6273548310453394,0.10742566323978349,0.265219505714877,0.6273548310453394,0.0,0.0,0,0,0,无明显情感,未明确对象,未明确方面,中性,False,
生活区,BV1YBvhBhE1f,竟然还有心理学！？,负面,负面,0.39963073364406076,0.3969003993608397,0.2034688669950995,0.39963073364406076,0.0,0.0,0,0,0,无明显情感,未明确对象,未明确方面,中性,False,
生活区,BV1YBvhBhE1f,铁网切割月光，绷带缠绕指掌,负面,负面,0.49490383164332846,0.18951181666818687,0.3155843516884846,0.49490383164332846,0.0,0.0,0,0,0,无明显情感,未明确对象,未明确方面,中性,False,
生活区,BV1YBvhBhE1f,什么？！！？（教主哨音）,负面,负面,0.8640612696348223,0.012258370855003439,0.12368035951017439,0.8640612696348223,0.0,0.0,0,0,0,无明显情感,未明确对象,未明确方面,中性,False,
生活区,BV1YBvhBhE1f,达比：“没被发现就不算作弊”,负面,负面,0.49055516174206754,0.1350032144165527,0.3744416238413798,0.49055516174206754,0.0,0.0,0,0,0,无明显情感,未明确对象,未明确方面,中性,False,
生活区,BV1YBvhBhE1f,肯定不是他家，说了对这个小区不熟,负面,负面,0.9411334345984189,0.03857135619889896,0.02029520920268207,0.9411334345984189,1.0,1.0,1,0,0,对象评价,未明确对象,未明确方面,正面,True,-1.0
生活区,BV1YBvhBhE1f,bgm是女人善变。？！？？,负面,负面,0.9114345162130857,0.008268016193619637,0.0802974675932947,0.9114345162130857,0.0,0.0,0,0,0,无明显情感,未明确对象,未明确方面,中性,False,
生活区,BV1YBvhBhE1f,致胜关键不只在比赛中，还有比赛外,负面,负面,0.7507149259116875,0.05005109589454199,0.19923397819377056,0.7507149259116875,0.0,0.0,0,0,0,无明显情感,比赛内容,比赛表现,中性,False,
生活区,BV1YBvhBhE1f,其实可以把整个瓜子含进嘴里，用里面的大牙咬开,负面,负面,0.7460937466965423,0.12729210576074124,0.12661414754271638,0.7460937466965423,1.0,1.0,1,0,0,对象评价,未明确对象,未明确方面,正面,True,-1.0
生活区,BV1YBvhBhE1f,乳鸽的话应该不会十几块吧,负面,中性,0.8156526469640065,0.06255165339394837,0.8156526469640065,0.12179569964204506,-1.0,-1.0,0,1,0,对象评价,未明确对象,未明确方面,负面,False,
生活区,BV1YBvhBhE1f,《点瓜子大战》,负面,负面,0.690287207994152,0.11892268723082249,0.19079010477502556,0.690287207994152,0.0,0.0,0,0,0,无明显情感,未明确对象,未明确方面,中性,False,
生活区,BV1YBvhBhE1f,偷吃瓜子，我都是含在嘴里把壳含软了在用牙齿开瓜子,负面,负面,0.76703752583553,0.04067589174442223,0.1922865824200478,0.76703752583553,0.0,0.0,0,0,0,无明显情感,未明确对象,未明确方面,中性,False,
生活区,BV1YBvhBhE1f,计算器里有汇率,负面,负面,0.7706717346582849,0.034669796769067125,0.19465846857264804,0.7706717346582849,0.0,0.0,0,0,0,无明显情感,未明确对象,未明确方面,中性,False,
生活区,BV1YBvhBhE1f,白马探？,负面,负面,0.5350327343451675,0.062134450682447204,0.40283281497238527,0.5350327343451675,0.0,0.0,0,0,0,无明显情感,未明确对象,未明确方面,中性,False,
生活区,BV1YBvhBhE1f,这是真贪吃啊小馋猫,负面,负面,0.49420399639015394,0.16045787825112506,0.345338125358721,0.49420399639015394,0.0,0.0,0,0,0,无明显情感,未明确对象,未明确方面,中性,False,
生活区,BV1YBvhBhE1f,我经常吃瓜子，用手慢慢剥声音最小，所以这场其实没必要用嘴awa,负面,负面,0.6333395527707028,0.03069887683691647,0.3359615703923808,0.6333395527707028,0.0,0.0,0,0,0,无明显情感,视频内容,视听体验,中性,False,
生活区,BV1YBvhBhE1f,洽洽瓜子打钱（,负面,负面,0.5041299963961604,0.15381095561172808,0.3420590479921115,0.5041299963961604,0.0,0.0,0,0,0,无明显情感,未明确对象,未明确方面,中性,False,
生活区,BV1YBvhBhE1f,不等臂，不完全准确,负面,负面,0.7703460246915308,0.04822927171865398,0.18142470358981516,0.7703460246915308,-1.0,-1.0,0,1,0,对象评价,未明确对象,未明确方面,负面,False,
生活区,BV1YBvhBhE1f,真有同学吃这个！！,负面,负面,0.5846968100530388,0.2009396657065228,0.2143635242404385,0.5846968100530388,0.0,0.0,0,0,0,无明显情感,未明确对象,未明确方面,中性,False,
生活区,BV1YBvhBhE1f,小精灵衣服耐久度-25%,负面,负面,0.7330358050647766,0.12781654572939477,0.13914764920582864,0.7330358050647766,0.0,0.0,0,0,0,无明显情感,未明确对象,未明确方面,中性,True,-1.0
生活区,BV1YBvhBhE1f,三个人拼尽全力，最后获得平分,负面,负面,0.49902509052746025,0.16009951702207484,0.3408753924504649,0.49902509052746025,0.0,0.0,0,0,0,无明显情感,未明确对象,未明确方面,中性,False,
生活区,BV1YBvhBhE1f,你们上课吃姜？,负面,负面,0.7933943455595486,0.04853745719287419,0.15806819724757712,0.7933943455595486,0.0,0.0,0,0,0,无明显情感,未明确对象,未明确方面,中性,False,
生活区,BV1YBvhBhE1f,有脚本！！！！！（小精灵音）,负面,负面,0.6765767488987959,0.2078633120340431,0.11555993906716103,0.6765767488987959,0.0,0.0,0,0,0,无明显情感,未明确对象,未明确方面,中性,True,-1.0
生活区,BV1YBvhBhE1f,小精灵：有脚本,负面,负面,0.8548338137714647,0.06783097493017809,0.07733521129835716,0.8548338137714647,0.0,0.0,0,0,0,无明显情感,未明确对象,未明确方面,中性,False,
生活区,BV1YBvhBhE1f,我去？真来,负面,负面,0.6703849057602408,0.04236176991490504,0.2872533243248542,0.6703849057602408,0.0,0.0,0,0,0,无明显情感,未明确对象,未明确方面,中性,False,
生活区,BV1YBvhBhE1f,很容易发出声响的，岂不是都能躺赢,负面,负面,0.7380767838702067,0.07694062446560283,0.18498259166419045,0.7380767838702067,0.0,0.0,0,0,0,无明显情感,未明确对象,比赛表现,中性,False,
生活区,BV1YBvhBhE1f,上课吃瓜子的核心之一就是手剥,负面,负面,0.6034604311937748,0.10900784001791271,0.28753172878831257,0.6034604311937748,0.0,0.0,0,0,0,无明显情感,未明确对象,未明确方面,中性,False,
生活区,BV1YBvhBhE1f,不是麦当劳吗？,负面,负面,0.5537364221530795,0.029491267404639476,0.4167723104422809,0.5537364221530795,0.0,0.0,0,0,0,无明显情感,未明确对象,未明确方面,中性,False,
生活区,BV1YBvhBhE1f,谁会上课拿生姜当零食啊喂,负面,负面,0.8796698638602336,0.037544083276917606,0.0827860528628489,0.8796698638602336,0.0,0.0,0,0,0,无明显情感,未明确对象,未明确方面,中性,True,-1.0
生活区,BV1YBvhBhE1f,你还真别说，我同桌上课还真会吃这个,负面,负面,0.7120547977803975,0.1365450453112029,0.15140015690839972,0.7120547977803975,0.0,0.0,0,0,0,无明显情感,未明确对象,未明确方面,中性,False,
生活区,BV1YBvhBhE1f,上课正在吃东西，被老师叫起来答题，我一时答不上来干脆拿上桌面边吃边想边撇笑,负面,负面,0.7245873357357387,0.08516924914984464,0.19024341511441661,0.7245873357357387,0.0,0.0,0,0,0,无明显情感,讲解者,未明确方面,中性,False,
生活区,BV1YBvhBhE1f,那为什么更近的反而排在后面？美团算法不行啊~~,负面,负面,0.9036113716621252,0.004441671462675617,0.09194695687519909,0.9036113716621252,-1.0,-1.0,0,1,0,对象评价,未明确对象,未明确方面,负面,False,
生活区,BV1YBvhBhE1f,番茄最近推流很多,负面,负面,0.41923969048984094,0.17045264190216539,0.41030766760799364,0.41923969048984094,0.0,0.0,0,0,0,无明显情感,未明确对象,未明确方面,中性,False,
生活区,BV1YBvhBhE1f,计算器里面有,负面,负面,0.4831928966307124,0.0786431148386752,0.43816398853061245,0.4831928966307124,0.0,0.0,0,0,0,无明显情感,未明确对象,未明确方面,中性,False,
生活区,BV1YBvhBhE1f,雨哥：就不给你就不给你,负面,负面,0.45855511095324125,0.10478533928433606,0.43665954976242266,0.45855511095324125,0.0,0.0,0,0,0,无明显情感,未明确对象,未明确方面,中性,False,
生活区,BV1YBvhBhE1f,三个人拼尽全力，最后获得评分,负面,负面,0.49902509052746025,0.16009951702207484,0.3408753924504649,0.49902509052746025,0.0,0.0,0,0,0,无明显情感,未明确对象,未明确方面,中性,False,
生活区,BV1YBvhBhE1f,我震惊了，你们该不会在德必创意园吧,负面,负面,0.5785934624528616,0.0408806308418143,0.38052590670532416,0.5785934624528616,-1.0,-1.0,0,1,0,对象评价,未明确对象,未明确方面,负面,False,
生活区,BV1YBvhBhE1f,不要磕最下面，从头开始磕，有一点裂纹就不吵了,负面,负面,0.777612478556747,0.034967121817996605,0.18742039962525642,0.777612478556747,0.0,0.0,0,0,0,无明显情感,未明确对象,未明确方面,中性,False,
生活区,BV1YBvhBhE1f,一点点超快的！我有过一公里十分钟之内送达的记录 可能是因为单少,负面,负面,0.5041581334466654,0.04455944938837278,0.45128241716496176,0.5041581334466654,0.0,0.0,0,0,0,无明显情感,未明确对象,未明确方面,中性,False,
生活区,BV1YBvhBhE1f,为啥我的手机计算器没有汇率换算？,负面,负面,0.8755519122564304,0.01082927587045636,0.11361881187311335,0.8755519122564304,0.0,0.0,0,0,0,无明显情感,未明确对象,未明确方面,中性,False,
生活区,BV1YBvhBhE1f,学超级小能猫呢？,负面,负面,0.5000268737293987,0.024147541245353805,0.47582558502524747,0.5000268737293987,0.0,0.0,0,0,0,无明显情感,未明确对象,未明确方面,中性,False,
生活区,BV1YBvhBhE1f,听愚人码头知道的九龙冰室,负面,负面,0.525340609111601,0.17148484331564678,0.30317454757275236,0.525340609111601,0.0,0.0,0,0,0,无明显情感,未明确对象,未明确方面,中性,False,
生活区,BV1YBvhBhE1f,重心两边的质量其实是不对称的，长的一边更轻,负面,负面,0.7569076213789461,0.027445724368712378,0.21564665425234153,0.7569076213789461,0.0,0.0,0,0,0,无明显情感,未明确对象,未明确方面,中性,False,
生活区,BV1YBvhBhE1f,怎么还有作弊飞蛾,负面,负面,0.6301441099003019,0.1490759834843036,0.22077990661539448,0.6301441099003019,0.0,0.0,0,0,0,无明显情感,未明确对象,未明确方面,中性,False,
生活区,BV1YBvhBhE1f,？,负面,负面,0.5026855283824632,0.066622521895101,0.43069194972243574,0.5026855283824632,0.0,0.0,0,0,0,无明显情感,未明确对象,未明确方面,中性,False,
生活区,BV1YBvhBhE1f,婚戒有戴食指上的吗？↑,负面,负面,0.5425499357752962,0.055132370506180216,0.40231769371852355,0.5425499357752962,0.0,0.0,0,0,0,无明显情感,未明确对象,未明确方面,中性,False,
生活区,BV1YBvhBhE1f,番茄算的没问题但是反应慢（,负面,负面,0.7982482238936075,0.13579216592355225,0.06595961018284024,0.7982482238936075,1.0,1.0,1,0,0,对象评价,未明确对象,未明确方面,正面,True,-1.0
生活区,BV1YBvhBhE1f,不需要尺子能裁纸，不知道有什么用,负面,负面,0.9422612250981433,0.009380115754781992,0.048358659147074774,0.9422612250981433,0.0,0.0,0,0,0,无明显情感,未明确对象,未明确方面,中性,False,
生活区,BV1YBvhBhE1f,肖四女我们这里也有，超级好吃，挺清淡的,负面,负面,0.6445653975347374,0.04968508193662234,0.30574952052864024,0.6445653975347374,0.0,0.0,0,0,0,无明显情感,未明确对象,未明确方面,中性,False,
生活区,BV1YBvhBhE1f,瓜子我会用手拨,负面,负面,0.45849619837789274,0.15418724028424172,0.38731656133786546,0.45849619837789274,0.0,0.0,0,0,0,无明显情感,未明确对象,未明确方面,中性,False,
生活区,BV1YBvhBhE1f,不是内蒙可是横跨东西啊，有西北也有东北,负面,负面,0.6204282109038209,0.037858956801618125,0.34171283229456095,0.6204282109038209,0.0,0.0,0,0,0,无明显情感,未明确对象,未明确方面,中性,False,
生活区,BV1YBvhBhE1f,不知道为什么，总感觉这个声音有点像小熊。,负面,负面,0.817503774698391,0.029822696501291462,0.15267352880031745,0.817503774698391,0.0,0.0,0,0,0,无明显情感,视频内容,视听体验,中性,False,
生活区,BV1YBvhBhE1f,其实,负面,负面,0.49827824655872527,0.06857436088863282,0.43314739255264195,0.49827824655872527,0.0,0.0,0,0,0,无明显情感,未明确对象,未明确方面,中性,False,
生活区,BV1YBvhBhE1f,其实上一次讲台就知道了 偷吃和玩手机都特别明显,负面,负面,0.669076884220867,0.10720012067701121,0.22372299510212174,0.669076884220867,0.0,0.0,0,0,0,无明显情感,未明确对象,未明确方面,中性,False,
生活区,BV1YBvhBhE1f,切人不行吗？,负面,负面,0.5849695687487421,0.03648056713494966,0.37854986411630814,0.5849695687487421,-1.0,-1.0,0,1,0,对象评价,未明确对象,未明确方面,负面,False,
生活区,BV1YBvhBhE1f,我的每一天都活得差不多的衰～,负面,中性,0.5962259042435327,0.16942648161776772,0.5962259042435327,0.23434761413869948,0.0,0.0,0,0,0,无明显情感,未明确对象,未明确方面,中性,False,
生活区,BV1YBvhBhE1f,周杰伦的歌听一遍就知道词,负面,负面,0.6114083389135082,0.17441454020274685,0.21417712088374502,0.6114083389135082,0.0,0.0,0,0,0,无明显情感,未明确对象,未明确方面,中性,False,
生活区,BV1YBvhBhE1f,绝对不可能是一点点，一点点是出餐最慢的,负面,负面,0.6861026461432775,0.033097109589433335,0.2808002442672891,0.6861026461432775,0.0,0.0,0,0,0,无明显情感,未明确对象,未明确方面,中性,False,
生活区,BV1YBvhBhE1f,为啥不能躲在桌子底下？,负面,负面,0.7549771560443156,0.040456017591863506,0.2045668263638209,0.7549771560443156,0.0,0.0,0,0,0,无明显情感,未明确对象,未明确方面,中性,False,
生活区,BV1YBvhBhE1f,瓜子带壳吃声音有多大自己吃过就知道，我初中在宿舍里这样吃瓜子差点给舍务干掉,负面,负面,0.9522969215473452,0.019454915616476914,0.02824816283617775,0.9522969215473452,0.0,0.0,0,0,0,无明显情感,视频内容,视听体验,中性,False,
生活区,BV1YBvhBhE1f,不，这个时候整个给其中一人，并表示给自己留点，恶战将与你无关,负面,负面,0.8580691558538769,0.024205954806811786,0.11772488933931123,0.8580691558538769,0.0,0.0,0,0,0,无明显情感,未明确对象,未明确方面,中性,False,
生活区,BV1YBvhBhE1f,@超级小熊猫   为啥不让他来解说？,负面,负面,0.7132475770380936,0.030317341289003836,0.2564350816729027,0.7132475770380936,0.0,0.0,0,0,0,无明显情感,比赛内容,比赛表现,中性,False,
生活区,BV1YBvhBhE1f,所有人都去吃袁记红油花生酱剁椒干拌的鲜虾蟹籽云吞好吗，简直是人间美味,负面,负面,0.585798359665371,0.13052952044387708,0.2836721198907519,0.585798359665371,0.0,0.0,0,0,0,无明显情感,未明确对象,未明确方面,中性,False,
生活区,BV1YBvhBhE1f,别说，还真在课上吃过瓜子，和同学吃了两天，专门买了一大袋回来。,负面,负面,0.8946664295991023,0.04065828277579956,0.06467528762509833,0.8946664295991023,0.0,0.0,0,0,0,无明显情感,未明确对象,未明确方面,中性,False,
生活区,BV1YBvhBhE1f,有番茄属性加成,负面,负面,0.83203446688605,0.03847017598988153,0.1294953571240683,0.83203446688605,0.0,0.0,0,0,0,无明显情感,未明确对象,未明确方面,中性,False,
生活区,BV1YBvhBhE1f,老师没听懂（）,负面,负面,0.7700659993440191,0.1043554979437039,0.12557850271227702,0.7700659993440191,0.0,0.0,0,0,0,无明显情感,讲解者,未明确方面,中性,True,-1.0
生活区,BV1YBvhBhE1f,给朋友吃生姜的话不会被打吗？,负面,中性,0.538136337774662,0.021710702016232774,0.538136337774662,0.4401529602091052,-1.0,-1.0,0,1,0,对象评价,未明确对象,未明确方面,负面,False,
生活区,BV1YBvhBhE1f,概念神？,负面,负面,0.5350327343451675,0.062134450682447204,0.40283281497238527,0.5350327343451675,0.0,0.0,0,0,0,无明显情感,未明确对象,未明确方面,中性,False,
生活区,BV1YBvhBhE1f,我去这模有实力,负面,负面,0.6845163808423184,0.05527571588644165,0.2602079032712399,0.6845163808423184,0.0,0.0,0,0,0,无明显情感,未明确对象,未明确方面,中性,False,
生活区,BV1YBvhBhE1f,一边扫一边算啊,负面,负面,0.5302781501697468,0.13192774118575656,0.3377941086444967,0.5302781501697468,0.0,0.0,0,0,0,无明显情感,未明确对象,未明确方面,中性,False,
生活区,BV1YBvhBhE1f,？？？？,负面,负面,0.9796811577368317,0.0007177132572779765,0.01960112900589035,0.9796811577368317,0.0,0.0,0,0,0,无明显情感,未明确对象,未明确方面,中性,False,
生活区,BV1YBvhBhE1f,这肯定是没偷吃过瓜子谁偷吃瓜子用嘴剥啊,负面,负面,0.7980046575559145,0.12582454558605932,0.07617079685802623,0.7980046575559145,1.0,1.0,1,0,0,对象评价,未明确对象,未明确方面,正面,True,-1.0
生活区,BV1YBvhBhE1f,我竟然没有发现选项有问题,负面,负面,0.9492117628401255,0.004519096265937516,0.046269140893936994,0.9492117628401255,-1.0,-1.0,0,1,0,对象评价,未明确对象,未明确方面,负面,True,-1.0
生活区,BV1YBvhBhE1f,？我也要参加吗,负面,负面,0.7070183234231279,0.05078669228934466,0.24219498428752748,0.7070183234231279,0.0,0.0,0,0,0,无明显情感,未明确对象,未明确方面,中性,False,
生活区,BV1YBvhBhE1f,去玩王者荣耀，毕淑菊职业选手带着挂他都打不赢（）,负面,负面,0.6159536994912587,0.1500559501618483,0.23399035034689297,0.6159536994912587,0.0,0.0,0,0,0,无明显情感,比赛内容,比赛表现,中性,False,
生活区,BV1YBvhBhE1f,不在课上吃，你认为到了下课还有么,负面,负面,0.6530164877930887,0.09831335804305637,0.24867015416385482,0.6530164877930887,0.0,0.0,0,0,0,无明显情感,未明确对象,未明确方面,中性,False,
生活区,BV1YBvhBhE1f,我不行了笑得杜子腾,负面,负面,0.5161091582685151,0.20497353140906985,0.278917310322415,0.5161091582685151,-1.0,-1.0,0,1,0,对象评价,未明确对象,未明确方面,负面,False,
生活区,BV1YBvhBhE1f,？？385人,负面,负面,0.6751579961124753,0.026344338198986926,0.29849766568853775,0.6751579961124753,0.0,0.0,0,0,0,无明显情感,未明确对象,未明确方面,中性,False,
生活区,BV1YBvhBhE1f,还有考研环节,负面,负面,0.4225093512578877,0.2202483320459652,0.3572423166961472,0.4225093512578877,0.0,0.0,0,0,0,无明显情感,未明确对象,未明确方面,中性,False,
生活区,BV1YBvhBhE1f,我中山乳鸽才25一只,负面,负面,0.5065366384209026,0.11102013472310655,0.3824432268559909,0.5065366384209026,0.0,0.0,0,0,0,无明显情感,未明确对象,未明确方面,中性,False,
生活区,BV1YBvhBhE1f,这里不对，力矩不一样的,负面,负面,0.8425006635316409,0.018390854918708458,0.1391084815496506,0.8425006635316409,0.0,0.0,0,0,0,无明显情感,未明确对象,未明确方面,中性,False,
生活区,BV1YBvhBhE1f,哇噻，天才,负面,负面,0.43020554136026573,0.21455400762648558,0.3552404510132486,0.43020554136026573,0.0,0.0,0,0,0,无明显情感,未明确对象,未明确方面,中性,False,
生活区,BV1YBvhBhE1f,学霸都是这样的，蒙题从来没蒙对过,负面,负面,0.7891230939275948,0.07632382749456534,0.13455307857783982,0.7891230939275948,0.0,0.0,0,0,0,无明显情感,未明确对象,未明确方面,中性,False,
生活区,BV1YBvhBhE1f,广东人疑惑，这边确实有九龙冰室，但是算粤菜吗（？）感觉更hk一些,负面,负面,0.8686647532728623,0.00650318315443188,0.1248320635727057,0.8686647532728623,-1.0,-1.0,0,1,0,对象评价,未明确对象,未明确方面,负面,False,
生活区,BV1YBvhBhE1f,雨哥到处蹭…看到就烦,负面,中性,0.8246817681313918,0.12275579361935779,0.8246817681313918,0.05256243824925037,0.0,0.0,0,0,0,自身情绪,未明确对象,未明确方面,中性,False,
生活区,BV1YBvhBhE1f,坂本大佬？,负面,负面,0.5350327343451675,0.062134450682447204,0.40283281497238527,0.5350327343451675,0.0,0.0,0,0,0,无明显情感,未明确对象,未明确方面,中性,False,
生活区,BV1YBvhBhE1f,原来番茄跟我住一个地儿-。-  我平时点袁记也是差不多这距离,负面,负面,0.5076922521857251,0.17873915972154777,0.3135685880927271,0.5076922521857251,0.0,0.0,0,0,0,无明显情感,未明确对象,未明确方面,中性,False,
生活区,BV1YBvhBhE1f,上课老师讲话那么大声，你吃零食声音根本就没那么大,负面,负面,0.8394001548041825,0.0944864625660885,0.06611338262972899,0.8394001548041825,0.0,0.0,0,0,0,无明显情感,讲解者+视频内容,视听体验,中性,False,
生活区,BV1YBvhBhE1f,唱歌有电音！,负面,负面,0.43326814251261175,0.14956504674885499,0.4171668107385331,0.43326814251261175,0.0,0.0,0,0,0,无明显情感,未明确对象,未明确方面,中性,False,
生活区,BV1YBvhBhE1f,力臂不一样长，重量不一样啊,负面,负面,0.692749230035984,0.07370384671397916,0.23354692325003695,0.692749230035984,0.0,0.0,0,0,0,无明显情感,未明确对象,未明确方面,中性,False,
生活区,BV1YBvhBhE1f,这叫馕，不是饼,负面,负面,0.7929784784502586,0.08121287169786427,0.12580864985187715,0.7929784784502586,0.0,0.0,0,0,0,无明显情感,未明确对象,未明确方面,中性,False,
生活区,BV1YBvhBhE1f,力臂都不一样长,负面,负面,0.4419739739656132,0.1493718262045001,0.4086541998298867,0.4419739739656132,0.0,0.0,0,0,0,无明显情感,未明确对象,未明确方面,中性,False,
生活区,BV1YBvhBhE1f,我不给。,负面,负面,0.558290570329961,0.10240815463153406,0.339301275038505,0.558290570329961,0.0,0.0,0,0,0,无明显情感,未明确对象,未明确方面,中性,False,
生活区,BV1YBvhBhE1f,还真有,负面,负面,0.5964919333173287,0.1277102682985565,0.2757977983841148,0.5964919333173287,0.0,0.0,0,0,0,无明显情感,未明确对象,未明确方面,中性,False,
生活区,BV1YBvhBhE1f,那不就在楼下！？,负面,负面,0.7735046050692728,0.03626792303177727,0.19022747189894998,0.7735046050692728,0.0,0.0,0,0,0,无明显情感,未明确对象,未明确方面,中性,False,
生活区,BV1YBvhBhE1f,？？？？？？？？？？？？？？？？,负面,负面,0.9999999940495461,6.839625465146836e-13,5.949769892376759e-09,0.9999999940495461,0.0,0.0,0,0,0,无明显情感,未明确对象,未明确方面,中性,False,
生活区,BV1YBvhBhE1f,这个仅限形状规则正好从物体中心切的情况，不要被误导,负面,负面,0.8576062204763889,0.03546525254246229,0.10692852698114888,0.8576062204763889,-1.0,-1.0,0,1,0,对象评价,未明确对象,未明确方面,负面,True,-1.0
生活区,BV1YBvhBhE1f,老师：请各位同学保持清醒，讲台上看得一清二楚，只要不要过于明目张胆，老师我还是会睁一只眼闭一只眼的,负面,负面,0.6174001654448289,0.20728900471303546,0.17531082984213578,0.6174001654448289,0.0,0.0,0,0,0,无明显情感,讲解者,未明确方面,中性,False,
生活区,BV1YBvhBhE1f,前面的九龙是地名啊,负面,负面,0.43514919155061976,0.2774670243328153,0.287383784116565,0.43514919155061976,0.0,0.0,0,0,0,无明显情感,未明确对象,未明确方面,中性,False,
生活区,BV1YBvhBhE1f,我可能不知道是在吃，但肯定都没听课！,负面,负面,0.9403347184335247,0.03407532345705824,0.025589958109417173,0.9403347184335247,1.0,1.0,1,0,0,对象评价,未明确对象,未明确方面,正面,True,-1.0
生活区,BV1YBvhBhE1f,25,负面,负面,0.4764496017169443,0.127306230329808,0.39624416795324763,0.4764496017169443,0.0,0.0,0,0,0,无明显情感,未明确对象,未明确方面,中性,False,
生活区,BV1YBvhBhE1f,所以说他们上课吃生姜，茄子，西红柿,负面,负面,0.6374688122733396,0.07383909557719882,0.28869209214946157,0.6374688122733396,0.0,0.0,0,0,0,无明显情感,未明确对象,未明确方面,中性,False,
生活区,BV1YBvhBhE1f,?我一般是直接开袋问老师要不要的(我老师没说不让吃啊),负面,负面,0.5813626660848441,0.08757092440896064,0.3310664095061952,0.5813626660848441,0.0,0.0,0,0,0,无明显情感,讲解者,未明确方面,中性,False,
生活区,BV1YBvhBhE1f,番茄：没想到我会被压力,负面,负面,0.8338367748931373,0.040738153347013376,0.12542507175984918,0.8338367748931373,-1.0,-1.0,0,1,0,对象评价,未明确对象,未明确方面,负面,True,-1.0
生活区,BV1YBvhBhE1f,番茄：咕咕嘎嘎,负面,负面,0.4455363352502526,0.16823216771672847,0.38623149703301896,0.4455363352502526,0.0,0.0,0,0,0,无明显情感,未明确对象,未明确方面,中性,False,
生活区,BV1YBvhBhE1f,我勒个番茄啊,负面,负面,0.7793664533625718,0.09125066181636386,0.12938288482106441,0.7793664533625718,0.0,0.0,0,0,0,无明显情感,未明确对象,未明确方面,中性,False,
生活区,BV1YBvhBhE1f,整个放嘴里咬开再把壳吐出来没玩过？,负面,负面,0.7617337976087158,0.03102804056404727,0.20723816182723673,0.7617337976087158,0.0,0.0,0,0,0,无明显情感,未明确对象,未明确方面,中性,False,
生活区,BV1YBvhBhE1f,19.9，我感觉按他们那个地方物价会不会猜的有点少了,负面,中性,0.6364380304206284,0.05166200901860721,0.6364380304206284,0.31189996056076424,-1.0,-1.0,0,1,0,对象评价,未明确对象,未明确方面,负面,False,
生活区,BV1YBvhBhE1f,感觉缺少一点偷感啊 没有那种随时可能被老师看到的刺激,负面,负面,0.6195601959400742,0.04411573778444344,0.33632406627548245,0.6195601959400742,0.0,0.0,0,0,0,无明显情感,讲解者,未明确方面,中性,False,
生活区,BV1YBvhBhE1f,不给,负面,负面,0.5604133236983715,0.07708020541729785,0.36250647088433063,0.5604133236983715,0.0,0.0,0,0,0,无明显情感,未明确对象,未明确方面,中性,False,
生活区,BV1YBvhBhE1f,要不说人家能当裁判呢,负面,负面,0.5980637205062351,0.1265088706239924,0.27542740886977246,0.5980637205062351,0.0,0.0,0,0,0,无明显情感,比赛内容,比赛表现,中性,False,
生活区,BV1YBvhBhE1f,给他个毛撕一小点，爱要不要？,负面,负面,0.7711221505832576,0.08302772376648328,0.14585012565025904,0.7711221505832576,0.0,0.0,0,0,0,无明显情感,未明确对象,未明确方面,中性,False,
生活区,BV1YBvhBhE1f,这里不会是雨哥剪的吧,负面,中性,0.7472857393731037,0.026677345904703657,0.7472857393731037,0.2260369147221925,-1.0,-1.0,0,1,0,对象评价,未明确对象,未明确方面,负面,False,
生活区,BV1YBvhBhE1f,50分贝吃瓜子到底能不能做到啊,负面,负面,0.5317658242697105,0.19906046315623563,0.26917371257405387,0.5317658242697105,0.0,0.0,0,0,0,无明显情感,未明确对象,未明确方面,中性,False,
生活区,BV1YBvhBhE1f,这不是作弊？要这样不所有手机都该关机,负面,负面,0.9513587947081164,0.005705955535203231,0.04293524975668032,0.9513587947081164,0.0,0.0,0,0,0,无明显情感,未明确对象,未明确方面,中性,False,
生活区,BV1YBvhBhE1f,零公差,负面,中性,0.6585046096608349,0.20031253716532643,0.6585046096608349,0.14118285317383877,0.0,0.0,0,0,0,无明显情感,未明确对象,未明确方面,中性,False,
生活区,BV1YBvhBhE1f,水平还是不行，嗑瓜子完全可以整个含在嘴里搞定全过程,负面,负面,0.7252477474734723,0.14759498426882986,0.12715726825769788,0.7252477474734723,1.0,1.0,2,1,1,对象评价,未明确对象,未明确方面,混合,True,-1.0
生活区,BV1YBvhBhE1f,王牌对王牌也有这个游戏,负面,负面,0.8690602387073426,0.027253517150327762,0.10368624414232971,0.8690602387073426,0.0,0.0,0,0,0,无明显情感,未明确对象,未明确方面,中性,False,
生活区,BV1YBvhBhE1f,这也行？,负面,负面,0.5944108701895733,0.08075363496182443,0.32483549484860236,0.5944108701895733,0.0,0.0,0,0,0,无明显情感,未明确对象,未明确方面,中性,False,
生活区,BV1YBvhBhE1f,真小学生 这样好危险的,负面,负面,0.7271829517348748,0.14498390352246604,0.12783314474265922,0.7271829517348748,-1.0,-1.0,0,1,0,对象评价,未明确对象,未明确方面,负面,True,-1.0
生活区,BV1YBvhBhE1f,guoyu怎么把碎屑弄地上了啊啊啊啊啊,负面,负面,0.4295118969810827,0.19219185901596733,0.37829624400295,0.4295118969810827,0.0,0.0,0,0,0,无明显情感,未明确对象,未明确方面,中性,False,
生活区,BV1YBvhBhE1f,这明显写字楼啊,负面,负面,0.4467811756226521,0.2651677401414696,0.28805108423587833,0.4467811756226521,0.0,0.0,0,0,0,无明显情感,未明确对象,未明确方面,中性,False,
生活区,BV1YBvhBhE1f,我有,负面,负面,0.7040213038274737,0.03997582960353584,0.25600286656899035,0.7040213038274737,0.0,0.0,0,0,0,无明显情感,未明确对象,未明确方面,中性,False,
生活区,BV1YBvhBhE1f,没绷住,负面,负面,0.5843389595635973,0.09765289656129475,0.31800814387510806,0.5843389595635973,0.0,0.0,0,0,0,无明显情感,未明确对象,未明确方面,中性,False,
生活区,BV1YBvhBhE1f,我记得我初中没学力矩啊,负面,负面,0.7621769266783794,0.04310041925313765,0.1947226540684829,0.7621769266783794,0.0,0.0,0,0,0,无明显情感,未明确对象,未明确方面,中性,False,
生活区,BV1YBvhBhE1f,还是没懂,负面,负面,0.5539695071230457,0.1282505807972677,0.3177799120796866,0.5539695071230457,0.0,0.0,0,0,0,无明显情感,未明确对象,未明确方面,中性,False,
生活区,BV1YBvhBhE1f,我吃巧克力的都是在嘴里融化掉,负面,负面,0.6137061911984467,0.041615023930745294,0.3446787848708081,0.6137061911984467,0.0,0.0,0,0,0,无明显情感,未明确对象,未明确方面,中性,False,
生活区,BV1YBvhBhE1f,直接放嘴里吞掉不就行了吗？,负面,负面,0.5895952474188029,0.032902631508455245,0.3775021210727419,0.5895952474188029,0.0,0.0,0,0,0,无明显情感,未明确对象,未明确方面,中性,False,
生活区,BV1YBvhBhE1f,小精灵太有节目了。,负面,负面,0.41845782470244297,0.3285452634096696,0.2529969118878873,0.41845782470244297,0.0,0.0,0,0,0,无明显情感,未明确对象,未明确方面,中性,False,
生活区,BV1YBvhBhE1f,我也有这个技能不过我是一次就插错,负面,负面,0.8014022082102048,0.015643948360959344,0.18295384342883583,0.8014022082102048,0.0,0.0,0,0,0,无明显情感,未明确对象,未明确方面,中性,False,
生活区,BV1YBvhBhE1f,？太狠了,负面,负面,0.5893432622164784,0.05554321230607303,0.3551135254774487,0.5893432622164784,0.0,0.0,0,0,0,无明显情感,未明确对象,未明确方面,中性,False,
生活区,BV1YBvhBhE1f,我去，不早说,负面,负面,0.8012428263637548,0.08353885937660441,0.11521831425964092,0.8012428263637548,0.0,0.0,0,0,0,无明显情感,未明确对象,未明确方面,中性,False,
生活区,BV1YBvhBhE1f,啊？？？？？？？？？？？,负面,负面,0.9999984554061215,2.4729830836470285e-09,1.542120895347532e-06,0.9999984554061215,0.0,0.0,0,0,0,无明显情感,未明确对象,未明确方面,中性,False,
生活区,BV1YBvhBhE1f,不要肖四啊,负面,负面,0.3846819374962334,0.27695774090608744,0.33836032159767915,0.3846819374962334,0.0,0.0,0,0,0,无明显情感,未明确对象,未明确方面,中性,False,
生活区,BV1YBvhBhE1f,蒙西这边菜系口音偏山西 蒙东就偏东北,负面,负面,0.407693071018836,0.26841486812436793,0.32389206085679606,0.407693071018836,0.0,0.0,0,0,0,无明显情感,未明确对象,未明确方面,中性,False,
生活区,BV1YBvhBhE1f,差点以为是鼻子里的那个（doge,负面,中性,0.5611014938111281,0.14859523516758097,0.5611014938111281,0.29030327102129083,0.0,0.0,0,0,0,无明显情感,未明确对象,未明确方面,中性,False,
生活区,BV1YBvhBhE1f,？？？！？？？？？？？。！？,负面,负面,0.999995954214786,9.15163420115616e-09,4.036633579705458e-06,0.999995954214786,0.0,0.0,0,0,0,无明显情感,未明确对象,未明确方面,中性,False,
生活区,BV1YBvhBhE1f,黄毛胖子好烦,负面,中性,0.6525424904832393,0.19821419930610756,0.6525424904832393,0.14924331021065323,0.0,0.0,0,0,0,自身情绪,未明确对象,未明确方面,中性,False,
生活区,BV1YBvhBhE1f,我可以边睡觉边学数学，并考高分（仅数学，仅小学）,负面,负面,0.8277926969648006,0.1284278558596084,0.043779447175590964,0.8277926969648006,2.0,2.0,2,0,0,对象评价,课程内容,未明确方面,正面,True,-1.0
生活区,BV1YBvhBhE1f,没那么简单！！！,负面,负面,0.8129058652653369,0.0931751837675233,0.09391895096713969,0.8129058652653369,-1.0,-1.0,0,1,0,对象评价,未明确对象,理解与难度,负面,True,-1.0
生活区,BV1YBvhBhE1f,不！！老——番——茄——！！,负面,负面,0.7439398838944852,0.1317474554981222,0.12431266060739274,0.7439398838944852,0.0,0.0,0,0,0,无明显情感,未明确对象,未明确方面,中性,True,-1.0
生活区,BV1YBvhBhE1f,！？强强？！,负面,负面,0.6819206795028745,0.049276072900472194,0.26880324759665336,0.6819206795028745,0.0,0.0,0,0,0,无明显情感,未明确对象,未明确方面,中性,False,
生活区,BV1YBvhBhE1f,我上班不超过两个月，就会被辞退啊啊啊啊啊,负面,负面,0.5783480933556451,0.10363991493705915,0.31801199170729577,0.5783480933556451,0.0,0.0,0,0,0,无明显情感,未明确对象,未明确方面,中性,False,
生活区,BV1YBvhBhE1f,讲道理，力矩不是初中知识,负面,负面,0.6682968947383467,0.06126369759708462,0.27043940766456875,0.6682968947383467,0.0,0.0,0,0,0,无明显情感,未明确对象,未明确方面,中性,False,
生活区,BV1YBvhBhE1f,不是，真有人上课吃这玩意儿？,负面,负面,0.9553588331105459,0.012092354150653538,0.03254881273880051,0.9553588331105459,0.0,0.0,0,0,0,无明显情感,未明确对象,未明确方面,中性,False,
生活区,BV1YBvhBhE1f,为什么上课要吃生姜啊喂！！！,负面,负面,0.8173982330149195,0.07869745133294982,0.10390431565213076,0.8173982330149195,0.0,0.0,0,0,0,无明显情感,未明确对象,未明确方面,中性,True,-1.0
生活区,BV1YBvhBhE1f,差了 12 小时呢,负面,中性,0.7015753139228592,0.09729616837105802,0.7015753139228592,0.20112851770608273,0.0,0.0,0,0,0,无明显情感,未明确对象,未明确方面,中性,False,
生活区,BV1YBvhBhE1f,居然是下一个是谁的主题曲？,负面,负面,0.6101845585895058,0.053708082420039896,0.3361073589904542,0.6101845585895058,0.0,0.0,0,0,0,无明显情感,未明确对象,未明确方面,中性,False,
生活区,BV1YBvhBhE1f,美团？警觉,负面,负面,0.5350327343451675,0.062134450682447204,0.40283281497238527,0.5350327343451675,0.0,0.0,0,0,0,无明显情感,未明确对象,未明确方面,中性,False,
生活区,BV1YBvhBhE1f,骗你的，其实是特意的,负面,负面,0.6229061676064133,0.09090531799620816,0.2861885143973786,0.6229061676064133,0.0,0.0,0,0,0,无明显情感,未明确对象,未明确方面,中性,False,
生活区,BV1YBvhBhE1f,上课吃瓜子吗？狠人,负面,负面,0.7756119560515229,0.03520542831943461,0.18918261562904254,0.7756119560515229,0.0,0.0,0,0,0,无明显情感,未明确对象,未明确方面,中性,False,
生活区,BV1YBvhBhE1f,上课吃黄瓜？,负面,负面,0.8462456235816466,0.03334292738050621,0.12041144903784735,0.8462456235816466,0.0,0.0,0,0,0,无明显情感,未明确对象,未明确方面,中性,False,
生活区,BV1YBvhBhE1f,跷脚牛肉是四川乐山美食，拍黄瓜不是川菜,负面,负面,0.7920249565397324,0.031962550907516554,0.17601249255275117,0.7920249565397324,0.0,0.0,0,0,0,无明显情感,未明确对象,未明确方面,中性,False,
生活区,BV1YBvhBhE1f,不是。班级里谁会学的美食？哪个生姜带班里啊？谁会生吃姜啊？,负面,负面,0.9969750667949261,0.0001266852518471724,0.0028982479532266947,0.9969750667949261,0.0,0.0,0,0,0,无明显情感,未明确对象,未明确方面,中性,False,
生活区,BV1YBvhBhE1f,为什么要偷吃呀？我直接上课拿出来吃老师也只是看着我笑笑,负面,负面,0.8246585247602788,0.01815361750479756,0.1571878577349236,0.8246585247602788,0.0,0.0,0,0,0,无明显情感,讲解者,未明确方面,中性,False,
生活区,BV1YBvhBhE1f,？？？,负面,负面,0.9309758778040922,0.0038573655620008853,0.06516675663390702,0.9309758778040922,0.0,0.0,0,0,0,无明显情感,未明确对象,未明确方面,中性,False,
生活区,BV1YBvhBhE1f,你们串了吧，学校不是上个比赛吗,负面,负面,0.5055217688343323,0.07491134223774897,0.4195668889279188,0.5055217688343323,0.0,0.0,0,0,0,无明显情感,比赛内容,比赛表现,中性,False,
生活区,BV1YBvhBhE1f,八仙过海，各显神通,负面,负面,0.43020554136026573,0.21455400762648558,0.3552404510132486,0.43020554136026573,0.0,0.0,0,0,0,无明显情感,未明确对象,未明确方面,中性,False,
生活区,BV1YBvhBhE1f,我可以倒着背圆周率,负面,负面,0.7230121601573449,0.09791146149948816,0.17907637834316692,0.7230121601573449,1.0,1.0,1,0,0,对象评价,未明确对象,未明确方面,正面,True,-1.0
生活区,BV1YBvhBhE1f,翘脚牛肉是川菜啊,负面,负面,0.5860367041131886,0.11902067413872532,0.2949426217480861,0.5860367041131886,0.0,0.0,0,0,0,无明显情感,未明确对象,未明确方面,中性,False,
生活区,BV1YBvhBhE1f,别说，这个我真会,负面,负面,0.8332891876387594,0.04397736031461851,0.12273345204662212,0.8332891876387594,0.0,0.0,0,0,0,无明显情感,未明确对象,未明确方面,中性,False,
生活区,BV1YBvhBhE1f,别奖励他们啊,负面,负面,0.7050723909945158,0.12747165080235962,0.16745595820312462,0.7050723909945158,0.0,0.0,0,0,0,无明显情感,未明确对象,未明确方面,中性,False,
生活区,BV1YBvhBhE1f,啥意思啊,负面,负面,0.6772350798507288,0.13973072844850765,0.18303419170076352,0.6772350798507288,0.0,0.0,0,0,0,无明显情感,未明确对象,未明确方面,中性,False,
生活区,BV1YBvhBhE1f,不能从侧面切吗？,负面,负面,0.5659225927684949,0.07028287643129955,0.3637945308002056,0.5659225927684949,0.0,0.0,0,0,0,无明显情感,未明确对象,未明确方面,中性,False,
生活区,BV1YBvhBhE1f,我的技能是赌王，文武双全，游戏从不会输。,负面,负面,0.6314882287853603,0.04183099355364184,0.32668077766099796,0.6314882287853603,-1.0,-1.0,0,1,0,对象评价,未明确对象,比赛表现,负面,False,
生活区,BV1YBvhBhE1f,啊？,负面,负面,0.8410009028525898,0.036387372194046017,0.1226117249533641,0.8410009028525898,0.0,0.0,0,0,0,无明显情感,未明确对象,未明确方面,中性,False,
生活区,BV1YBvhBhE1f,？啊？,负面,负面,0.9266048095774757,0.009507444390328745,0.0638877460321954,0.9266048095774757,0.0,0.0,0,0,0,无明显情感,未明确对象,未明确方面,中性,False,
生活区,BV1YBvhBhE1f,谁会上课偷偷吃这玩意啊！,负面,负面,0.41273832294628887,0.3530323012089815,0.2342293758447297,0.41273832294628887,0.0,0.0,0,0,0,无明显情感,未明确对象,未明确方面,中性,False,
生活区,BV1YBvhBhE1f,数学！,负面,负面,0.4844584739499591,0.13552775617855303,0.3800137698714879,0.4844584739499591,0.0,0.0,0,0,0,无明显情感,课程内容,未明确方面,中性,False,
生活区,BV1YBvhBhE1f,幸好我没坐着，我在蹲着。,负面,负面,0.39398131777344214,0.2173486057055371,0.3886700765210207,0.39398131777344214,0.0,0.0,0,0,0,无明显情感,未明确对象,未明确方面,中性,False,
生活区,BV1YBvhBhE1f,我同桌吃瓜子就不吐皮,负面,负面,0.5997462034315099,0.13406271953624332,0.2661910770322469,0.5997462034315099,0.0,0.0,0,0,0,无明显情感,未明确对象,未明确方面,中性,False,
生活区,BV1YBvhBhE1f,谁上课吃生姜啊？！,负面,负面,0.927625566824345,0.019359571816123956,0.053014861359530964,0.927625566824345,0.0,0.0,0,0,0,无明显情感,未明确对象,未明确方面,中性,False,
生活区,BV1YBvhBhE1f,去的越均匀差的越多没有计算茄子把,负面,负面,0.6166669802187074,0.06974550472079064,0.3135875150605019,0.6166669802187074,0.0,0.0,0,0,0,无明显情感,未明确对象,未明确方面,中性,False,
生活区,BV1YBvhBhE1f,是不是有个物理现象能这么干？,负面,负面,0.81778068410575,0.02229638715454192,0.159922928739708,0.81778068410575,0.0,0.0,0,0,0,无明显情感,未明确对象,未明确方面,中性,False,
生活区,BV1YBvhBhE1f,???????????????,负面,负面,0.9999999631335785,8.356152845955434e-12,3.685806520653191e-08,0.9999999631335785,0.0,0.0,0,0,0,无明显情感,未明确对象,未明确方面,中性,False,
生活区,BV1YBvhBhE1f,呵呵呵，银魂的配乐,负面,负面,0.4839687996072544,0.18588230296077304,0.3301488974319725,0.4839687996072544,0.0,0.0,0,0,0,无明显情感,视频内容,视听体验,中性,False,
生活区,BV1YBvhBhE1f,有脚本,负面,负面,0.7191328310495941,0.04795568061837699,0.232911488332029,0.7191328310495941,0.0,0.0,0,0,0,无明显情感,未明确对象,未明确方面,中性,False,
生活区,BV1YBvhBhE1f,为啥朋友要吃生姜？,负面,负面,0.7868034998172458,0.04046596543847806,0.17273053474427605,0.7868034998172458,0.0,0.0,0,0,0,无明显情感,未明确对象,未明确方面,中性,False,
生活区,BV1YBvhBhE1f,没输过怎么不去打faker,负面,负面,0.6872941304467657,0.1146990109955264,0.19800685855770803,0.6872941304467657,0.0,0.0,0,0,0,无明显情感,未明确对象,比赛表现,中性,False,
生活区,BV1YBvhBhE1f,还有华为Pura X.,负面,负面,0.4935308566140067,0.19684817457777384,0.30962096880821954,0.4935308566140067,0.0,0.0,0,0,0,无明显情感,未明确对象,未明确方面,中性,False,
生活区,BV1YBvhBhE1f,杀手就是稳啊,负面,负面,0.4668149928971644,0.1731263449662853,0.3600586621365504,0.4668149928971644,0.0,0.0,0,0,0,无明显情感,未明确对象,未明确方面,中性,False,
生活区,BV1YBvhBhE1f,不对啊雨哥，你这天不是点外卖挑战吗？？,负面,负面,0.9733177891776162,0.0021768401715730875,0.02450537065081073,0.9733177891776162,0.0,0.0,0,0,0,无明显情感,未明确对象,未明确方面,中性,False,
生活区,BV1YBvhBhE1f,库里，库里，库库里,负面,负面,0.4786276659271675,0.19579408388985134,0.3255782501829811,0.4786276659271675,0.0,0.0,0,0,0,无明显情感,未明确对象,未明确方面,中性,False,
生活区,BV1YBvhBhE1f,我也有一个超能 那就是可以透视 我能精确的知道 你的大脑在哪,负面,负面,0.8064399121293594,0.083948962787969,0.10961112508267161,0.8064399121293594,1.0,1.0,1,0,0,对象评价,未明确对象,未明确方面,正面,True,-1.0
生活区,BV1YBvhBhE1f,肉不是白涨的,负面,负面,0.6640786940680207,0.05860079198680765,0.2773205139451718,0.6640786940680207,0.0,0.0,0,0,0,无明显情感,未明确对象,未明确方面,中性,False,
生活区,BV1YBvhBhE1f,从郭宇那边过来的,负面,负面,0.7709686209073089,0.060354040044749556,0.16867733904794163,0.7709686209073089,0.0,0.0,0,0,0,无明显情感,未明确对象,未明确方面,中性,False,
