partition,bvid,text,pred_label,pred_raw_label,model_confidence,prob_positive,prob_neutral,prob_negative,lexicon_score,pos_cnt,neg_cnt
学习区,BV1Kr4y1i7ru,都是卷王,负面,中性,0.495183214986732,0.08643548629571057,0.495183214986732,0.41838129871755747,0.0,0,0
学习区,BV1Kr4y1i7ru,"数据并不是页面写死,数据库中的这些网站,数据取出来,加入对应的业务逻辑",负面,负面,0.7245327732894911,0.16431086636806494,0.111156360342444,0.7245327732894911,0.0,0,0
学习区,BV1Kr4y1i7ru,会计来卷了,负面,中性,0.6869693254790159,0.12658626879100815,0.6869693254790159,0.18644440572997592,0.0,0,0
学习区,BV1Kr4y1i7ru,孙悟空的声音,负面,中性,0.49851528071663737,0.0865876083837078,0.49851528071663737,0.4148971108996549,0.0,0,0
学习区,BV1Kr4y1i7ru,原来我已经是一名工程工程师了dog,负面,负面,0.534380258716029,0.11553534693338036,0.35008439435059063,0.534380258716029,0.0,0,0
学习区,BV1Kr4y1i7ru,2倍速不够的，用edge插件视频速度控制，最高16倍速,负面,负面,0.8563066405690707,0.06631682200197755,0.07737653742895167,0.8563066405690707,0.0,0,0
学习区,BV1Kr4y1i7ru,1.5倍有出现孙悟空,负面,中性,0.5772142396700631,0.11524232348592651,0.5772142396700631,0.30754343684401025,0.0,0,0
学习区,BV1Kr4y1i7ru,师傅被妖怪抓走了,负面,中性,0.5989403570362533,0.1444502455829915,0.5989403570362533,0.2566093973807553,0.0,0,0
学习区,BV1Kr4y1i7ru,大家好， 我是来听催眠曲的，不知为啥，就MySQL困，别的都不困,负面,负面,0.9441068358430628,0.02311400623960341,0.03277915791733381,0.9441068358430628,-1.0,1,2
学习区,BV1Kr4y1i7ru,注意，这一集的内容已经结束了，后面都是广告,负面,负面,0.9215302467337259,0.037896154893818236,0.040573598372456,0.9215302467337259,0.0,0,0
学习区,BV1Kr4y1i7ru,为了让事务存储迎请缩影优化所就是一种重要的我形式,负面,负面,0.6429285023346162,0.12290083163590632,0.2341706660294776,0.6429285023346162,0.0,0,0
学习区,BV1Kr4y1i7ru,老师的声音好像猴哥啊,负面,负面,0.6580652575454845,0.0987622704041479,0.24317247205036754,0.6580652575454845,0.0,0,0
学习区,BV1Kr4y1i7ru,产品经理来卷了,负面,中性,0.6444098977184003,0.13584829208841603,0.6444098977184003,0.21974181019318373,0.0,0,0
学习区,BV1Kr4y1i7ru,梦开始的地方,负面,中性,0.6512567380827474,0.10824102397743829,0.6512567380827474,0.24050223793981423,0.0,0,0
学习区,BV1Kr4y1i7ru,吉尔吉斯斯坦传奇哨兵 上号,负面,中性,0.483036861509446,0.15085553653693456,0.483036861509446,0.36610760195361947,0.0,0,0
学习区,BV1Kr4y1i7ru,学前端，要学数据库吗/,负面,中性,0.6496776196759406,0.11677161333304542,0.6496776196759406,0.23355076699101385,0.0,0,0
学习区,BV1Kr4y1i7ru,我是大专能看这个吗,负面,负面,0.5473608040661466,0.02726170806962401,0.4253774878642294,0.5473608040661466,0.0,0,0
学习区,BV1Kr4y1i7ru,搞土木常年在工地被女友分手了，学MySQL换行业挽回一下。,负面,负面,0.8970338222853806,0.04249330121602223,0.06047287649859709,0.8970338222853806,0.0,0,0
学习区,BV1Kr4y1i7ru,老师的声音好像孙悟空,负面,负面,0.5381480697599298,0.10419398979856266,0.3576579404415075,0.5381480697599298,0.0,0,0
学习区,BV1Kr4y1i7ru,好像每个老师都这么讲,负面,负面,0.5117918193528492,0.17990965501404718,0.30829852563310356,0.5117918193528492,0.0,0,0
学习区,BV1Kr4y1i7ru,基础就够了，后面慢慢练,负面,中性,0.46702528528809956,0.10978173308814831,0.46702528528809956,0.42319298162375213,0.0,0,0
学习区,BV1Kr4y1i7ru,2025年08月26日 14：53还有100人呢。。,负面,中性,0.5738283436469435,0.19080320968210543,0.5738283436469435,0.2353684466709512,0.0,0,0
学习区,BV1Kr4y1i7ru,中国矿业大学的有吗,负面,中性,0.5710860467595016,0.062323389967483656,0.5710860467595016,0.3665905632730148,0.0,0,0
学习区,BV1Kr4y1i7ru,和老师隔了一层壁 完全听不懂他在说什么 跑过来自学,负面,中性,0.5967492803479856,0.1341863334374631,0.5967492803479856,0.2690643862145512,-2.0,0,2
学习区,BV1Kr4y1i7ru,有大数据的吗？,负面,负面,0.68571568613118,0.06021656912160243,0.25406774474721755,0.68571568613118,0.0,0,0
学习区,BV1Kr4y1i7ru,声音比较尖,负面,中性,0.5109525428710233,0.11254081055457259,0.5109525428710233,0.37650664657440414,0.0,0,0
学习区,BV1Kr4y1i7ru,学完这个课能拿捏学校的数据库原理与运用不,负面,负面,0.882282915357159,0.042771387888041704,0.0749456967547994,0.882282915357159,0.0,0,0
学习区,BV1Kr4y1i7ru,感觉像猴哥的声音,负面,中性,0.5160033772852063,0.09707903709118491,0.5160033772852063,0.3869175856236088,0.0,0,0
学习区,BV1Kr4y1i7ru,看完隔壁老杜的java来学mysql了,负面,中性,0.5110839751157166,0.15114190991300028,0.5110839751157166,0.3377741149712831,0.0,0,0
学习区,BV1Kr4y1i7ru,卷卷卷卷卷卷卷卷卷卷卷卷卷卷卷卷卷卷卷卷卷卷卷卷卷卷卷卷卷卷卷卷卷卷卷卷卷卷卷卷卷卷卷卷卷卷卷卷卷卷卷卷卷卷卷卷卷卷卷卷卷卷卷卷卷卷卷卷卷卷卷卷卷卷卷卷卷卷卷卷卷卷卷,负面,负面,0.9990611828326573,0.0009386813984405115,1.3576890217219006e-07,0.9990611828326573,0.0,0,0
学习区,BV1Kr4y1i7ru,hnmz小朱计划10天学完，从删库到跑路，隔壁Java还有一百多集,负面,负面,0.7048578607494113,0.19008879828236425,0.10505334096822451,0.7048578607494113,0.0,0,0
学习区,BV1Kr4y1i7ru,孙悟空绷不住了,负面,中性,0.8499648179164161,0.10755135992977717,0.8499648179164161,0.04248382215380679,-2.0,0,2
学习区,BV1Kr4y1i7ru,数据库的不懂得 可以问我，不难,负面,负面,0.699758934585202,0.08107674323072006,0.21916432218407794,0.699758934585202,0.0,1,1
学习区,BV1Kr4y1i7ru,月薪4K，学习到哪合适？,负面,负面,0.748506732425052,0.05465954462652577,0.1968337229484222,0.748506732425052,0.0,0,0
学习区,BV1Kr4y1i7ru,面试造航母,负面,中性,0.6663109048822989,0.07267926043944689,0.6663109048822989,0.26100983467825417,0.0,0,0
学习区,BV1Kr4y1i7ru,老师是孙悟空吗？,负面,负面,0.6587437015926848,0.07354960693050469,0.2677066914768105,0.6587437015926848,0.0,0,0
学习区,BV1Kr4y1i7ru,一句猴哥笑死我，果然网友从不让我失望,负面,中性,0.4997809067908019,0.3223548116871656,0.4997809067908019,0.17786428152203243,-1.0,1,2
学习区,BV1Kr4y1i7ru,这是啥时候的商品,负面,中性,0.6329577728659773,0.11515840378675114,0.6329577728659773,0.2518838233472715,0.0,0,0
学习区,BV1Kr4y1i7ru,刚失恋，2点十分开始学习,负面,中性,0.6743588459169066,0.10846581828745906,0.6743588459169066,0.2171753357956342,0.0,0,0
学习区,BV1Kr4y1i7ru,一杯咖啡，一条烟，一个视频看一天（1）,负面,负面,0.4865888358352107,0.14714473739142114,0.3662664267733682,0.4865888358352107,0.0,0,0
学习区,BV1Kr4y1i7ru,声音像孙悟空,负面,中性,0.6121869712755544,0.1471073842640331,0.6121869712755544,0.24070564446041237,0.0,0,0
学习区,BV1Kr4y1i7ru,B站不就是用go语言写的,负面,负面,0.5955304844347495,0.1460193840190991,0.2584501315461515,0.5955304844347495,0.0,0,0
学习区,BV1Kr4y1i7ru,这个动画起码制作30分钟,负面,中性,0.6884967904516199,0.14006294005573167,0.6884967904516199,0.1714402694926484,0.0,0,0
学习区,BV1Kr4y1i7ru,老师怎么像是在说相声,负面,中性,0.5026525935252693,0.18624611524243342,0.5026525935252693,0.31110129123229735,0.0,0,0
学习区,BV1Kr4y1i7ru,最难不过坚持,负面,中性,0.7590926852089073,0.16745545975926743,0.7590926852089073,0.0734518550318252,-1.0,0,1
学习区,BV1Kr4y1i7ru,程序员活着就是为了卷死程序员,负面,中性,0.6854562331269501,0.19085001948043853,0.6854562331269501,0.12369374739261138,-1.0,0,1
学习区,BV1Kr4y1i7ru,老师像孙悟空声音,负面,中性,0.5040118180608745,0.1845000506472778,0.5040118180608745,0.3114881312918477,0.0,0,0
学习区,BV1Kr4y1i7ru,我董可行实名开卷,负面,中性,0.6726856494832734,0.05491081965138613,0.6726856494832734,0.2724035308653405,0.0,0,0
学习区,BV1Kr4y1i7ru,嵌入式也需要学这个吗,负面,中性,0.47629449545218927,0.09214824669148239,0.47629449545218927,0.4315572578563284,0.0,0,0
学习区,BV1Kr4y1i7ru,没有不可能,负面,中性,0.5140153303403169,0.06585389403461366,0.5140153303403169,0.4201307756250695,0.0,0,0
学习区,BV1Kr4y1i7ru,这个老师把 “的” 读 “哒”,负面,负面,0.4573496078648444,0.20774739487381677,0.3349029972613389,0.4573496078648444,0.0,0,0
学习区,BV1Kr4y1i7ru,我的尼古拉斯阿伟你在哪,负面,负面,0.5970546977878344,0.1070254477631058,0.2959198544490599,0.5970546977878344,0.0,0,0
学习区,BV1Kr4y1i7ru,学完能找下工作吗？,负面,负面,0.8377164024846954,0.030036805511977474,0.13224679200332703,0.8377164024846954,0.0,0,0
学习区,BV1Kr4y1i7ru,暨南大学的集合,负面,负面,0.5631270091141048,0.09904087330753218,0.33783211757836307,0.5631270091141048,0.0,0,0
学习区,BV1Kr4y1i7ru,吕德华？？不是鸽们，你不搞直播来学数据库？？真的假的,负面,负面,0.9999113236029123,6.232079217005943e-05,2.635560491741881e-05,0.9999113236029123,0.0,0,0
学习区,BV1Kr4y1i7ru,我在b站办大学,负面,中性,0.6034891453149713,0.1481569257144518,0.6034891453149713,0.24835392897057684,0.0,0,0
学习区,BV1Kr4y1i7ru,1月13日有人吗？,负面,负面,0.5771294982609522,0.09756955055062791,0.3253009511884198,0.5771294982609522,0.0,0,0
学习区,BV1Kr4y1i7ru,电脑看的没声音。。。,负面,中性,0.6391604398726292,0.1084918160759168,0.6391604398726292,0.25234774405145416,0.0,0,0
学习区,BV1Kr4y1i7ru,2024年11月2日20:44:38   53人,负面,中性,0.5453092746647722,0.17914665908868296,0.5453092746647722,0.2755440662465449,0.0,0,0
学习区,BV1Kr4y1i7ru,应统的来了。。。。。。。。。。,负面,中性,0.594788753708928,0.15130643765281698,0.594788753708928,0.253904808638255,0.0,0,0
学习区,BV1Kr4y1i7ru,"睡莲站我,mysql数据库,熟练使用精通数据库的应用,优化方式,问到数据库参建的,盖帘,存储迎请,分库分表,ji",负面,负面,0.8545936678492586,0.11894882920194821,0.02645750294879313,0.8545936678492586,0.0,0,0
学习区,BV1Kr4y1i7ru,别卷了别卷了，孩子都找不到岗位了,负面,负面,0.848229982493559,0.04342206737370681,0.10834795013273421,0.848229982493559,0.0,0,0
学习区,BV1Kr4y1i7ru,老师讲的听不懂，还是b站大学牛壁,负面,负面,0.5528478369605687,0.1384125189237872,0.30873964411564403,0.5528478369605687,-2.0,0,2
学习区,BV1Kr4y1i7ru,现在月薪一万五了，还要看这个吗,负面,中性,0.5482845571885245,0.08002482830324333,0.5482845571885245,0.37169061450823215,0.0,0,0
学习区,BV1Kr4y1i7ru,学过，但不多,负面,负面,0.8039192808087765,0.034052194328456825,0.16202852486276673,0.8039192808087765,0.0,0,0
学习区,BV1Kr4y1i7ru,不败小强杨振来也,负面,中性,0.47021476444043375,0.18575018069294633,0.47021476444043375,0.3440350548666199,0.0,0,0
学习区,BV1Kr4y1i7ru,sql  事物  存储引擎  索引  sql优化  锁  日志  主从复制  读写分离,负面,中性,0.5085303633805484,0.24335801360218165,0.5085303633805484,0.24811162301727005,0.0,0,0
学习区,BV1Kr4y1i7ru,奋斗三年，我要上江苏海洋大学软件工程,负面,负面,0.7062742334916355,0.0969891394060832,0.19673662710228126,0.7062742334916355,0.0,0,0
学习区,BV1Kr4y1i7ru,工厂里的生产数据,负面,负面,0.65537259048847,0.09556632004912378,0.24906108946240635,0.65537259048847,0.0,0,0
学习区,BV1Kr4y1i7ru,想成为一个合格的程序员要懂得语言语言需要靠拿证,负面,负面,0.7086534431584707,0.12046760197786698,0.17087895486366228,0.7086534431584707,0.0,0,0
学习区,BV1Kr4y1i7ru,大三了，来复习,负面,中性,0.6058062340825029,0.06413883820005502,0.6058062340825029,0.3300549277174421,0.0,0,0
学习区,BV1Kr4y1i7ru,我张玉璇实名开卷,负面,中性,0.6726856494832734,0.05491081965138613,0.6726856494832734,0.2724035308653405,0.0,0,0
学习区,BV1Kr4y1i7ru,最核心的是手机,负面,负面,0.48357235529853504,0.12585894530012973,0.3905686994013353,0.48357235529853504,0.0,0,0
学习区,BV1Kr4y1i7ru,声音有点像孙悟空,负面,中性,0.6121869712755544,0.1471073842640331,0.6121869712755544,0.24070564446041237,0.0,0,0
学习区,BV1Kr4y1i7ru,学完我就去送外卖，月薪要是不到2万就回来扁你,负面,负面,0.5989955674833488,0.18223448534696504,0.218769947169686,0.5989955674833488,0.0,0,0
学习区,BV1Kr4y1i7ru,数据在一层层深入，一层层嵌套,负面,负面,0.744957046329039,0.06745675309617903,0.1875862005747821,0.744957046329039,0.0,0,0
学习区,BV1Kr4y1i7ru,我王义普实名开卷,负面,中性,0.6726856494832734,0.05491081965138613,0.6726856494832734,0.2724035308653405,0.0,0,0
学习区,BV1Kr4y1i7ru,SQL是一门语言 全称结构化查询语言 是操作关系型数据库的一门语言 所有的关系型数据库软件都是基于SQL语言的,负面,负面,0.9596676081303861,0.030499560379622537,0.009832831489991251,0.9596676081303861,0.0,0,0
学习区,BV1Kr4y1i7ru,猴哥？,负面,中性,0.4921584297101773,0.1174070572123704,0.4921584297101773,0.39043451307745236,0.0,0,0
学习区,BV1Kr4y1i7ru,仅修改数据表中名称时，通常用alter table…modify实现，错误的原因？,负面,负面,0.9687719201666188,0.009258401333460946,0.021969678499920018,0.9687719201666188,-3.0,0,3
学习区,BV1Kr4y1i7ru,2023-12-8上班日常摸鱼中,负面,中性,0.8216386373919354,0.11974708395165846,0.8216386373919354,0.058614278656406026,-2.0,0,2
学习区,BV1Kr4y1i7ru,改大纲了我来学mysq了,负面,中性,0.5884837289228803,0.07924644252203789,0.5884837289228803,0.33226982855508197,0.0,0,0
学习区,BV1Kr4y1i7ru,2222计科2班艾道磊在线打卡,负面,中性,0.6466452590174429,0.1726246469441965,0.6466452590174429,0.18073009403836063,0.0,0,0
学习区,BV1Kr4y1i7ru,57个人？,负面,负面,0.4566402200267106,0.08687477769296305,0.45648500228032635,0.4566402200267106,0.0,0,0
学习区,BV1Kr4y1i7ru,MySQL要下载吗,负面,中性,0.7413820780247125,0.12672296070701822,0.7413820780247125,0.1318949612682694,0.0,0,0
学习区,BV1Kr4y1i7ru,我在最后一集等你们,负面,中性,0.5791000362357581,0.1131673014732137,0.5791000362357581,0.30773266229102814,0.0,0,0
学习区,BV1Kr4y1i7ru,太像猴哥的声音了,负面,负面,0.4865653724724114,0.09860866657654054,0.4148259609510481,0.4865653724724114,0.0,0,0
学习区,BV1Kr4y1i7ru,79个人在卷啊啊啊啊,负面,中性,0.4628108185197146,0.1543668496464752,0.4628108185197146,0.3828223318338101,0.0,0,0
学习区,BV1Kr4y1i7ru,小城里的人打卡,负面,中性,0.45040391311344374,0.24231315350601096,0.45040391311344374,0.30728293338054535,0.0,0,0
学习区,BV1Kr4y1i7ru,大家都来卷计算机了,负面,中性,0.7339095151697872,0.09635654730625498,0.7339095151697872,0.16973393752395793,0.0,0,0
学习区,BV1Kr4y1i7ru,暑假两个月全忘了,负面,中性,0.5989403570362533,0.1444502455829915,0.5989403570362533,0.2566093973807553,0.0,0,0
学习区,BV1Kr4y1i7ru,数据库的重要性,负面,中性,0.5250872030624201,0.17321957155840445,0.5250872030624201,0.3016932253791754,0.0,0,0
学习区,BV1Kr4y1i7ru,听到这里感觉看完立马能上岗了,负面,中性,0.6209027411460246,0.07466498354168243,0.6209027411460246,0.3044322753122928,0.0,0,0
学习区,BV1Kr4y1i7ru,找工作前学的,负面,中性,0.4868858984846031,0.10769493975562738,0.4868858984846031,0.40541916175976955,0.0,0,0
学习区,BV1Kr4y1i7ru,原来我已经一名数据库超级工程师了,负面,中性,0.49724854006396524,0.19905006587162588,0.49724854006396524,0.3037013940644088,0.0,0,0
学习区,BV1Kr4y1i7ru,其实学过，已经还给老师了,负面,负面,0.5732500933529544,0.21995313351897613,0.20679677312806946,0.5732500933529544,0.0,0,0
学习区,BV1Kr4y1i7ru,太有味道了,负面,中性,0.6869693254790159,0.12658626879100815,0.6869693254790159,0.18644440572997592,0.0,0,0
学习区,BV1Kr4y1i7ru,无聊,负面,中性,0.8148942444680717,0.17818348245718568,0.8148942444680717,0.006922273074742645,-2.0,0,2
学习区,BV1Kr4y1i7ru,已经不需要  初级开发了   劝退,负面,负面,0.8851343788012621,0.0275666056262759,0.0872990155724621,0.8851343788012621,-2.0,0,2
学习区,BV1Kr4y1i7ru,不开玩笑 我再听孙悟空讲数据库,负面,负面,0.5292757036807209,0.11437361138274134,0.35635068493653776,0.5292757036807209,0.0,0,0
学习区,BV1Kr4y1i7ru,虽然但是  五年超清北还是有难度,负面,负面,0.47290208616836565,0.05604866839862108,0.47104924543301335,0.47290208616836565,0.0,0,0
学习区,BV1Kr4y1i7ru,电气工程及其自动化 来卷你们了,负面,中性,0.5512010151144472,0.1520853715175771,0.5512010151144472,0.2967136133679757,0.0,0,0
学习区,BV1Kr4y1i7ru,会计在学,负面,中性,0.5826398987675081,0.07828400005333132,0.5826398987675081,0.3390761011791605,0.0,0,0
学习区,BV1Kr4y1i7ru,96人，这个点好卷,负面,负面,0.471950450801137,0.10138184542450611,0.4266677037743568,0.471950450801137,0.0,0,0
学习区,BV1Kr4y1i7ru,软件行业最伤人的俩字《本科》,负面,负面,0.4611332415181065,0.20001811885880078,0.3388486396230927,0.4611332415181065,0.0,0,0
学习区,BV1Kr4y1i7ru,还有78个哥们在卷,负面,中性,0.5911627937860952,0.13923413279922012,0.5911627937860952,0.26960307341468476,0.0,0,0
学习区,BV1Kr4y1i7ru,猴哥给我讲课,负面,中性,0.7499789993668763,0.09786919082321824,0.7499789993668763,0.15215180980990545,0.0,0,0
学习区,BV1Kr4y1i7ru,黑马真费了 在这是学习 上课不讲 让去哔哩哔哩看,负面,负面,0.8094465794676022,0.05927433014245409,0.13127909038994362,0.8094465794676022,0.0,0,0
学习区,BV1Kr4y1i7ru,前面问专科生出去能不能找到工作的，我告诉你本科出去都不行了现在，都不要实习了,负面,负面,0.9718738043779477,0.01184690939172025,0.016279286230331962,0.9718738043779477,-2.0,0,2
学习区,BV1Kr4y1i7ru,那必须有,负面,中性,0.6377215610912004,0.060712292932561196,0.6377215610912004,0.3015661459762383,0.0,0,0
学习区,BV1Kr4y1i7ru,孙悟空在讲课吗,负面,中性,0.7344953433130488,0.11598547126767321,0.7344953433130488,0.1495191854192781,0.0,0,0
学习区,BV1Kr4y1i7ru,怎么在我的老家大同,负面,负面,0.6007063602226902,0.07072952089454264,0.3285641188827672,0.6007063602226902,0.0,0,0
学习区,BV1Kr4y1i7ru,我听到了猴哥的声音，然后打开了弹幕,负面,负面,0.5974700538130314,0.11575046247200206,0.28677948371496653,0.5974700538130314,0.0,0,0
学习区,BV1Kr4y1i7ru,你是孙行者吗？,负面,负面,0.5625478213632147,0.09316683629969902,0.34428534233708624,0.5625478213632147,0.0,0,0
学习区,BV1Kr4y1i7ru,刚面试问的索引和优化没打出来，回来恶补，哎,负面,负面,0.8619894803880569,0.05579274809308687,0.08221777151885629,0.8619894803880569,0.0,0,0
学习区,BV1Kr4y1i7ru,有23年学习的吗,负面,中性,0.6568527676804735,0.052066809286594164,0.6568527676804735,0.2910804230329323,0.0,0,0
学习区,BV1Kr4y1i7ru,看十遍，说明你入门了,负面,中性,0.5454540596099127,0.20128886133985538,0.5454540596099127,0.2532570790502319,0.0,0,0
学习区,BV1Kr4y1i7ru,我面试 应聘者的时候，问的数据库问题，基本都不会，我最后随便选了一个看着顺眼的,负面,负面,0.575934069332328,0.0684745734820026,0.35559135718566937,0.575934069332328,-4.0,2,6
学习区,BV1Kr4y1i7ru,这老师的声音好像孙悟空,负面,负面,0.4654155694909376,0.11527566420950532,0.419308766299557,0.4654155694909376,0.0,0,0
学习区,BV1Kr4y1i7ru,这是我能免费学的？,负面,负面,0.9610057715294713,0.005468327995938365,0.03352590047459029,0.9610057715294713,0.0,0,0
学习区,BV1Kr4y1i7ru,湛江的来咯,负面,中性,0.6925891031310595,0.0891720374665702,0.6925891031310595,0.21823885940237042,0.0,0,0
学习区,BV1Kr4y1i7ru,学习这个影响我单手开法拉利吗？,负面,负面,0.6639236913972549,0.037938250481245786,0.29813805812149935,0.6639236913972549,0.0,0,0
学习区,BV1Kr4y1i7ru,信管的,负面,负面,0.5136333639975914,0.09921037401438419,0.38715626198802444,0.5136333639975914,0.0,0,0
学习区,BV1Kr4y1i7ru,江西的朋友哦,负面,负面,0.6106401794087639,0.09779073789236717,0.29156908269886894,0.6106401794087639,0.0,0,0
学习区,BV1Kr4y1i7ru,等我学完，删库跑路兄弟们,负面,中性,0.5073428888561788,0.15643560524693775,0.5073428888561788,0.3362215058968834,0.0,0,0
学习区,BV1Kr4y1i7ru,大师兄也来讲mysql,负面,中性,0.4108009795873709,0.19517795213186703,0.4108009795873709,0.3940210682807621,0.0,0,0
学习区,BV1Kr4y1i7ru,想转码的，建议从这个开始,负面,负面,0.4968182683672255,0.09382119504371329,0.4093605365890612,0.4968182683672255,0.0,0,0
学习区,BV1Kr4y1i7ru,这都不要钱，我都不好意思看,负面,中性,0.5192746756030233,0.04614899701590982,0.5192746756030233,0.434576327381067,-2.0,0,2
学习区,BV1Kr4y1i7ru,运用了极限词,负面,中性,0.6444098977184003,0.13584829208841603,0.6444098977184003,0.21974181019318373,0.0,0,0
学习区,BV1Kr4y1i7ru,梦想开始的地方,负面,中性,0.6512567380827474,0.10824102397743829,0.6512567380827474,0.24050223793981423,0.0,0,0
学习区,BV1Kr4y1i7ru,早上八点，55人,负面,中性,0.4445198013489542,0.17638145520400275,0.4445198013489542,0.37909874344704314,0.0,0,0
学习区,BV1Kr4y1i7ru,就我是学生来补课吗（挠头）,负面,中性,0.5755483971711141,0.049931911249704204,0.5755483971711141,0.3745196915791818,0.0,0,0
学习区,BV1Kr4y1i7ru,30岁转行来学,负面,中性,0.7277188173479838,0.13342406052376718,0.7277188173479838,0.13885712212824908,0.0,0,0
学习区,BV1Kr4y1i7ru,都别卷了累坏了怎么办？这个饭碗还是给我吧。,负面,负面,0.8320632115752726,0.016812103634227606,0.15112468479049967,0.8320632115752726,-1.0,0,1
学习区,BV1Kr4y1i7ru,专科生会不会出去之后不好找工作,负面,中性,0.7548978484193052,0.15537861114079748,0.7548978484193052,0.08972354043989743,-1.0,1,2
学习区,BV1Kr4y1i7ru,我感觉老师是孙悟空亲戚,负面,中性,0.6034484855699752,0.10020817635478318,0.6034484855699752,0.29634333807524166,0.0,0,0
学习区,BV1Kr4y1i7ru,学统计的也要学…T﹏T,负面,负面,0.8213584615024809,0.04846407488453348,0.13017746361298566,0.8213584615024809,0.0,0,0
学习区,BV1Kr4y1i7ru,幼儿园小班班长前前来内卷,负面,中性,0.717496949406485,0.14472302724039282,0.717496949406485,0.13778002335312206,-1.0,0,1
学习区,BV1Kr4y1i7ru,卷死了，真难受,负面,中性,0.7818640869444472,0.05225468409381759,0.7818640869444472,0.1658812289617351,-5.4,0,5
学习区,BV1Kr4y1i7ru,有周口的,负面,负面,0.6270724384839436,0.0501527866673299,0.3227747748487265,0.6270724384839436,0.0,0,0
学习区,BV1Kr4y1i7ru,胡玉清韩永强别卷了我遭不住了,负面,中性,0.6440492679275871,0.11458150777836851,0.6440492679275871,0.24136922429404434,0.0,0,0
学习区,BV1Kr4y1i7ru,那么多人在看,负面,中性,0.6571973537267871,0.09211492247771842,0.6571973537267871,0.2506877237954945,0.0,0,0
学习区,BV1Kr4y1i7ru,六老师开课了XD,负面,中性,0.5393167773661056,0.21649580009076347,0.5393167773661056,0.24418742254313092,0.0,0,0
学习区,BV1Kr4y1i7ru,快跑，黑山老妖,负面,中性,0.5898455797738877,0.10177278373896867,0.5898455797738877,0.3083816364871437,0.0,0,0
学习区,BV1Kr4y1i7ru,不会java可以学嘛,负面,中性,0.8051431171192824,0.18469112256693965,0.8051431171192824,0.010165760313777741,-1.0,2,3
学习区,BV1Kr4y1i7ru,幼儿园大班的我裂开XD,负面,负面,0.4853393618581785,0.046846686986783195,0.4678139511550382,0.4853393618581785,-2.0,0,2
学习区,BV1Kr4y1i7ru,洗脑课程啊,负面,中性,0.48109112105460006,0.0800252628069237,0.48109112105460006,0.43888361613847615,0.0,0,0
学习区,BV1Kr4y1i7ru,一个只有一个月就实习了的大专生来陪你看,负面,中性,0.5588674417631664,0.1903870375347426,0.5588674417631664,0.25074552070209094,0.0,0,0
学习区,BV1Kr4y1i7ru,张金亮别卷了,负面,中性,0.6869693254790159,0.12658626879100815,0.6869693254790159,0.18644440572997592,0.0,0,0
学习区,BV1Kr4y1i7ru,云计算的来卷了,负面,中性,0.651603079348384,0.1088368425302067,0.651603079348384,0.23956007812140928,0.0,0,0
学习区,BV1Kr4y1i7ru,还未入门已放弃,负面,中性,0.5798877988442691,0.166708729678853,0.5798877988442691,0.2534034714768779,0.0,0,0
学习区,BV1Kr4y1i7ru,我要找工作,负面,中性,0.7036195434930173,0.1155731821856935,0.7036195434930173,0.1808072743212893,0.0,0,0
学习区,BV1Kr4y1i7ru,这么晚了57人在卷,负面,中性,0.5706135088373328,0.16211813054478735,0.5706135088373328,0.26726836061788,0.0,0,0
学习区,BV1Kr4y1i7ru,pink老师？,负面,负面,0.5216482013406912,0.10982113895079607,0.3685306597085126,0.5216482013406912,0.0,0,0
学习区,BV1Kr4y1i7ru,136个，好卷啊,负面,中性,0.5351397677417059,0.1276433089557222,0.5351397677417059,0.3372169233025719,0.0,0,0
学习区,BV1Kr4y1i7ru,真卷啊,负面,中性,0.5690716095172204,0.13031983751757992,0.5690716095172204,0.3006085529651998,0.0,0,0
学习区,BV1Kr4y1i7ru,39个在卷,负面,中性,0.6667753280324453,0.14492449096981175,0.6667753280324453,0.188300180997743,0.0,0,0
学习区,BV1Kr4y1i7ru,我一个学经济的为什么也被拉来看这个,负面,负面,0.7273752872878474,0.06311712687072772,0.20950758584142476,0.7273752872878474,0.0,0,0
学习区,BV1Kr4y1i7ru,众所周知，黑马是万能的,负面,负面,0.6774492774285047,0.08625439504555515,0.2362963275259403,0.6774492774285047,0.0,0,0
学习区,BV1Kr4y1i7ru,72个人，艾玛,负面,中性,0.6066519438437953,0.13824656947092506,0.6066519438437953,0.2551014866852796,0.0,0,0
学习区,BV1Kr4y1i7ru,有个问题，为什么黑马啥都会,负面,中性,0.6078253828760946,0.15085207944907525,0.6078253828760946,0.2413225376748303,-1.0,1,2
学习区,BV1Kr4y1i7ru,有没有产品经理来学这个的,负面,负面,0.508452462077321,0.0926070432421564,0.39894049468052256,0.508452462077321,0.0,0,0
学习区,BV1Kr4y1i7ru,这声音好像我家哥哥micro_frank啊,负面,负面,0.5210406569460705,0.12352623499196472,0.35543310806196476,0.5210406569460705,0.0,0,0
学习区,BV1Kr4y1i7ru,我python能不能学,负面,负面,0.49175815835458225,0.04540797817064647,0.46283386347477123,0.49175815835458225,0.0,0,0
学习区,BV1Kr4y1i7ru,不要太难就行我怕我学不下去,负面,中性,0.5420011113078609,0.1362809894844292,0.5420011113078609,0.3217178992077098,0.0,1,1
学习区,BV1Kr4y1i7ru,你们也太卷了,负面,中性,0.46952931387742036,0.16811175141935975,0.46952931387742036,0.36235893470321995,0.0,0,0
学习区,BV1Kr4y1i7ru,108个人在卷,负面,中性,0.6401419105243115,0.13828421015084957,0.6401419105243115,0.221573879324839,0.0,0,0
学习区,BV1Kr4y1i7ru,为什么不能三倍速啊,负面,中性,0.54160573691732,0.15257126738296373,0.54160573691732,0.30582299569971644,0.0,0,0
学习区,BV1Kr4y1i7ru,好像猴哥在讲课啊,负面,负面,0.4308429559748325,0.16052888906142776,0.4086281549637397,0.4308429559748325,0.0,0,0
学习区,BV1Kr4y1i7ru,我零基础，但我七天后就要交Mysql作业,负面,负面,0.6098865050301999,0.08370999404092468,0.30640350092887525,0.6098865050301999,0.0,0,0
学习区,BV1Kr4y1i7ru,以前学的太浅了,负面,负面,0.5528835115330357,0.07319778842252969,0.3739187000444346,0.5528835115330357,0.0,0,0
学习区,BV1Kr4y1i7ru,70人在卷,负面,中性,0.6391100603555385,0.15684013699421806,0.6391100603555385,0.20404980265024336,0.0,0,0
学习区,BV1Kr4y1i7ru,有ppt下载么,负面,中性,0.6925352629969398,0.11195109482895751,0.6925352629969398,0.1955136421741029,0.0,0,0
学习区,BV1Kr4y1i7ru,java递归学麻了来看看sql,负面,中性,0.8241746544570685,0.10426088907006406,0.8241746544570685,0.07156445647286744,-1.0,0,1
学习区,BV1Kr4y1i7ru,我的java刚看到两百集,负面,中性,0.5165014055116092,0.10459370311318976,0.5165014055116092,0.37890489137520106,0.0,0,0
学习区,BV1Kr4y1i7ru,不好意思,负面,中性,0.8310191797718213,0.16198833067016638,0.8310191797718213,0.0069924895580124055,-2.0,0,2
学习区,BV1Kr4y1i7ru,上海的同学有没有,负面,负面,0.6106401794087639,0.09779073789236717,0.29156908269886894,0.6106401794087639,0.0,0,0
学习区,BV1Kr4y1i7ru,48个人在卷？,负面,负面,0.7155169570046604,0.06176780012517613,0.22271524287016325,0.7155169570046604,0.0,0,0
学习区,BV1Kr4y1i7ru,大学SQL server2008也学过 mysql也学过,负面,负面,0.44053898286306875,0.2138765789353396,0.3455844382015916,0.44053898286306875,0.0,0,0
学习区,BV1Kr4y1i7ru,48个人？,负面,负面,0.46737002381859394,0.08891159052828734,0.4437183856531186,0.46737002381859394,0.0,0,0
学习区,BV1Kr4y1i7ru,大学生一枚这么多课，3个月也看不完,负面,负面,0.603513818304844,0.15769492556044692,0.23879125613470914,0.603513818304844,0.0,0,0
学习区,BV1Kr4y1i7ru,福建话是这么说的,负面,负面,0.44669988425387364,0.12150124888604551,0.4317988668600809,0.44669988425387364,0.0,0,0
学习区,BV1Kr4y1i7ru,关键是记不住英语单词,负面,中性,0.6524902621011583,0.11650905033519875,0.6524902621011583,0.231000687563643,0.0,0,0
学习区,BV1Kr4y1i7ru,函数好多，虽然没有C语言多,负面,中性,0.6293202231049676,0.11063288148964359,0.6293202231049676,0.2600468954053888,0.0,0,0
学习区,BV1Kr4y1i7ru,学完这个，能过MySQL二级吗,负面,中性,0.6170649279062711,0.117140344348763,0.6170649279062711,0.2657947277449659,0.0,0,0
学习区,BV1Kr4y1i7ru,可恶啊怎么这么多人卷,负面,中性,0.5620640434605089,0.1844044732065764,0.5620640434605089,0.2535314833329147,0.0,0,0
学习区,BV1Kr4y1i7ru,想学怎么删库跑路,负面,中性,0.673099952513977,0.13997738289395822,0.673099952513977,0.18692266459206464,0.0,0,0
学习区,BV1Kr4y1i7ru,前面江软的别走，我江软区块链学院的,负面,负面,0.8083407066542021,0.0706311127380347,0.12102818060776324,0.8083407066542021,0.0,0,0
学习区,BV1Kr4y1i7ru,劝退,负面,中性,0.8310191797718213,0.16198833067016638,0.8310191797718213,0.0069924895580124055,-2.0,0,2
学习区,BV1Kr4y1i7ru,过来人告诉我，即使把进阶篇学完还远远不够,负面,负面,0.668721124828214,0.11717103141159235,0.21410784376019368,0.668721124828214,0.0,0,0
学习区,BV1Kr4y1i7ru,从刘老师的python来的,负面,中性,0.5406179256053972,0.11484782942133948,0.5406179256053972,0.3445342449732634,0.0,0,0
学习区,BV1Kr4y1i7ru,我从隔壁过来的，听了两节迷糊了,负面,负面,0.7133852345398852,0.061230645339869855,0.22538412012024497,0.7133852345398852,0.0,0,0
学习区,BV1Kr4y1i7ru,我去 400+在线观看,负面,中性,0.6726856494832734,0.05491081965138613,0.6726856494832734,0.2724035308653405,0.0,0,0
学习区,BV1Kr4y1i7ru,600多人，真假,负面,负面,0.486707176746976,0.09721317568812193,0.4160796475649022,0.486707176746976,0.0,0,0
学习区,BV1Kr4y1i7ru,真人的扣一,负面,负面,0.6106401794087639,0.09779073789236717,0.29156908269886894,0.6106401794087639,0.0,0,0
学习区,BV1Kr4y1i7ru,听不懂,负面,中性,0.8281810271767098,0.166697546935575,0.8281810271767098,0.005121425887715015,-2.0,0,2
学习区,BV1Kr4y1i7ru,64个？,负面,中性,0.48908951182174454,0.08262792614079394,0.48908951182174454,0.4282825620374617,0.0,0,0
学习区,BV1Kr4y1i7ru,2026-5-12日，有人吗,负面,中性,0.7091404584986423,0.0979577058616534,0.7091404584986423,0.19290183563970434,0.0,0,0
学习区,BV1Kr4y1i7ru,我擦，那时候就有ai了？,负面,负面,0.9177985563894833,0.014331285954171472,0.06787015765634506,0.9177985563894833,0.0,0,0
学习区,BV1Kr4y1i7ru,原来22年就有大模型了,负面,中性,0.5082851200954437,0.11429155143478129,0.5082851200954437,0.37742332846977505,0.0,0,0
学习区,BV1Kr4y1i7ru,马来西亚国立大学大三学生开始卷了,负面,中性,0.7139448309204777,0.13869256986654221,0.7139448309204777,0.1473625992129801,0.0,0,0
学习区,BV1Kr4y1i7ru,王佳俊还在卷,负面,中性,0.5423297237660454,0.13093640787028243,0.5423297237660454,0.3267338683636722,0.0,0,0
学习区,BV1Kr4y1i7ru,谁跟我拼,负面,中性,0.7175388255057263,0.051197463144223944,0.7175388255057263,0.2312637113500497,0.0,0,0
学习区,BV1Kr4y1i7ru,放弃了,负面,中性,0.784495633109301,0.15617261622819095,0.784495633109301,0.059331750662508044,-1.0,0,1
学习区,BV1Kr4y1i7ru,学完C，Java，python。来学数据库,负面,负面,0.44607916561627764,0.1400748066843618,0.4138460276993606,0.44607916561627764,0.0,0,0
学习区,BV1Kr4y1i7ru,2026年4月5日 22:44:42 这么多人看数据库吗？,负面,负面,0.7711598085379547,0.08762634840012089,0.14121384306192442,0.7711598085379547,0.0,0,0
学习区,BV1Kr4y1i7ru,黑马，让天下没有难学的技术,负面,负面,0.67706041358625,0.07636342353096057,0.24657616288278944,0.67706041358625,0.0,0,0
学习区,BV1Kr4y1i7ru,我是人在看,负面,负面,0.6291619200685027,0.0407380677270158,0.3301000122044816,0.6291619200685027,0.0,0,0
学习区,BV1Kr4y1i7ru,我广州华立学院实名开卷,负面,中性,0.738651621818756,0.0866380617214537,0.738651621818756,0.17471031645979027,0.0,0,0
学习区,BV1Kr4y1i7ru,其实看完现实中也没人要,负面,中性,0.6508736803013896,0.16410748750405427,0.6508736803013896,0.18501883219455617,0.0,0,0
学习区,BV1Kr4y1i7ru,我李朋林实名开卷,负面,中性,0.7175388255057263,0.051197463144223944,0.7175388255057263,0.2312637113500497,0.0,0,0
学习区,BV1Kr4y1i7ru,我沈磊实名开卷,负面,中性,0.7175388255057263,0.051197463144223944,0.7175388255057263,0.2312637113500497,0.0,0,0
学习区,BV1Kr4y1i7ru,月薪4k你还学什么？,负面,负面,0.5176035688830981,0.13442319553963075,0.3479732355772712,0.5176035688830981,0.0,0,0
学习区,BV1Kr4y1i7ru,我是jvav程序员,负面,负面,0.6047730643656528,0.03483704402747345,0.3603898916068738,0.6047730643656528,0.0,0,0
学习区,BV1Kr4y1i7ru,吓哭了,负面,中性,0.784495633109301,0.15617261622819095,0.784495633109301,0.059331750662508044,-1.0,0,1
学习区,BV1Kr4y1i7ru,???,负面,负面,0.9692661332645024,0.008177724073925627,0.022556142661571917,0.9692661332645024,0.0,0,0
学习区,BV1Kr4y1i7ru,任何东西基础才是关键 千变万化都离不开基本招式,负面,负面,0.4961682774114788,0.14091052648479985,0.36292119610372153,0.4961682774114788,0.0,0,0
学习区,BV1Kr4y1i7ru,一年的工资还更高,负面,中性,0.48589156553844004,0.18377001510973232,0.48589156553844004,0.3303384193518276,0.0,0,0
学习区,BV1Kr4y1i7ru,"我的妈啊,要学这么多吗",负面,中性,0.5308805864784162,0.09365718944401201,0.5308805864784162,0.3754622240775718,0.0,0,0
学习区,BV1Kr4y1i7ru,"卷不死,就使劲卷",负面,中性,0.5994325979764772,0.15227644360402062,0.5994325979764772,0.2482909584195022,0.0,0,0
学习区,BV1Kr4y1i7ru,放假了都还有20个人你们都这么卷吗,负面,负面,0.48167982722252656,0.13522515107699568,0.38309502170047793,0.48167982722252656,0.0,0,0
学习区,BV1Kr4y1i7ru,学过，没学完,负面,中性,0.6565913554859402,0.112659399562408,0.6565913554859402,0.23074924495165186,0.0,0,0
学习区,BV1Kr4y1i7ru,原来是涛哥,负面,负面,0.5964261127035284,0.06908620584926041,0.33448768144721125,0.5964261127035284,0.0,0,0
学习区,BV1Kr4y1i7ru,她突然用手捧起我的头，说亲我的胸，我,负面,负面,0.8577218958115836,0.02848635840094662,0.11379174578746964,0.8577218958115836,0.0,0,0
学习区,BV1Kr4y1i7ru,凌晨2点多了还有25人在卷,负面,负面,0.4603276899196599,0.1494568266836053,0.39021548339673484,0.4603276899196599,0.0,0,0
学习区,BV1Kr4y1i7ru,大家都从事什么工作来学习的,负面,中性,0.5190858064445881,0.0780919984563468,0.5190858064445881,0.4028221950990651,0.0,0,0
学习区,BV1Kr4y1i7ru,看不懂,负面,中性,0.8310191797718213,0.16198833067016638,0.8310191797718213,0.0069924895580124055,-2.0,0,2
学习区,BV1Kr4y1i7ru,开卷了,负面,中性,0.7261759005527044,0.11696296218345734,0.7261759005527044,0.15686113726383832,0.0,0,0
学习区,BV1Kr4y1i7ru,应该是念Ess-que-eel,负面,中性,0.5151720258111954,0.09600796608559233,0.5151720258111954,0.3888200081032123,0.0,0,0
学习区,BV1Kr4y1i7ru,湖北工业大学离金瑞大一上开卷，压力,负面,中性,0.7197703277341383,0.11290498769117903,0.7197703277341383,0.16732468457468264,-2.0,0,2
学习区,BV1Kr4y1i7ru,开塞卷是不可能卷的,负面,负面,0.7635004273042467,0.04515652985291567,0.1913430428428375,0.7635004273042467,0.0,0,0
学习区,BV1Kr4y1i7ru,2024年1月15日 12:42:57,负面,中性,0.620394558527305,0.17197290786599284,0.620394558527305,0.20763253360670228,0.0,0,0
学习区,BV1Kr4y1i7ru,将问题发布出来,负面,中性,0.8889611453318809,0.07521856747802444,0.8889611453318809,0.03582028719009471,-2.0,0,2
学习区,BV1Kr4y1i7ru,在实际的工作当中  日志管理啊,负面,负面,0.8429050394580024,0.05188882902826577,0.10520613151373183,0.8429050394580024,0.0,0,0
学习区,BV1Kr4y1i7ru,数据库基础的概念以及优化方式,负面,中性,0.496755638704051,0.19581465837247397,0.496755638704051,0.30742970292347516,0.0,0,0
学习区,BV1Kr4y1i7ru,数据库技术,负面,中性,0.6794480972106354,0.10559222419561984,0.6794480972106354,0.21495967859374496,0.0,0,0
学习区,BV1Kr4y1i7ru,数据库里面的知识以及zenmoxye,负面,负面,0.4327202679308565,0.18756481277111967,0.37971491929802376,0.4327202679308565,0.0,0,0
学习区,BV1Kr4y1i7ru,"科技粉,无目的的直觉需要精通这个",负面,负面,0.6604238492269394,0.08999206861873885,0.2495840821543218,0.6604238492269394,0.0,0,0
学习区,BV1Kr4y1i7ru,搞了高手高手高高手,负面,中性,0.5989403570362533,0.1444502455829915,0.5989403570362533,0.2566093973807553,0.0,0,0
学习区,BV1Kr4y1i7ru,删库跑路才是高手,负面,负面,0.4892268444024787,0.10015610556595919,0.4106170500315621,0.4892268444024787,0.0,0,0
学习区,BV1Kr4y1i7ru,入门了后边不看了,负面,中性,0.6444098977184003,0.13584829208841603,0.6444098977184003,0.21974181019318373,0.0,0,0
学习区,BV1Kr4y1i7ru,确实很难坚持,负面,中性,0.8841421432728959,0.09782228611000378,0.8841421432728959,0.018035570617100486,-2.0,0,2
学习区,BV1Kr4y1i7ru,猪八戒猪八戒猪八戒猪八戒猪八戒猪八戒猪八戒猪八戒,负面,中性,0.6000324814601097,0.1963952023037433,0.6000324814601097,0.20357231623614702,0.0,0,0
学习区,BV1Kr4y1i7ru,对面公司收费，我得公司强制让我在空暇时间来学，o(╥﹏╥)o,负面,负面,0.8663874752244399,0.043761566639189606,0.08985095813637042,0.8663874752244399,0.0,0,0
学习区,BV1Kr4y1i7ru,我在最后一集等待各位的到来,负面,负面,0.5603730210562055,0.09660857315942452,0.34301840578437004,0.5603730210562055,0.0,0,0
学习区,BV1Kr4y1i7ru,怎么看起不懂按,负面,中性,0.5771448945399665,0.12279533660296986,0.5771448945399665,0.30005976885706376,0.0,0,0
学习区,BV1Kr4y1i7ru,你们都不行，水泥厂来卷,负面,中性,0.5119583921402044,0.07108948525843464,0.5119583921402044,0.4169521226013609,-2.0,0,2
学习区,BV1Kr4y1i7ru,lxh别学了,负面,中性,0.6869693254790159,0.12658626879100815,0.6869693254790159,0.18644440572997592,0.0,0,0
学习区,BV1Kr4y1i7ru,现在仓库那就卡,负面,中性,0.8406159270186143,0.10089680686177328,0.8406159270186143,0.05848726611961234,-1.0,0,1
学习区,BV1Kr4y1i7ru,四大金刚，把大美人,负面,中性,0.4478181338832537,0.22217984865337762,0.4478181338832537,0.3300020174633686,0.0,0,0
学习区,BV1Kr4y1i7ru,亨哥台卷了,负面,中性,0.6869693254790159,0.12658626879100815,0.6869693254790159,0.18644440572997592,0.0,0,0
学习区,BV1Kr4y1i7ru,我也是测试,负面,负面,0.5392980586693141,0.06860942441868231,0.3920925169120036,0.5392980586693141,0.0,0,0
学习区,BV1Kr4y1i7ru,其实实际生产时候用不了这么多东西，就最基础的增删改查就完事了，真要你优化数据库情况太少了,负面,负面,0.911615878575411,0.06873931647197555,0.019644804952613202,0.911615878575411,-1.0,0,1
学习区,BV1Kr4y1i7ru,javaSE来的,负面,中性,0.73349525075641,0.08254820135390765,0.73349525075641,0.18395654788968233,0.0,0,0
学习区,BV1Kr4y1i7ru,梦回还,负面,中性,0.7080583647490652,0.1359424986720148,0.7080583647490652,0.15599913657891992,0.0,0,0
学习区,BV1Kr4y1i7ru,又有坚持哥来打卡了,负面,中性,0.5119222370136389,0.10225484583877804,0.5119222370136389,0.38582291714758316,0.0,0,0
学习区,BV1Kr4y1i7ru,大厂在逃员工来卷了,负面,负面,0.5134833906297579,0.10325083983194833,0.3832657695382939,0.5134833906297579,0.0,0,0
学习区,BV1Kr4y1i7ru,要是是本科我就去了，我上的一本,负面,负面,0.9030288556429762,0.020672933771978194,0.07629821058504566,0.9030288556429762,0.0,0,0
学习区,BV1Kr4y1i7ru,当你们当你们看到这里时，我向治龙已经三刷了,负面,负面,0.6741834613408787,0.17384647702218178,0.15197006163693952,0.6741834613408787,0.0,0,0
学习区,BV1Kr4y1i7ru,自动化来卷了,负面,中性,0.6869693254790159,0.12658626879100815,0.6869693254790159,0.18644440572997592,0.0,0,0
学习区,BV1Kr4y1i7ru,困,负面,中性,0.8462066246476382,0.1334569744403383,0.8462066246476382,0.020336400912023316,-1.0,0,1
学习区,BV1Kr4y1i7ru,广西梧州学院24级学长前来内卷,负面,中性,0.6739862153231632,0.1499158792750489,0.6739862153231632,0.17609790540178788,-1.0,0,1
学习区,BV1Kr4y1i7ru,听不懂了,负面,中性,0.6018635517809652,0.39649618855658486,0.6018635517809652,0.0016402596624499534,-1.0,1,2
学习区,BV1Kr4y1i7ru,储存管理数据的仓库库,负面,负面,0.6967455593719158,0.09251135484862946,0.2107430857794547,0.6967455593719158,0.0,0,0
学习区,BV1Kr4y1i7ru,学完javaweb再回来深入学习MySQL的,负面,中性,0.5720189320007272,0.11261917337226407,0.5720189320007272,0.3153618946270087,0.0,0,0
学习区,BV1Kr4y1i7ru,69了,负面,中性,0.7261759005527044,0.11696296218345734,0.7261759005527044,0.15686113726383832,0.0,0,0
学习区,BV1Kr4y1i7ru,自学能学好么？各位,负面,负面,0.8436393847806238,0.031017503922550135,0.12534311129682602,0.8436393847806238,0.0,0,0
学习区,BV1Kr4y1i7ru,好了，我学完了。88,负面,中性,0.5925705676153473,0.1671785862673774,0.5925705676153473,0.24025084611727526,0.0,1,1
学习区,BV1Kr4y1i7ru,来来来，学学学,负面,中性,0.5086632582215511,0.07472253013042948,0.5086632582215511,0.4166142116480195,0.0,0,0
学习区,BV1Kr4y1i7ru,资料在哪里领,负面,中性,0.4944958769521884,0.10847957909927528,0.4944958769521884,0.39702454394853637,0.0,0,0
学习区,BV1Kr4y1i7ru,MySQL 和SQL server  都得学啊,负面,负面,0.46540563078885716,0.13435296549602668,0.40024140371511624,0.46540563078885716,0.0,0,0
学习区,BV1Kr4y1i7ru,求求别卷了,负面,中性,0.6869693254790159,0.12658626879100815,0.6869693254790159,0.18644440572997592,0.0,0,0
学习区,BV1Kr4y1i7ru,是尼古拉斯.阿伟吗,负面,中性,0.7263353334716456,0.0886961275639012,0.7263353334716456,0.18496853896445317,0.0,0,0
学习区,BV1Kr4y1i7ru,很多企业都用orale数据库,负面,中性,0.5361015870561903,0.13960620755120054,0.5361015870561903,0.3242922053926093,0.0,0,0
学习区,BV1Kr4y1i7ru,别看了，人家现在是大嫂。,负面,负面,0.6126808059290609,0.06916382278112361,0.3181553712898155,0.6126808059290609,0.0,0,0
学习区,BV1Kr4y1i7ru,Deepseek和AI大模型学习都是Python语言开发的，Python前景最好。,负面,负面,0.9073185231716158,0.03325854047085323,0.05942293635753086,0.9073185231716158,0.0,0,0
学习区,BV1Kr4y1i7ru,不做实际业务纯纯耍流氓,负面,负面,0.7065890359599725,0.05030827534395516,0.24310268869607238,0.7065890359599725,0.0,0,0
学习区,BV1Kr4y1i7ru,刚打完螺丝，来进阶一下,负面,中性,0.71486328899237,0.10445238957782246,0.71486328899237,0.18068432142980762,0.0,0,0
学习区,BV1Kr4y1i7ru,要下载的,负面,中性,0.5841582263982891,0.1253896858638069,0.5841582263982891,0.290452087737904,0.0,0,0
学习区,BV1Kr4y1i7ru,因为大学在学,负面,中性,0.6361800389524918,0.11046730149684535,0.6361800389524918,0.25335265955066283,0.0,0,0
学习区,BV1Kr4y1i7ru,说实话还是挺值的，一顿饭的钱,负面,负面,0.7432176136163344,0.04982282285260529,0.2069595635310604,0.7432176136163344,0.0,0,0
学习区,BV1Kr4y1i7ru,大二才学，确实太晚了,负面,中性,0.4709300202571442,0.1327430144267501,0.4709300202571442,0.3963269653161058,0.0,0,0
学习区,BV1Kr4y1i7ru,受不了了。。这个发音。。,负面,中性,0.8818458184763093,0.05709237773889728,0.8818458184763093,0.06106180378479359,-2.0,0,2
学习区,BV1Kr4y1i7ru,人挺多啊,负面,中性,0.5008942406219994,0.19669536347817468,0.5008942406219994,0.3024103958998259,0.0,0,0
学习区,BV1Kr4y1i7ru,俺要做全栈,负面,中性,0.582347820970155,0.1682499540922341,0.582347820970155,0.24940222493761086,0.0,0,0
学习区,BV1Kr4y1i7ru,数据裤裆是什么,负面,中性,0.6796775739374866,0.10179948633663288,0.6796775739374866,0.21852293972588058,0.0,0,0
学习区,BV1Kr4y1i7ru,现在是什么时候,负面,中性,0.7455460713341597,0.10260123657677064,0.7455460713341597,0.15185269208906957,0.0,0,0
学习区,BV1Kr4y1i7ru,小胖学mysql,负面,中性,0.7038068147543749,0.11590390886606311,0.7038068147543749,0.180289276379562,0.0,0,0
学习区,BV1Kr4y1i7ru,70多个人，我的天,负面,中性,0.46591889681753185,0.11234902554267537,0.46591889681753185,0.4217320776397929,0.0,0,0
学习区,BV1Kr4y1i7ru,黑马出品，必出精品,负面,中性,0.5453216016599829,0.1804001702992813,0.5453216016599829,0.27427822804073587,0.0,0,0
学习区,BV1Kr4y1i7ru,这不是可爱的Pink老师吗？,负面,负面,0.4386554192197812,0.19161662799731163,0.36972795278290715,0.4386554192197812,0.0,1,1
学习区,BV1Kr4y1i7ru,这不这不是可爱的Pink老师吗？,负面,负面,0.6344757125126194,0.12051937394264245,0.24500491354473827,0.6344757125126194,0.0,1,1
学习区,BV1Kr4y1i7ru,92人？？？？？？？？？？？？？？？？？？？？,负面,负面,1.0,2.884036671583465e-17,3.826862882699295e-19,1.0,0.0,0,0
学习区,BV1Kr4y1i7ru,阿伟那边过来的,负面,负面,0.6106401794087639,0.09779073789236717,0.29156908269886894,0.6106401794087639,0.0,0,0
学习区,BV1Kr4y1i7ru,这课也太多了，我估计都得学一个月了,负面,负面,0.9069556522654,0.028203403329565193,0.0648409444050348,0.9069556522654,0.0,0,0
学习区,BV1Kr4y1i7ru,金融来卷了,负面,中性,0.6869693254790159,0.12658626879100815,0.6869693254790159,0.18644440572997592,0.0,0,0
学习区,BV1Kr4y1i7ru,25年了，还又80多个人在学,负面,负面,0.8656446827462558,0.04673206512684453,0.08762325212689966,0.8656446827462558,0.0,0,0
学习区,BV1Kr4y1i7ru,有点像pink老师的声音,负面,负面,0.45755767477965514,0.12096347288261727,0.4214788523377275,0.45755767477965514,0.0,0,0
学习区,BV1Kr4y1i7ru,别学了滕守县,负面,中性,0.6869693254790159,0.12658626879100815,0.6869693254790159,0.18644440572997592,0.0,0,0
学习区,BV1Kr4y1i7ru,好大的饼,负面,负面,0.5631270091141048,0.09904087330753218,0.33783211757836307,0.5631270091141048,0.0,0,0
学习区,BV1Kr4y1i7ru,78人在卷,负面,中性,0.6023245164414605,0.16052052249586732,0.6023245164414605,0.23715496106267223,0.0,0,0
学习区,BV1Kr4y1i7ru,在学校看的没声音啥都看不懂,负面,负面,0.8993679783553666,0.020195482830796866,0.08043653881383643,0.8993679783553666,-2.0,0,2
学习区,BV1Kr4y1i7ru,94个人机兵都在第一集这里,负面,负面,0.6007668002748479,0.09719000813038323,0.30204319159476883,0.6007668002748479,0.0,0,0
学习区,BV1Kr4y1i7ru,我叫曾神,负面,中性,0.7175388255057263,0.051197463144223944,0.7175388255057263,0.2312637113500497,0.0,0,0
学习区,BV1Kr4y1i7ru,104？,负面,负面,0.48003596254345565,0.07105940033281637,0.4489046371237279,0.48003596254345565,0.0,0,0
学习区,BV1Kr4y1i7ru,嘿嘿，kali linux 启动，sqlmap启动,负面,负面,0.6321891624071315,0.0953272699085334,0.272483567684335,0.6321891624071315,0.0,0,0
学习区,BV1Kr4y1i7ru,是pink老师吗,负面,中性,0.726688633611403,0.13394058859215957,0.726688633611403,0.1393707777964374,0.0,0,0
学习区,BV1Kr4y1i7ru,有一起学的吗每天监督,负面,负面,0.5255548862206355,0.05538085635859729,0.4190642574207672,0.5255548862206355,0.0,0,0
学习区,BV1Kr4y1i7ru,听不懂一点,负面,中性,0.9135124786461198,0.07410992234268866,0.9135124786461198,0.0123775990111915,-2.0,0,2
学习区,BV1Kr4y1i7ru,声音太刺耳了，溜了，溜了,负面,负面,0.8969719346037407,0.023857181241415882,0.0791708841548435,0.8969719346037407,-2.8,0,2
学习区,BV1Kr4y1i7ru,这个老师是我见过讲得最好的老师,负面,负面,0.7664582828812401,0.09712229207260675,0.13641942504615312,0.7664582828812401,0.0,0,0
学习区,BV1Kr4y1i7ru,又是一项伟大的事业开始了,负面,负面,0.5844707600298081,0.08143529820291374,0.33409394176727814,0.5844707600298081,0.0,0,0
学习区,BV1Kr4y1i7ru,期末能不挂科吗?,负面,负面,0.8908271061039467,0.02149952124422432,0.0876733726518291,0.8908271061039467,0.0,0,0
学习区,BV1Kr4y1i7ru,五年了，超了吗,负面,中性,0.48995067257654995,0.0797933759135132,0.48995067257654995,0.4302559515099369,0.0,0,0
学习区,BV1Kr4y1i7ru,86人在卷,负面,中性,0.637433240464105,0.15937666924153573,0.637433240464105,0.20319009029435922,0.0,0,0
学习区,BV1Kr4y1i7ru,66啊200多个人,负面,中性,0.5519918877110268,0.1639995668628876,0.5519918877110268,0.2840085454260855,0.0,0,0
学习区,BV1Kr4y1i7ru,金融工程在,负面,中性,0.546216540806952,0.1047387622267782,0.546216540806952,0.34904469696626966,0.0,0,0
学习区,BV1Kr4y1i7ru,报ms的，结果报错了，搞成my了,负面,负面,0.6240795270517886,0.08168989391671577,0.2942305790314955,0.6240795270517886,-1.0,0,1
学习区,BV1Kr4y1i7ru,110，离谱,负面,中性,0.6784643758013137,0.08838906433758846,0.6784643758013137,0.2331465598610978,-2.0,0,2
学习区,BV1Kr4y1i7ru,始终站在行业发展的前列腺上,负面,负面,0.8250508805782631,0.060622686763856584,0.11432643265788021,0.8250508805782631,0.0,0,0
学习区,BV1Kr4y1i7ru,有人知道这个是黑马哪个老师吗,负面,中性,0.5092970646815472,0.1470625814828547,0.5092970646815472,0.34364035383559816,0.0,0,0
学习区,BV1Kr4y1i7ru,大年初二33人在卷,负面,中性,0.5556828371779061,0.16942197274385568,0.5556828371779061,0.27489519007823826,0.0,0,0
学习区,BV1Kr4y1i7ru,学这个能考数据库技术三级吗,负面,中性,0.6065608727470732,0.08706183288570633,0.6065608727470732,0.30637729436722055,0.0,0,0
学习区,BV1Kr4y1i7ru,82ren?,负面,中性,0.5370042185253147,0.11847566086777703,0.5370042185253147,0.3445201206069084,0.0,0,0
学习区,BV1Kr4y1i7ru,我杜朝阳实名开卷,负面,中性,0.6726856494832734,0.05491081965138613,0.6726856494832734,0.2724035308653405,0.0,0,0
学习区,BV1Kr4y1i7ru,大模型时代？,负面,负面,0.5830510788398569,0.07155876765420083,0.34539015350594243,0.5830510788398569,0.0,0,0
学习区,BV1Kr4y1i7ru,5年 前端被迫学数据库,负面,中性,0.637025622611521,0.16665705299633843,0.637025622611521,0.19631732439214059,0.0,0,0
学习区,BV1Kr4y1i7ru,u1s1，这个开头太像电视广告的声音了,负面,负面,0.915329679343544,0.01718372241806894,0.06748659823838701,0.915329679343544,0.0,0,0
学习区,BV1Kr4y1i7ru,收费吗》？？？,负面,负面,0.9838246567910464,0.003681336369560771,0.01249400683939281,0.9838246567910464,0.0,0,0
学习区,BV1Kr4y1i7ru,现在才知道出社会才是人生的开始,负面,负面,0.6147771187482393,0.09634589176159157,0.2888769894901692,0.6147771187482393,0.0,0,0
学习区,BV1Kr4y1i7ru,王杰的小摩托打卡,负面,中性,0.41929833402691175,0.1766354875594438,0.41929833402691175,0.40406617841364456,0.0,0,0
学习区,BV1Kr4y1i7ru,2025学这个还能找到工作吗,负面,负面,0.6375300857189361,0.05836742387915709,0.30410249040190673,0.6375300857189361,0.0,0,0
学习区,BV1Kr4y1i7ru,扫码一看麻了,负面,中性,0.7269856111720168,0.12240539904845044,0.7269856111720168,0.15060898977953274,-1.0,0,1
学习区,BV1Kr4y1i7ru,走了走了,负面,中性,0.6869693254790159,0.12658626879100815,0.6869693254790159,0.18644440572997592,0.0,0,0
学习区,BV1Kr4y1i7ru,怎么搜不到这个平台,负面,中性,0.7127552351303534,0.13933930733518432,0.7127552351303534,0.14790545753446227,0.0,0,0
学习区,BV1Kr4y1i7ru,盐场小学六年级大象班张满实名开卷,负面,中性,0.6000324814601097,0.1963952023037433,0.6000324814601097,0.20357231623614702,0.0,0,0
学习区,BV1Kr4y1i7ru,郭逸凡别学了,负面,中性,0.6869693254790159,0.12658626879100815,0.6869693254790159,0.18644440572997592,0.0,0,0
学习区,BV1Kr4y1i7ru,没法学下去了，因为虚拟机不知道该怎么连接finalshell,负面,负面,0.9235372717646367,0.03262195245397076,0.043840775781392276,0.9235372717646367,0.0,0,0
学习区,BV1Kr4y1i7ru,linux安装MySQL安装不了，虚拟机创建不成功怎么办,负面,负面,0.7496903883081908,0.0790439062387148,0.17126570545309455,0.7496903883081908,-1.0,1,2
学习区,BV1Kr4y1i7ru,找小鹏的工作,负面,中性,0.4560145883143401,0.10447617443335003,0.4560145883143401,0.43950923725230995,0.0,0,0
学习区,BV1Kr4y1i7ru,只能说没吃上红利期的话就要为过去承担代价，以前没学好，没能考上211和985，现在想入行就只能去卷JAVA,负面,负面,0.9811871061582791,0.01723027328759413,0.0015826205541267058,0.9811871061582791,0.0,0,0
学习区,BV1Kr4y1i7ru,其实24年入JAVA不算49年入国军，JAVA是给低学历普通人入行的，其他很多编程语言工作卡学历，只能说是红利没多少了,负面,负面,0.9848328719944485,0.012421973557492201,0.002745154448059365,0.9848328719944485,-1.0,0,1
学习区,BV1Kr4y1i7ru,别看了玩会游戏吧,负面,中性,0.6444098977184003,0.13584829208841603,0.6444098977184003,0.21974181019318373,0.0,0,0
学习区,BV1Kr4y1i7ru,压根没想找工作，做一名技术宅不好吗？,负面,负面,0.9440245367810867,0.01890976350438467,0.037065699714528555,0.9440245367810867,0.0,0,0
学习区,BV1Kr4y1i7ru,刚从阿玮过来，不习惯了,负面,负面,0.7208613819750108,0.06426995385263075,0.21486866417235853,0.7208613819750108,0.0,0,0
学习区,BV1Kr4y1i7ru,别学了,负面,中性,0.7261759005527044,0.11696296218345734,0.7261759005527044,0.15686113726383832,0.0,0,0
学习区,BV1Kr4y1i7ru,tmd初中来卷什么，能不能给我们留条活路,负面,负面,0.7633485072016464,0.0647490488809017,0.1719024439174519,0.7633485072016464,0.0,0,0
学习区,BV1Kr4y1i7ru,51人都别卷了，让我学,负面,负面,0.6850678422309835,0.06423579525948118,0.25069636250953525,0.6850678422309835,0.0,0,0
学习区,BV1Kr4y1i7ru,从黑马Java过来的，换个学,负面,中性,0.44353086098650024,0.1619658426973317,0.44353086098650024,0.3945032963161681,0.0,0,0
学习区,BV1Kr4y1i7ru,黑马程序员，成就挨踢黑马,负面,中性,0.5257930567007254,0.22619567990002706,0.5257930567007254,0.24801126339924753,0.0,0,0
学习区,BV1Kr4y1i7ru,"升入POS西,站在技术",负面,负面,0.46434635909184235,0.08456000196159863,0.4510936389465591,0.46434635909184235,0.0,0,0
学习区,BV1Kr4y1i7ru,"只看视频,ai联测,刷题,自动化批阅1,针对错题,知识点,星球用户1,,,,,",负面,负面,0.7199366574952554,0.1922644189127119,0.08779892359203267,0.7199366574952554,0.0,0,0
学习区,BV1Kr4y1i7ru,"本套课程,内容最移动,mysql黑马触碰,别忘了,",负面,负面,0.3991575399095361,0.22330094295580227,0.3775415171346616,0.3991575399095361,0.0,0,0
学习区,BV1Kr4y1i7ru,"mysql先关操作,三个篇章基础进阶,运维的那个mysql地城结构原理,企业级案例,使用所学,",负面,负面,0.7015307953615292,0.18362733258629843,0.1148418720521725,0.7015307953615292,0.0,0,0
学习区,BV1Kr4y1i7ru,"业务开发,进阶,mysql春促,",负面,中性,0.6456405767323192,0.1677799333219455,0.6456405767323192,0.18657948994573537,0.0,0,0
学习区,BV1Kr4y1i7ru,"mysql课程基础,近几届,sql语句的基本函数约束夺宝,事务,成为初级摸鱼说起来市级企业",负面,负面,0.7742280849026617,0.08705538387865261,0.13871653121868577,0.7742280849026617,-2.0,0,2
学习区,BV1Kr4y1i7ru,pick老师。？,负面,负面,0.5075111195582704,0.08286873184516812,0.4096201485965615,0.5075111195582704,0.0,0,0
学习区,BV1Kr4y1i7ru,太无聊了看会这个,负面,中性,0.8536777857971517,0.0629928317004076,0.8536777857971517,0.0833293825024408,-3.8,0,3
学习区,BV1Kr4y1i7ru,要么卷死，要么饿死,负面,中性,0.6159805304917554,0.15627590944763572,0.6159805304917554,0.22774356006060892,-1.0,0,1
学习区,BV1Kr4y1i7ru,违反广告法了,负面,中性,0.6869693254790159,0.12658626879100815,0.6869693254790159,0.18644440572997592,0.0,0,0
学习区,BV1Kr4y1i7ru,波2024年10月15日17:56:33,负面,中性,0.5587651237904586,0.20449340394105947,0.5587651237904586,0.23674147226848194,0.0,0,0
学习区,BV1Kr4y1i7ru,别卷了各位,负面,中性,0.6869693254790159,0.12658626879100815,0.6869693254790159,0.18644440572997592,0.0,0,0
学习区,BV1Kr4y1i7ru,大中午的62卷王,负面,负面,0.65537259048847,0.09556632004912378,0.24906108946240635,0.65537259048847,0.0,0,0
学习区,BV1Kr4y1i7ru,厦门市第三中学校来初一14班叶某某不实名开j,负面,负面,0.6433460191905742,0.10372214790214164,0.2529318329072841,0.6433460191905742,0.0,0,0
学习区,BV1Kr4y1i7ru,怎么看个网课都有CMG啊？,负面,负面,0.9546200618312691,0.01233321163655577,0.03304672653217512,0.9546200618312691,0.0,0,0
学习区,BV1Kr4y1i7ru,还在娘胎现在在卷mysql,负面,负面,0.5432312934015753,0.12512131353983552,0.3316473930585893,0.5432312934015753,0.0,0,0
学习区,BV1Kr4y1i7ru,我张佳鑫实名开卷,负面,中性,0.7175388255057263,0.051197463144223944,0.7175388255057263,0.2312637113500497,0.0,0,0
学习区,BV1Kr4y1i7ru,数据库的那个软件在哪里下载,负面,负面,0.5147652832747922,0.134888695993765,0.3503460207314429,0.5147652832747922,0.0,0,0
学习区,BV1Kr4y1i7ru,专科早点退学复读才是出路,负面,负面,0.5392495433099369,0.10052201343385198,0.3602284432562112,0.5392495433099369,0.0,0,0
学习区,BV1Kr4y1i7ru,2024年9月20日开始学mysql,负面,中性,0.5246682689311115,0.15730980211794973,0.5246682689311115,0.3180219289509388,0.0,0,0
学习区,BV1Kr4y1i7ru,卷死了,负面,中性,0.8038167783593076,0.14626880362595984,0.8038167783593076,0.04991441801473251,-1.0,0,1
学习区,BV1Kr4y1i7ru,2024年9月19日16:41:51,负面,中性,0.6279161616673047,0.16679614343798455,0.6279161616673047,0.20528769489471077,0.0,0,0
学习区,BV1Kr4y1i7ru,我杨子肾就没学不会的课程,负面,中性,0.6164134480664687,0.03240997815013693,0.6164134480664687,0.35117657378339456,-3.0,0,3
学习区,BV1Kr4y1i7ru,我嘞个广告啊,负面,中性,0.6230292639980244,0.08898632375455828,0.6230292639980244,0.2879844122474174,0.0,0,0
学习区,BV1Kr4y1i7ru,难他天,负面,中性,0.8347692819370368,0.13255193368954657,0.8347692819370368,0.03267878437341647,-1.0,0,1
学习区,BV1Kr4y1i7ru,已经是高手了,负面,负面,0.42106175158809955,0.17378105746084896,0.40515719095105157,0.42106175158809955,0.0,0,0
学习区,BV1Kr4y1i7ru,2024java入国军了,负面,中性,0.6444098977184003,0.13584829208841603,0.6444098977184003,0.21974181019318373,0.0,0,0
学习区,BV1Kr4y1i7ru,不是你们真学过啊？？？,负面,负面,0.9943985647173169,0.00178943016322749,0.003812005119455637,0.9943985647173169,0.0,0,0
学习区,BV1Kr4y1i7ru,我就是来卷死各位的,负面,中性,0.5787176296733587,0.13262152277164435,0.5787176296733587,0.288660847554997,-1.0,0,1
学习区,BV1Kr4y1i7ru,三年北京都别想20k,负面,负面,0.5437177160070787,0.08922105273388384,0.36706123125903733,0.5437177160070787,0.0,0,0
学习区,BV1Kr4y1i7ru,专科生不是不好找，是根本就找不到了,负面,负面,0.5287303086499802,0.13079251761471167,0.34047717373530817,0.5287303086499802,0.0,0,0
学习区,BV1Kr4y1i7ru,这不是讲鸿蒙开发和web的大佬吗,负面,负面,0.4175562904892428,0.1788158075361054,0.40362790197465187,0.4175562904892428,0.0,0,0
学习区,BV1Kr4y1i7ru,韩山师范学院黄梓颖来了,负面,中性,0.6444098977184003,0.13584829208841603,0.6444098977184003,0.21974181019318373,0.0,0,0
学习区,BV1Kr4y1i7ru,2024年9月了，还有99个小伙伴跟我一起打开了这门课,负面,负面,0.8405058353903462,0.07471338341146709,0.0847807811981868,0.8405058353903462,0.0,0,0
学习区,BV1Kr4y1i7ru,康师傅的教程太长了,负面,负面,0.6548353643599116,0.08864116656580845,0.2565234690742799,0.6548353643599116,0.0,0,0
学习区,BV1Kr4y1i7ru,看你从事什么样的工作，然后你再决定学到什么样的难度,负面,负面,0.628045792929597,0.1859642825296107,0.18598992454079236,0.628045792929597,0.0,0,0
学习区,BV1Kr4y1i7ru,现在还有109个人在卷呀？,负面,负面,0.7930131650016324,0.052803559716409224,0.15418327528195838,0.7930131650016324,0.0,0,0
学习区,BV1Kr4y1i7ru,孙悟空是谁,负面,中性,0.669142627242804,0.12628027003310457,0.669142627242804,0.20457710272409144,0.0,0,0
学习区,BV1Kr4y1i7ru,2024年8.25日打卡，大家知道怎么领资料吗,负面,负面,0.4560161076778634,0.17921261839765568,0.3647712739244809,0.4560161076778634,0.0,0,0
学习区,BV1Kr4y1i7ru,怎么这么多人啊,负面,中性,0.6076120576262897,0.1742486030496819,0.6076120576262897,0.2181393393240285,0.0,0,0
学习区,BV1Kr4y1i7ru,米卫兵学mysql,负面,中性,0.6621403495009791,0.12474909272950879,0.6621403495009791,0.2131105577695122,0.0,0,0
学习区,BV1Kr4y1i7ru,尬死了,负面,中性,0.783206601999752,0.16207940086289088,0.783206601999752,0.054713997137357084,-1.0,0,1
学习区,BV1Kr4y1i7ru,是的,负面,负面,0.5626878035660497,0.0682572156285878,0.3690549808053624,0.5626878035660497,0.0,0,0
学习区,BV1Kr4y1i7ru,老师截图工具是什么啊,负面,负面,0.4812616447025369,0.12560355854532698,0.39313479675213603,0.4812616447025369,0.0,0,0
学习区,BV1Kr4y1i7ru,前端的我来卷后端了,负面,中性,0.5602159541683104,0.0789286503592529,0.5602159541683104,0.3608553954724366,0.0,0,0
学习区,BV1Kr4y1i7ru,土鸡学mysql,负面,中性,0.7038068147543749,0.11590390886606311,0.7038068147543749,0.180289276379562,0.0,0,0
学习区,BV1Kr4y1i7ru,要做网站，所以来的,负面,负面,0.6229663092403127,0.0844741171586301,0.2925595736010571,0.6229663092403127,0.0,0,0
学习区,BV1Kr4y1i7ru,基础比较差，能学吗,负面,中性,0.8445139248495178,0.06596622002698617,0.8445139248495178,0.08951985512349604,-2.2,0,2
学习区,BV1Kr4y1i7ru,广西科技师范学院软件工程232班某某某不实名开卷,负面,负面,0.8424577005946723,0.041232304707205715,0.11630999469812185,0.8424577005946723,0.0,0,0
学习区,BV1Kr4y1i7ru,2024 年8月10号观看,负面,中性,0.6765170912610979,0.16135518422090983,0.6765170912610979,0.16212772451799226,0.0,0,0
学习区,BV1Kr4y1i7ru,玮哥,负面,中性,0.5465084058376578,0.09605379457558544,0.5465084058376578,0.3574377995867567,0.0,0,0
学习区,BV1Kr4y1i7ru,2024年8月8日19:04:03    96人,负面,中性,0.649827402173608,0.1732366935469909,0.649827402173608,0.1769359042794009,0.0,0,0
学习区,BV1Kr4y1i7ru,运维篇学完了能开多少钱,负面,中性,0.4786352431224823,0.06155711664062997,0.4786352431224823,0.45980764023688786,-1.0,0,1
学习区,BV1Kr4y1i7ru,晚上104个人，你们怎么这么卷，不要卷了,负面,负面,0.539909828948851,0.17550679283704115,0.28458337821410784,0.539909828948851,0.0,0,0
学习区,BV1Kr4y1i7ru,那咋了,负面,中性,0.7261759005527044,0.11696296218345734,0.7261759005527044,0.15686113726383832,0.0,0,0
学习区,BV1Kr4y1i7ru,因为看不惯，所以要创办,负面,负面,0.572696120027073,0.12078598517205971,0.3065178948008672,0.572696120027073,0.0,0,0
学习区,BV1Kr4y1i7ru,求求你们卷死我,负面,中性,0.7816169094458388,0.10683681606502324,0.7816169094458388,0.1115462744891379,-1.0,0,1
学习区,BV1Kr4y1i7ru,怎么突然来一zhei个？？？,负面,负面,0.992398088837468,0.0023924134306429856,0.00520949773188881,0.992398088837468,0.0,0,0
学习区,BV1Kr4y1i7ru,赵元博别学了,负面,中性,0.6869693254790159,0.12658626879100815,0.6869693254790159,0.18644440572997592,0.0,0,0
学习区,BV1Kr4y1i7ru,需要掏钱吗,负面,中性,0.740358376962804,0.09442349201854602,0.740358376962804,0.16521813101864985,0.0,0,0
学习区,BV1Kr4y1i7ru,是不是很贵？,负面,负面,0.4814374629884258,0.06959687905581922,0.44896565795575505,0.4814374629884258,-1.5,0,1
学习区,BV1Kr4y1i7ru,144个人在卷,负面,中性,0.6401419105243115,0.13828421015084957,0.6401419105243115,0.221573879324839,0.0,0,0
学习区,BV1Kr4y1i7ru,Linux过来的,负面,负面,0.5631270091141048,0.09904087330753218,0.33783211757836307,0.5631270091141048,0.0,0,0
学习区,BV1Kr4y1i7ru,其实它们都是爬虫去找数据,负面,负面,0.6825685443961238,0.07018224684652846,0.24724920875734777,0.6825685443961238,0.0,0,0
学习区,BV1Kr4y1i7ru,我利物浦大学莫浩然实名开卷,负面,中性,0.6736820219767259,0.1185535840277392,0.6736820219767259,0.20776439399553479,0.0,0,0
学习区,BV1Kr4y1i7ru,各位彦祖亦非们，运维选手适合学吗？,负面,负面,0.8656565214789009,0.040887729273511725,0.09345574924758729,0.8656565214789009,0.0,0,0
学习区,BV1Kr4y1i7ru,156人？,负面,负面,0.49156927696399594,0.10525293593185064,0.40317778710415336,0.49156927696399594,0.0,0,0
学习区,BV1Kr4y1i7ru,老师的声音是Ai的吗？,负面,负面,0.9445048151170601,0.013665227623220805,0.04182995725971909,0.9445048151170601,0.0,0,0
学习区,BV1Kr4y1i7ru,你要毁了我带专生吗,负面,中性,0.6339937650301304,0.15474865835626028,0.6339937650301304,0.21125757661360944,0.0,0,0
学习区,BV1Kr4y1i7ru,24/7/22有108个在卷,负面,中性,0.47508943643692125,0.09276539396889642,0.47508943643692125,0.43214516959418225,0.0,0,0
学习区,BV1Kr4y1i7ru,兄弟，1点了，还有44人,负面,负面,0.5968513161279788,0.1594803295478609,0.24366835432416029,0.5968513161279788,0.0,0,0
学习区,BV1Kr4y1i7ru,老师你是干什么工作的,负面,负面,0.5225366773628457,0.16224322694439866,0.31522009569275566,0.5225366773628457,0.0,0,0
学习区,BV1Kr4y1i7ru,会计在学，卷起来！,负面,负面,0.40629783111488704,0.23116579404694648,0.3625363748381665,0.40629783111488704,0.0,0,0
学习区,BV1Kr4y1i7ru,？,负面,中性,0.5026475186134811,0.06954857924992108,0.5026475186134811,0.4278039021365979,0.0,0,0
学习区,BV1Kr4y1i7ru,放假了 各位还这么卷,负面,中性,0.5997193980606937,0.1774608121335765,0.5997193980606937,0.2228197898057297,0.0,0,0
学习区,BV1Kr4y1i7ru,别吵了,负面,中性,0.7261759005527044,0.11696296218345734,0.7261759005527044,0.15686113726383832,0.0,0,0
学习区,BV1Kr4y1i7ru,从python来的,负面,中性,0.7397831283414454,0.10493651912379517,0.7397831283414454,0.15528035253475933,0.0,0,0
学习区,BV1Kr4y1i7ru,Accees？,负面,负面,0.48003596254345565,0.07105940033281637,0.4489046371237279,0.48003596254345565,0.0,0,0
学习区,BV1Kr4y1i7ru,57人在卷,负面,中性,0.6460952365475333,0.15454529357386088,0.6460952365475333,0.19935946987860584,0.0,0,0
学习区,BV1Kr4y1i7ru,你们好卷，两点了还有60个人,负面,中性,0.47034576422879915,0.1606655645987277,0.47034576422879915,0.3689886711724731,0.0,0,0
学习区,BV1Kr4y1i7ru,2024年7月11号MYSQL开始启动,负面,中性,0.515438480442981,0.17385432350052926,0.515438480442981,0.31070719605648955,0.0,0,0
学习区,BV1Kr4y1i7ru,90？,负面,负面,0.48003596254345565,0.07105940033281637,0.4489046371237279,0.48003596254345565,0.0,0,0
学习区,BV1Kr4y1i7ru,工作经验的重要性,负面,负面,0.4896577062901015,0.10598541174912617,0.40435688196077235,0.4896577062901015,0.0,0,0
学习区,BV1Kr4y1i7ru,难蚌,负面,中性,0.8505611029107093,0.110609979344993,0.8505611029107093,0.03882891774429758,-1.0,0,1
学习区,BV1Kr4y1i7ru,计算机二级不能说没用，只能说一点用没有,负面,中性,0.6607246979172542,0.10588042963005398,0.6607246979172542,0.23339487245269186,-2.0,0,2
学习区,BV1Kr4y1i7ru,linux过来的,负面,负面,0.5631270091141048,0.09904087330753218,0.33783211757836307,0.5631270091141048,0.0,0,0
学习区,BV1Kr4y1i7ru,这么多人在学吗,负面,中性,0.7014400475171471,0.09235969735730151,0.7014400475171471,0.2062002551255516,0.0,0,0
学习区,BV1Kr4y1i7ru,早七37个人？,负面,负面,0.5367848651495971,0.08621877106935152,0.37699636378105134,0.5367848651495971,0.0,0,0
学习区,BV1Kr4y1i7ru,大一学数据库不是很卷，一般般吧如果你是上学期的话那还行,负面,负面,0.683246891020065,0.1568603317352585,0.15989277724467646,0.683246891020065,0.0,0,0
学习区,BV1Kr4y1i7ru,建国去哪？,负面,负面,0.5830510788398569,0.07155876765420083,0.34539015350594243,0.5830510788398569,0.0,0,0
学习区,BV1Kr4y1i7ru,磊哥我熟啊,负面,中性,0.49920079900256153,0.07243361840714364,0.49920079900256153,0.4283655825902949,0.0,0,0
学习区,BV1Kr4y1i7ru,刚高考完，学完Java基础语法来卷,负面,中性,0.5340910138652081,0.18929429473902176,0.5340910138652081,0.27661469139577016,0.0,0,0
学习区,BV1Kr4y1i7ru,那就是服务器的硬盘中？,负面,负面,0.7938105995410804,0.05983525954641359,0.146354140912506,0.7938105995410804,0.0,0,0
学习区,BV1Kr4y1i7ru,61个人在卷,负面,中性,0.6401419105243115,0.13828421015084957,0.6401419105243115,0.221573879324839,0.0,0,0
学习区,BV1Kr4y1i7ru,开卷卷卷卷卷 卷卷卷卷卷卷卷卷卷卷卷 卷卷卷卷卷卷卷卷卷卷卷 卷卷卷卷卷卷卷卷卷卷卷 卷卷卷卷卷卷卷卷卷卷卷 卷卷卷卷卷卷卷卷卷卷卷 卷卷卷卷卷卷卷卷卷卷卷 卷卷卷卷卷卷卷卷卷卷卷 卷卷卷卷卷卷卷卷卷,负面,负面,0.999556198576764,0.0004437795502756616,2.1872960316819046e-08,0.999556198576764,0.0,0,0
学习区,BV1Kr4y1i7ru,为什么声音不一样了,负面,负面,0.6001093270768628,0.07522849497293482,0.32466217795020236,0.6001093270768628,0.0,0,0
学习区,BV1Kr4y1i7ru,兄弟们留点活路，别这么卷,负面,中性,0.5013489979087387,0.1835279916847148,0.5013489979087387,0.3151230104065466,0.0,0,0
学习区,BV1Kr4y1i7ru,70多个人，都在内卷啊,负面,负面,0.5850574040113764,0.09042653336628967,0.32451606262233396,0.5850574040113764,-1.0,0,1
学习区,BV1Kr4y1i7ru,全栈？,负面,负面,0.48003596254345565,0.07105940033281637,0.4489046371237279,0.48003596254345565,0.0,0,0
学习区,BV1Kr4y1i7ru,2024/6/5 10：30 上班摸鱼中,负面,中性,0.8560379863192287,0.09446414565135729,0.8560379863192287,0.04949786802941399,-2.0,0,2
学习区,BV1Kr4y1i7ru,入门？？？,负面,负面,0.9857858004692871,0.003259938671482849,0.010954260859230187,0.9857858004692871,0.0,0,0
学习区,BV1Kr4y1i7ru,有没有已经学完了的 来个体会总结 是不是真的学完了就能做数据库建设和开发,负面,负面,0.6662273923311762,0.20333806805732368,0.13043453961150014,0.6662273923311762,0.0,1,1
学习区,BV1Kr4y1i7ru,涛哥？,负面,负面,0.48003596254345565,0.07105940033281637,0.4489046371237279,0.48003596254345565,0.0,0,0
学习区,BV1Kr4y1i7ru,有谁是从python过来的？,负面,负面,0.9493277639242728,0.011544796496781381,0.039127439578945836,0.9493277639242728,0.0,0,0
学习区,BV1Kr4y1i7ru,crab记录不摆烂,负面,中性,0.8338746894736055,0.1112310532123253,0.8338746894736055,0.05489425731406913,-1.0,0,1
学习区,BV1Kr4y1i7ru,刚从mongo过来，因为公司用mysql。。。,负面,中性,0.4890186526739607,0.16200499250111702,0.4890186526739607,0.3489763548249222,0.0,0,0
学习区,BV1Kr4y1i7ru,那么多人？？,负面,负面,0.908034329693827,0.018293374640172208,0.07367229566600071,0.908034329693827,0.0,0,0
学习区,BV1Kr4y1i7ru,前端来的,负面,中性,0.73349525075641,0.08254820135390765,0.73349525075641,0.18395654788968233,0.0,0,0
学习区,BV1Kr4y1i7ru,2024年4月15日摸鱼学习,负面,中性,0.833580230646631,0.06468246190397867,0.833580230646631,0.1017373074493904,-2.0,0,2
学习区,BV1Kr4y1i7ru,卷王啊,负面,中性,0.5690716095172204,0.13031983751757992,0.5690716095172204,0.3006085529651998,0.0,0,0
学习区,BV1Kr4y1i7ru,天软猫哥实名内卷,负面,中性,0.7836878832296948,0.12538016394588566,0.7836878832296948,0.09093195282441958,-1.0,0,1
学习区,BV1Kr4y1i7ru,清明你们不去踏青怎么都在卷,负面,负面,0.575318051907607,0.1153032770931038,0.30937867099928923,0.575318051907607,0.0,0,0
学习区,BV1Kr4y1i7ru,65个人，要不要这么卷,负面,中性,0.44777647516315666,0.1789293442302097,0.44777647516315666,0.37329418060663366,0.0,0,0
学习区,BV1Kr4y1i7ru,我靠，这么多人,负面,中性,0.5042774519247674,0.07614323299596489,0.5042774519247674,0.4195793150792679,0.0,0,0
学习区,BV1Kr4y1i7ru,要的,负面,中性,0.45064203222749405,0.12019182198692939,0.45064203222749405,0.42916614578557655,0.0,0,0
学习区,BV1Kr4y1i7ru,黑马的ppt从不让我失望,负面,中性,0.7206725826235403,0.1325202177824892,0.7206725826235403,0.14680719959397048,-2.0,0,2
学习区,BV1Kr4y1i7ru,这是猴哥的真人？,负面,负面,0.6873637096403803,0.07294972010650114,0.23968657025311857,0.6873637096403803,0.0,0,0
学习区,BV1Kr4y1i7ru,93个人??????,负面,负面,0.9999571080076005,2.3807441516440488e-05,1.9084550883054867e-05,0.9999571080076005,0.0,0,0
学习区,BV1Kr4y1i7ru,你们的总体学习线路是什么,负面,中性,0.5321676145935883,0.07571617416737585,0.5321676145935883,0.3921162112390359,0.0,0,0
学习区,BV1Kr4y1i7ru,nt学委，你自己学过然后嫌老师讲的慢，别的同学你一点不管,负面,负面,0.8164390344504175,0.1268649732915815,0.056695992258001114,0.8164390344504175,-1.0,0,1
学习区,BV1Kr4y1i7ru,117人？,负面,负面,0.49156927696399594,0.10525293593185064,0.40317778710415336,0.49156927696399594,0.0,0,0
学习区,BV1Kr4y1i7ru,学过但是基本上忘完了,负面,中性,0.8161212513063403,0.10606834606231838,0.8161212513063403,0.07781040263134126,-1.0,0,1
学习区,BV1Kr4y1i7ru,我艹，为啥学不完呀~,负面,负面,0.5480665327768105,0.04914276313686898,0.40279070408632056,0.5480665327768105,0.0,0,0
学习区,BV1Kr4y1i7ru,大一清明没事干，来学个SQL玩玩,负面,中性,0.5518622566953851,0.15370412403827424,0.5518622566953851,0.2944336192663405,0.0,0,0
学习区,BV1Kr4y1i7ru,兄弟们，别卷了，歇会吧！,负面,负面,0.41053592784877563,0.23098850541417743,0.358475566737047,0.41053592784877563,0.0,0,0
学习区,BV1Kr4y1i7ru,2024学这个还能找到工作吗？,负面,负面,0.9482103800289732,0.01221795092369206,0.03957166904733477,0.9482103800289732,0.0,0,0
学习区,BV1Kr4y1i7ru,为什么这女的没有五官,负面,中性,0.46525111160263793,0.108964280901194,0.46525111160263793,0.42578460749616814,0.0,0,0
学习区,BV1Kr4y1i7ru,要通电,负面,中性,0.6702244422634676,0.14794738992413667,0.6702244422634676,0.18182816781239589,0.0,0,0
学习区,BV1Kr4y1i7ru,啊？,负面,负面,0.7153943044098204,0.05025058225207583,0.23435511333810374,0.7153943044098204,0.0,0,0
学习区,BV1Kr4y1i7ru,人好多啊,负面,中性,0.66258938704299,0.1554328025911555,0.66258938704299,0.1819778103658546,0.0,0,0
学习区,BV1Kr4y1i7ru,这声音六六六,负面,中性,0.6839798124822892,0.11764914130849594,0.6839798124822892,0.19837104620921478,0.0,0,0
学习区,BV1Kr4y1i7ru,2024年3月28日 86位卷王好,负面,中性,0.5315176086508332,0.1893480747048627,0.5315176086508332,0.2791343166443041,0.0,0,0
学习区,BV1Kr4y1i7ru,从入门都入土,负面,中性,0.6283032936316372,0.12123920190946738,0.6283032936316372,0.2504575044588954,0.0,0,0
学习区,BV1Kr4y1i7ru,hello，赛赛,负面,中性,0.4683335622103404,0.09564476678068523,0.4683335622103404,0.4360216710089744,0.0,0,0
学习区,BV1Kr4y1i7ru,成都理工大学迷人的大坏蛋打卡,负面,负面,0.44965006329394813,0.17897994198718536,0.37136999471886656,0.44965006329394813,0.0,0,0
学习区,BV1Kr4y1i7ru,是有点像孙悟空,负面,中性,0.669142627242804,0.12628027003310457,0.669142627242804,0.20457710272409144,0.0,0,0
学习区,BV1Kr4y1i7ru,姜秋硕能看到嘛？？？,负面,负面,0.9893254178204195,0.0028084986783500675,0.007866083501230504,0.9893254178204195,0.0,0,0
学习区,BV1Kr4y1i7ru,卧槽？144人？好多人啊,负面,负面,0.9613238261810342,0.014047020231420229,0.024629153587545707,0.9613238261810342,0.0,0,0
学习区,BV1Kr4y1i7ru,至此成为合格的jdbc高手,负面,中性,0.49688813863313736,0.1683635425233814,0.49688813863313736,0.3347483188434812,0.0,0,0
学习区,BV1Kr4y1i7ru,108个人还在卷,负面,中性,0.528371072992706,0.14734784431884165,0.528371072992706,0.3242810826884523,0.0,0,0
学习区,BV1Kr4y1i7ru,现在是120人,负面,中性,0.6449341101349134,0.1358226835958646,0.6449341101349134,0.21924320626922203,0.0,0,0
学习区,BV1Kr4y1i7ru,其实不是你这样读的，不信去读音去查,负面,负面,0.6778866997056551,0.1413440457016788,0.1807692545926661,0.6778866997056551,0.0,0,0
学习区,BV1Kr4y1i7ru,财务我也来加个技能,负面,中性,0.6079689824899991,0.08945370370695005,0.6079689824899991,0.3025773138030509,0.0,0,0
学习区,BV1Kr4y1i7ru,好多人啊,负面,中性,0.66258938704299,0.1554328025911555,0.66258938704299,0.1819778103658546,0.0,0,0
学习区,BV1Kr4y1i7ru,湖北生态工程职业技术学院,负面,中性,0.5851837406209353,0.09999695896643912,0.5851837406209353,0.3148193004126256,0.0,0,0
学习区,BV1Kr4y1i7ru,108人？？？,负面,负面,0.9876317753984648,0.0034705604063866905,0.008897664195148418,0.9876317753984648,0.0,0,0
学习区,BV1Kr4y1i7ru,前端来卷了,负面,中性,0.6869693254790159,0.12658626879100815,0.6869693254790159,0.18644440572997592,0.0,0,0
学习区,BV1Kr4y1i7ru,科技职业学校 我为自己代言,负面,中性,0.5727050964159747,0.061187437456643276,0.5727050964159747,0.36610746612738215,0.0,0,0
学习区,BV1Kr4y1i7ru,大数据的,负面,负面,0.5631270091141048,0.09904087330753218,0.33783211757836307,0.5631270091141048,0.0,0,0
学习区,BV1Kr4y1i7ru,seql，还是siql啊,负面,中性,0.5273566850880144,0.09737955733682171,0.5273566850880144,0.37526375757516395,0.0,0,0
学习区,BV1Kr4y1i7ru,太难了,负面,中性,0.8266178162425525,0.16537801401522262,0.8266178162425525,0.008004169742225023,-2.0,0,2
学习区,BV1Kr4y1i7ru,是存储和管理数据的核心,负面,负面,0.510365596789672,0.11717396722318572,0.3724604359871423,0.510365596789672,0.0,0,0
学习区,BV1Kr4y1i7ru,不够，我给你补,负面,中性,0.5942548259036948,0.11558968705929562,0.5942548259036948,0.2901554870370095,0.0,0,0
学习区,BV1Kr4y1i7ru,c++语言不需要学吗,负面,负面,0.5470581348652878,0.06266808357143606,0.39027378156327613,0.5470581348652878,0.0,0,0
学习区,BV1Kr4y1i7ru,各位大佬，我想问下c需要学习数据库吗？,负面,负面,0.8631120955244808,0.037142205975777894,0.0997456984997412,0.8631120955244808,0.0,0,0
学习区,BV1Kr4y1i7ru,我也算入门吧，之前学艺术的xd软件的,负面,负面,0.8787741296201362,0.037182765337242796,0.08404310504262108,0.8787741296201362,0.0,0,0
学习区,BV1Kr4y1i7ru,删库跑路在哪一篇,负面,负面,0.4464096251940395,0.11106275153709112,0.44252762326886946,0.4464096251940395,0.0,0,0
学习区,BV1Kr4y1i7ru,AI猴哥？,负面,中性,0.44059509463882046,0.12024628260165972,0.44059509463882046,0.43915862275951983,0.0,0,0
学习区,BV1Kr4y1i7ru,数据库的重要性都是要对数据库熟悉的,负面,负面,0.8006807774082884,0.07934352212663978,0.11997570046507199,0.8006807774082884,0.0,0,0
学习区,BV1Kr4y1i7ru,算把，前端跟后端交接，中间数据库当API,负面,负面,0.7102547628503614,0.17066630744185385,0.11907892970778489,0.7102547628503614,0.0,0,0
学习区,BV1Kr4y1i7ru,学习这个影响我单手开库里南吗？,负面,负面,0.6639236913972549,0.037938250481245786,0.29813805812149935,0.6639236913972549,0.0,0,0
学习区,BV1Kr4y1i7ru,常用的存储迎请就是数据库的优化是我们徐娅欧胡hi用的哟ing一种是 拘束‘,负面,负面,0.932075014952001,0.04413184657026515,0.023793138477733965,0.932075014952001,0.0,0,0
学习区,BV1Kr4y1i7ru,不对，是齐天大圣,负面,负面,0.8423612225661784,0.026063419248581004,0.13157535818524066,0.8423612225661784,0.0,0,0
学习区,BV1Kr4y1i7ru,84人???,负面,负面,0.9778415924761029,0.007812950535037177,0.014345456988859973,0.9778415924761029,0.0,0,0
学习区,BV1Kr4y1i7ru,语速太慢了吧,负面,中性,0.912499961079587,0.07272764084366357,0.912499961079587,0.014772398076749332,-2.0,0,2
学习区,BV1Kr4y1i7ru,wit23新人软工余尚正实名开卷于2024/03/19/16：06,负面,中性,0.5553327956888614,0.20794676212414898,0.5553327956888614,0.2367204421869897,0.0,0,0
学习区,BV1Kr4y1i7ru,老年人能学不,负面,负面,0.5628382602564089,0.05308152829875959,0.38408021144483145,0.5628382602564089,0.0,0,0
学习区,BV1Kr4y1i7ru,来自远古的声音,负面,负面,0.586700904235122,0.06133847890777495,0.3519606168571031,0.586700904235122,0.0,0,0
学习区,BV1Kr4y1i7ru,我靠82个人，这么卷,负面,中性,0.5695881051886739,0.12592500414253804,0.5695881051886739,0.30448689066878803,0.0,0,0
学习区,BV1Kr4y1i7ru,...有zyy,负面,中性,0.5871794926738693,0.06395273776538295,0.5871794926738693,0.34886776956074783,0.0,0,0
学习区,BV1Kr4y1i7ru,什么36，现在不是63么，好好,负面,负面,0.4941245042237818,0.1302397102674195,0.3756357855087988,0.4941245042237818,0.0,0,0
学习区,BV1Kr4y1i7ru,数据库是软件数据的核心,负面,负面,0.5925697572718132,0.11344889833828668,0.2939813443899002,0.5925697572718132,0.0,0,0
学习区,BV1Kr4y1i7ru,数据库中的语句就是以中要需缴纳亏啊你的,负面,负面,0.4892577618544004,0.23119868971133214,0.27954354843426743,0.4892577618544004,-1.0,0,1
学习区,BV1Kr4y1i7ru,有为了打CTF来学的吗,负面,中性,0.5152627061993579,0.08205194228422798,0.5152627061993579,0.40268535151641416,0.0,0,0
学习区,BV1Kr4y1i7ru,1.13日1:49分，还有44个人睡不着？,负面,负面,0.8738376070117317,0.052275180572516525,0.07388721241575183,0.8738376070117317,0.0,0,0
学习区,BV1Kr4y1i7ru,大早上开始卷？,负面,负面,0.518399864116428,0.07716907374630703,0.4044310621372649,0.518399864116428,0.0,0,0
学习区,BV1Kr4y1i7ru,MySql和SqlServer分别是Microsoft和Oracle公司的2款数据库软件,负面,负面,0.5967546427968038,0.1673048397800556,0.23594051742314065,0.5967546427968038,0.0,0,0
学习区,BV1Kr4y1i7ru,我河南科技大学青少QS实名开卷,负面,中性,0.6294010946626404,0.1267155610402437,0.6294010946626404,0.24388334429711594,0.0,0,0
学习区,BV1Kr4y1i7ru,运维也得需要,负面,负面,0.425139676545668,0.16856003469771527,0.40630028875661683,0.425139676545668,0.0,0,0
学习区,BV1Kr4y1i7ru,学完python过来学数据库了,负面,中性,0.6322738757182249,0.15444466486160885,0.6322738757182249,0.21328145942016632,0.0,0,0
学习区,BV1Kr4y1i7ru,是邓老师捏,负面,中性,0.4790183570546924,0.13741198624038609,0.4790183570546924,0.3835696567049215,0.0,0,0
学习区,BV1Kr4y1i7ru,1-3年初级工资更高是吧,负面,负面,0.46044087213676227,0.11780814735285328,0.4217509805103844,0.46044087213676227,0.0,0,0
学习区,BV1Kr4y1i7ru,数据库当然重要啊，几乎没有不需要数据库的吧,负面,负面,0.8942739481241522,0.0430002438032321,0.0627258080726157,0.8942739481241522,0.0,0,0
学习区,BV1Kr4y1i7ru,代转的怎么办？,负面,负面,0.8412239484370836,0.03435706000872265,0.1244189915541938,0.8412239484370836,0.0,0,0
学习区,BV1Kr4y1i7ru,是java独有的吗,负面,中性,0.6117050061865287,0.10526715578696931,0.6117050061865287,0.2830278380265021,0.0,0,0
学习区,BV1Kr4y1i7ru,姿势？,负面,负面,0.48003596254345565,0.07105940033281637,0.4489046371237279,0.48003596254345565,0.0,0,0
学习区,BV1Kr4y1i7ru,数据分析来的 开卷,负面,中性,0.6925891031310595,0.0891720374665702,0.6925891031310595,0.21823885940237042,0.0,0,0
学习区,BV1Kr4y1i7ru,70个卷王 卷死了,负面,中性,0.7671224032096635,0.13756877359172476,0.7671224032096635,0.09530882319861188,-1.0,0,1
学习区,BV1Kr4y1i7ru,我是开挖掘机的的，这个能帮到我什么,负面,负面,0.9634395698460076,0.00557144917509881,0.03098898097889368,0.9634395698460076,0.0,0,0
学习区,BV1Kr4y1i7ru,资料在哪啊,负面,负面,0.5568678811578864,0.09628116665073042,0.3468509521913832,0.5568678811578864,0.0,0,0
学习区,BV1Kr4y1i7ru,啊伟啊伟,负面,中性,0.5192936738437295,0.1360502578171259,0.5192936738437295,0.3446560683391446,0.0,0,0
学习区,BV1Kr4y1i7ru,烦死了,负面,中性,0.7858364388948264,0.19335452802243064,0.7858364388948264,0.020809033082742897,-2.0,0,2
学习区,BV1Kr4y1i7ru,2023-10-31  mysql，启动!,负面,中性,0.41518924842379124,0.20101182908912033,0.41518924842379124,0.3837989224870884,0.0,0,0
学习区,BV1Kr4y1i7ru,又是你WEB老师,负面,中性,0.4961570138830833,0.2427001862214525,0.4961570138830833,0.2611427998954643,0.0,0,0
学习区,BV1Kr4y1i7ru,在上mysql课 老师讲的太快 跟不上,负面,负面,0.8454028361351498,0.04615161426272096,0.1084455496021291,0.8454028361351498,-4.0,0,4
学习区,BV1Kr4y1i7ru,java不应该是1-2k吗？？？？？,负面,负面,0.9999385947725049,2.8358945962526574e-05,3.304628153262516e-05,0.9999385947725049,0.0,0,0
学习区,BV1Kr4y1i7ru,别卷了,负面,中性,0.7261759005527044,0.11696296218345734,0.7261759005527044,0.15686113726383832,0.0,0,0
学习区,BV1Kr4y1i7ru,pink?,负面,中性,0.5304414655486897,0.12243229491893018,0.5304414655486897,0.34712623953238014,0.0,0,0
学习区,BV1Kr4y1i7ru,掌握石油的开采,负面,负面,0.6106401794087639,0.09779073789236717,0.29156908269886894,0.6106401794087639,0.0,0,0
学习区,BV1Kr4y1i7ru,这么多人在看,负面,中性,0.6758972757751052,0.11031954720065858,0.6758972757751052,0.21378317702423624,0.0,0,0
学习区,BV1Kr4y1i7ru,基础篇 进阶篇 初级的工程师,负面,负面,0.49062898098696267,0.08933478591721955,0.4200362330958178,0.49062898098696267,0.0,0,0
学习区,BV1Kr4y1i7ru,如果我们的数据库基础很扎实u,负面,中性,0.48341049794430124,0.2195031829133528,0.48341049794430124,0.29708631914234596,0.0,0,0
学习区,BV1Kr4y1i7ru,精通数据库的应用就是要对数据库的细节要有很重要的一种moire你,负面,负面,0.847389377599431,0.10067435540473625,0.05193626699583279,0.847389377599431,0.0,0,0
学习区,BV1Kr4y1i7ru,为什么老师这个教的这个在书上没学过,负面,负面,0.7815767445626406,0.0684987282206633,0.14992452721669622,0.7815767445626406,0.0,0,0
学习区,BV1Kr4y1i7ru,至少数据库黑马还是能看的,负面,负面,0.5479876559158026,0.08176805015578481,0.37024429392841257,0.5479876559158026,0.0,0,0
学习区,BV1Kr4y1i7ru,这么容易的吗,负面,中性,0.7201346356396977,0.11553477994729788,0.7201346356396977,0.16433058441300427,0.0,0,0
学习区,BV1Kr4y1i7ru,我郭午盾 kt喵,负面,中性,0.7175388255057263,0.051197463144223944,0.7175388255057263,0.2312637113500497,0.0,0,0
学习区,BV1Kr4y1i7ru,为了学SQL注入，特意来学SQL,负面,中性,0.6246542821314739,0.14039516043545106,0.6246542821314739,0.23495055743307505,0.0,0,0
学习区,BV1Kr4y1i7ru,我就是闲的我过来学它,负面,负面,0.48711747989749216,0.07119579451486631,0.4416867255876416,0.48711747989749216,0.0,0,0
学习区,BV1Kr4y1i7ru,黑马，我的衣食父母！,负面,中性,0.45858631560111757,0.2161190831566043,0.45858631560111757,0.32529460124227816,0.0,0,0
学习区,BV1Kr4y1i7ru,大数据技术开卷,负面,中性,0.559174351595341,0.07789893818615659,0.559174351595341,0.3629267102185025,0.0,0,0
学习区,BV1Kr4y1i7ru,学啥在b站搜都能搜到黑马,负面,负面,0.7195442716956698,0.09503359929503331,0.18542212900929697,0.7195442716956698,0.0,0,0
学习区,BV1Kr4y1i7ru,应付作业，赶紧学一下,负面,中性,0.6631943416334274,0.09460350528492062,0.6631943416334274,0.24220215308165202,0.0,0,0
学习区,BV1Kr4y1i7ru,有三层楼这么高呀,负面,中性,0.6072100115902268,0.1402568003499131,0.6072100115902268,0.2525331880598601,0.0,0,0
学习区,BV1Kr4y1i7ru,一个月的呢？,负面,负面,0.8125569895579342,0.03644634258544241,0.1509966678566234,0.8125569895579342,0.0,0,0
学习区,BV1Kr4y1i7ru,为什么第一节课这么多人，后面就没人看了,负面,负面,0.42124039565801963,0.20465183820347443,0.374107766138506,0.42124039565801963,0.0,0,0
学习区,BV1Kr4y1i7ru,不学了，我直接入职美团,负面,负面,0.6557707641696553,0.04809093173315136,0.29613830409719344,0.6557707641696553,0.0,0,0
学习区,BV1Kr4y1i7ru,今年8岁，来卷了,负面,中性,0.5835955342926047,0.11994714977831725,0.5835955342926047,0.2964573159290781,0.0,0,0
学习区,BV1Kr4y1i7ru,长生哥开始学数据库,负面,中性,0.5824118234895205,0.11268341019857646,0.5824118234895205,0.304904766311903,0.0,0,0
生活区,BV1Rjc4zJEvz,省流：到底是打开了,负面,中性,0.45442065204488696,0.09134834399778381,0.45442065204488696,0.4542310039573293,0.0,0,0
生活区,BV1Rjc4zJEvz,世子之争，向来如此,负面,负面,0.486707176746976,0.09721317568812193,0.4160796475649022,0.486707176746976,0.0,0,0
生活区,BV1Rjc4zJEvz,这波贪了，应该到春晚再看,负面,负面,0.4531285156530238,0.12732498085610833,0.41954650349086775,0.4531285156530238,0.0,0,0
生活区,BV1Rjc4zJEvz,夺笋啊,负面,中性,0.5690716095172204,0.13031983751757992,0.5690716095172204,0.3006085529651998,0.0,0,0
生活区,BV1Rjc4zJEvz,这蛋有力气,负面,中性,0.5871794926738693,0.06395273776538295,0.5871794926738693,0.34886776956074783,0.0,0,0
生活区,BV1Rjc4zJEvz,弹起来没绷住（,负面,中性,0.5732106177966835,0.1637367263268343,0.5732106177966835,0.26305265587648224,0.0,0,0
生活区,BV1Rjc4zJEvz,牙崩了牙崩了，牙崩了吗牙崩了吗,负面,中性,0.6772264730534004,0.05854334286023133,0.6772264730534004,0.2642301840863682,-3.0,0,3
生活区,BV1Rjc4zJEvz,摔在地上的时候绷不住了,负面,中性,0.6311409418128148,0.0959826220336261,0.6311409418128148,0.2728764361535591,-2.0,0,2
生活区,BV1Rjc4zJEvz,这波贪了，应该留到春晚的,负面,负面,0.7875236551489607,0.07850239529935932,0.13397394955167996,0.7875236551489607,0.0,0,0
生活区,BV1Rjc4zJEvz,范晓言：耶？,负面,负面,0.532175988199616,0.07173106550031771,0.39609294630006636,0.532175988199616,0.0,0,0
生活区,BV1Rjc4zJEvz,世子之争，素来如此,负面,负面,0.5369763154647421,0.09766000761754047,0.3653636769177173,0.5369763154647421,0.0,0,0
生活区,BV1Rjc4zJEvz,这巴掌有力气,负面,中性,0.7121728045721437,0.11703903924334318,0.7121728045721437,0.17078815618451315,0.0,0,0
生活区,BV1Rjc4zJEvz,柿子之争，素来如此,负面,负面,0.5369763154647421,0.09766000761754047,0.3653636769177173,0.5369763154647421,0.0,0,0
生活区,BV1Rjc4zJEvz,他用的这个碗和我家同款,负面,中性,0.5486069640487797,0.16445118092799094,0.5486069640487797,0.2869418550232293,0.0,0,0
生活区,BV1Rjc4zJEvz,同款碗，家里吃饭都用这个，当时是买泡面的赠品,负面,负面,0.9263512391773586,0.03469790455580901,0.03895085626683222,0.9263512391773586,0.0,0,0
生活区,BV1Rjc4zJEvz,我以为三角洲打暗号呢,负面,中性,0.7175388255057263,0.051197463144223944,0.7175388255057263,0.2312637113500497,0.0,0,0
生活区,BV1Rjc4zJEvz,他甚至都怀疑是化石了，也没有怀疑你在骗他,负面,负面,0.8693515699120643,0.054621643565142805,0.07602678652279285,0.8693515699120643,0.0,0,0
生活区,BV1Rjc4zJEvz,暗号？,负面,负面,0.48003596254345565,0.07105940033281637,0.4489046371237279,0.48003596254345565,0.0,0,0
生活区,BV1Rjc4zJEvz,這個蛋抗雪莉一拳會發生什麼事,负面,中性,0.6000324814601097,0.1963952023037433,0.6000324814601097,0.20357231623614702,0.0,0,0
生活区,BV1Rjc4zJEvz,省流:打开了，好像又没打开,负面,负面,0.7933788578081177,0.06600628996671624,0.14061485222516595,0.7933788578081177,0.0,0,0
生活区,BV1Rjc4zJEvz,不是，这碗这么流行的吗？,负面,负面,0.8664237162090028,0.03810094564080789,0.09547533815018935,0.8664237162090028,0.0,0,0
生活区,BV1Rjc4zJEvz,唉，孙z,负面,负面,0.486707176746976,0.09721317568812193,0.4160796475649022,0.486707176746976,0.0,0,0
生活区,BV1Rjc4zJEvz,？？？打暗号呢,负面,负面,0.9857858004692871,0.003259938671482849,0.010954260859230187,0.9857858004692871,0.0,0,0
生活区,BV1Rjc4zJEvz,碗能上链接吗？,负面,负面,0.8487504240096011,0.03291929665945756,0.11833027933094135,0.8487504240096011,0.0,0,0
生活区,BV1Rjc4zJEvz,绷不住了,负面,中性,0.8680911340367852,0.1054336702309537,0.8680911340367852,0.026475195732261248,-2.0,0,2
生活区,BV1Rjc4zJEvz,再这样下去牢弟要被打出抗性了,负面,中性,0.5039491228160983,0.16770424017728428,0.5039491228160983,0.3283466370066174,0.0,0,0
生活区,BV1Rjc4zJEvz,我的刀盾,负面,负面,0.5250453687636647,0.0497216138913503,0.4252330173449849,0.5250453687636647,0.0,0,0
生活区,BV1Rjc4zJEvz,不好盆内有刺客,负面,中性,0.6495454064448993,0.09508084023198772,0.6495454064448993,0.25537375332311296,0.0,0,0
生活区,BV1Rjc4zJEvz,是蛋仔,负面,中性,0.5670229671789758,0.09236616667817968,0.5670229671789758,0.3406108661428446,0.0,0,0
生活区,BV1Rjc4zJEvz,看了一遍，还是笑了。,负面,中性,0.6852753052761399,0.12370230186908057,0.6852753052761399,0.19102239285477957,0.0,0,0
生活区,BV1Rjc4zJEvz,省流：被抽成陀螺了,负面,中性,0.5989403570362533,0.1444502455829915,0.5989403570362533,0.2566093973807553,0.0,0,0
生活区,BV1Rjc4zJEvz,他耶这一下我崩不住了,负面,中性,0.8082447463155831,0.11264733068266512,0.8082447463155831,0.07910792300175185,-1.0,0,1
生活区,BV1Rjc4zJEvz,我不行了，他Y的这一下我绷不住了。,负面,中性,0.6378785143252254,0.034305530542925344,0.6378785143252254,0.3278159551318493,-4.0,0,4
生活区,BV1Rjc4zJEvz,这个弟弟有义气,负面,中性,0.5458044865747574,0.054656332682808235,0.5458044865747574,0.39953918074243433,0.0,0,0
生活区,BV1Rjc4zJEvz,石头啊这声音石头,负面,中性,0.4557576287335671,0.12101795738553764,0.4557576287335671,0.4232244138808954,0.0,0,0
生活区,BV1Rjc4zJEvz,不像演的,负面,负面,0.5136333639975914,0.09921037401438419,0.38715626198802444,0.5136333639975914,0.0,0,0
生活区,BV1Rjc4zJEvz,巴掌来的如此之快,负面,中性,0.6705316345880534,0.13709199119115487,0.6705316345880534,0.19237637422079168,0.0,0,0
生活区,BV1Rjc4zJEvz,结尾有彩蛋。,负面,中性,0.7477271356990881,0.06750910599440837,0.7477271356990881,0.18476375830650357,0.0,0,0
生活区,BV1Rjc4zJEvz,唉，孙,负面,中性,0.4683335622103404,0.09564476678068523,0.4683335622103404,0.4360216710089744,0.0,0,0
生活区,BV1Rjc4zJEvz,碗是同款的。,负面,中性,0.5885945441664563,0.10312717023671605,0.5885945441664563,0.3082782855968276,0.0,0,0
生活区,BV1Rjc4zJEvz,世子之争，素来如此。,负面,中性,0.6498550882946973,0.1074774737138897,0.6498550882946973,0.24266743799141294,0.0,0,0
生活区,BV1Rjc4zJEvz,Sp双开，其实我说的是作者。,负面,负面,0.6978156459161583,0.05406054751714205,0.2481238065666997,0.6978156459161583,0.0,0,0
生活区,BV1Rjc4zJEvz,我还真玩过,负面,中性,0.6861688788714276,0.0811630519586138,0.6861688788714276,0.23266806916995855,0.0,0,0
生活区,BV1Rjc4zJEvz,看了这么多遍才发现同款的碗,负面,中性,0.4922180004721117,0.185293740452053,0.4922180004721117,0.3224882590758354,0.0,0,0
生活区,BV1Rjc4zJEvz,我的甲呀,负面,负面,0.5250453687636647,0.0497216138913503,0.4252330173449849,0.5250453687636647,0.0,0,0
生活区,BV1Rjc4zJEvz,我怎么老被刷呀？,负面,负面,0.69913770727164,0.04827524847830407,0.25258704425005585,0.69913770727164,0.0,0,0
生活区,BV1Rjc4zJEvz,从这儿看的,负面,中性,0.6946261073364651,0.11761593310057422,0.6946261073364651,0.18775795956296062,0.0,0,0
生活区,BV1Rjc4zJEvz,摇都摇不开,负面,中性,0.5237914342393768,0.08502742704774748,0.5237914342393768,0.3911811387128757,0.0,0,0
生活区,BV1Rjc4zJEvz,也是同款碗,负面,中性,0.483316956127754,0.14332619814425213,0.483316956127754,0.37335684572799394,0.0,0,0
生活区,BV1Rjc4zJEvz,孩子們，我還能活嗎？,负面,负面,0.8666123788506432,0.0204017657825401,0.11298585536681663,0.8666123788506432,0.0,0,0
生活区,BV1Rjc4zJEvz,不是化石，是笨蛋,负面,负面,0.6535996576335131,0.06596336139399832,0.2804369809724886,0.6535996576335131,0.0,0,0
生活区,BV1Rjc4zJEvz,跳跃时间吧，绯红之王00：36,负面,中性,0.645114889290192,0.12176808993218108,0.645114889290192,0.23311702077762694,0.0,0,0
生活区,BV1Rjc4zJEvz,柿子之争，向来如此,负面,负面,0.486707176746976,0.09721317568812193,0.4160796475649022,0.486707176746976,0.0,0,0
生活区,BV1Rjc4zJEvz,省流: 压力,负面,中性,0.8690164594362313,0.11415532254639879,0.8690164594362313,0.01682821801736998,-2.0,0,2
生活区,BV1Rjc4zJEvz,吔？,负面,负面,0.48003596254345565,0.07105940033281637,0.4489046371237279,0.48003596254345565,0.0,0,0
生活区,BV1Rjc4zJEvz,你知道半夜憋笑有多难吗？！,负面,负面,0.6250744763970155,0.1871427653512331,0.18778275825175134,0.6250744763970155,-1.0,0,1
生活区,BV1Rjc4zJEvz,这视频有力气,负面,中性,0.7104927427404526,0.09991173566669252,0.7104927427404526,0.1895955215928548,0.0,0,0
生活区,BV1Rjc4zJEvz,这个碗跟我家用的是一样的,负面,负面,0.6344091420618426,0.10359318812129088,0.2619976698168666,0.6344091420618426,0.0,0,0
生活区,BV1Rjc4zJEvz,这是魔丸蛋，因为魔丸坚不可摧,负面,负面,0.6058700320691033,0.09689898485994958,0.29723098307094714,0.6058700320691033,0.0,0,0
生活区,BV1Rjc4zJEvz,我的同款碗,负面,中性,0.5837683565238092,0.09006873214835924,0.5837683565238092,0.32616291132783154,0.0,0,0
生活区,BV1Rjc4zJEvz,我怎么感觉他有点像乒乓球啊？,负面,负面,0.7416744445393237,0.04137398483759626,0.21695157062307993,0.7416744445393237,0.0,0,0
生活区,BV1Rjc4zJEvz,我们家用的是同款。,负面,中性,0.4651179964159756,0.08480989832591321,0.4651179964159756,0.4500721052581111,0.0,0,0
生活区,BV1Rjc4zJEvz,有刺客,负面,中性,0.6377215610912004,0.060712292932561196,0.6377215610912004,0.3015661459762383,0.0,0,0
生活区,BV1Rjc4zJEvz,我的家牙,负面,负面,0.5250453687636647,0.0497216138913503,0.4252330173449849,0.5250453687636647,0.0,0,0
生活区,BV1Rjc4zJEvz,世子之争，不过如此,负面,负面,0.486707176746976,0.09721317568812193,0.4160796475649022,0.486707176746976,0.0,0,0
生活区,BV1Rjc4zJEvz,你们有没有看到左上角有一个275人正在观看或者是几人正在观,负面,负面,0.7360780756139843,0.093451453523821,0.1704704708621947,0.7360780756139843,0.0,0,0
生活区,BV1Rjc4zJEvz,和我的碗一样,负面,中性,0.700420271375871,0.1327876087411336,0.700420271375871,0.16679211988299547,0.0,0,0
生活区,BV1Rjc4zJEvz,和我家一样的碗，我平时都用这个吃饭,负面,负面,0.6876894591408744,0.0889177265933603,0.2233928142657653,0.6876894591408744,0.0,0,0
生活区,BV1Rjc4zJEvz,这个碗，我家也有好多啊,负面,负面,0.7692066637245216,0.062135078833988625,0.1686582574414896,0.7692066637245216,0.0,0,0
生活区,BV1Rjc4zJEvz,是谁开了疼痛共享？,负面,负面,0.8732564853238728,0.027619442441980665,0.09912407223414667,0.8732564853238728,0.0,0,0
生活区,BV1Rjc4zJEvz,这是铁的,负面,中性,0.5177294953579101,0.09411281473496191,0.5177294953579101,0.388157689907128,0.0,0,0
生活区,BV1Rjc4zJEvz,省流：被紫菜了,负面,中性,0.6444098977184003,0.13584829208841603,0.6444098977184003,0.21974181019318373,0.0,0,0
生活区,BV1Rjc4zJEvz,正在喝水的赶紧吞下去或者别喝,负面,负面,0.768233111151753,0.08457117003192459,0.14719571881632254,0.768233111151753,0.0,0,0
生活区,BV1Rjc4zJEvz,@伤心欲茄222,负面,中性,0.8721943922382827,0.09292259421948887,0.8721943922382827,0.03488301354222845,-2.0,0,2
生活区,BV1Rjc4zJEvz,吓我一跳,负面,中性,0.7175388255057263,0.051197463144223944,0.7175388255057263,0.2312637113500497,0.0,0,0
生活区,BV1Rjc4zJEvz,跳跃的蛋,负面,负面,0.5631270091141048,0.09904087330753218,0.33783211757836307,0.5631270091141048,0.0,0,0
生活区,BV1Rjc4zJEvz,就是，缘分。,负面,中性,0.7214941306259751,0.12418669516788317,0.7214941306259751,0.15431917420614183,0.0,0,0
生活区,BV1Rjc4zJEvz,家长：他一直在挑衅我,负面,中性,0.5997003555205951,0.07854442813802572,0.5997003555205951,0.3217552163413792,0.0,0,0
生活区,BV1Rjc4zJEvz,演的不像啊,负面,负面,0.8572981107550836,0.03227694047921858,0.11042494876569786,0.8572981107550836,0.0,0,0
生活区,BV1Rjc4zJEvz,？,负面,中性,0.5026475186134811,0.06954857924992108,0.5026475186134811,0.4278039021365979,0.0,0,0
生活区,BV1Rjc4zJEvz,省流：合金弹头但是老弟的头不是,负面,负面,0.7344109681588434,0.08879003536748833,0.17679899647366806,0.7344109681588434,0.0,0,0
