review_label,label_schema,review_reason,partition,bvid,text,pred_label,pred_raw_label,model_confidence,lexicon_score,prob_positive,prob_neutral,prob_negative,pos_cnt,neg_cnt,word_len,discourse_score,is_mixed_sentiment,contrast_count,sentiment_type,sentiment_target,sentiment_aspect,aspect_sentiment
,"1=正面,0=中性,-1=负面",模型低置信度,生活区,BV1X75X6rEui,懂了，直接去吃蒜瓣,正面,正面,0.6357848569650472,1.0,0.6357848569650472,0.1838576664687234,0.1803574765662294,1,0,6,1.0,0,0,对象评价+认知状态,未明确对象,理解与难度,正面
,"1=正面,0=中性,-1=负面",模型低置信度,知识区,BV1zrGi6PE9B,一轮复习都要加油哦,正面,正面,0.6419088322049146,1.0,0.6419088322049146,0.32784641636304757,0.030244751432037895,1,0,6,1.0,0,0,对象评价,未明确对象,未明确方面,正面
,"1=正面,0=中性,-1=负面",模型低置信度,生活区,BV1X75X6rEui,我们这超市49.9,中性,中性,0.3736437612485087,0.0,0.2942866446163219,0.3736437612485087,0.3320695941351693,0,0,3,0.0,0,0,无明显情感,未明确对象,未明确方面,中性
,"1=正面,0=中性,-1=负面",模型低置信度,生活区,BV1X75X6rEui,看着像蒜薹,负面,负面,0.38714479893432385,0.0,0.3364126608508484,0.27644254021482767,0.38714479893432385,0,0,3,0.0,0,0,无明显情感,未明确对象,未明确方面,中性
,"1=正面,0=中性,-1=负面",模型低置信度,生活区,BV1X75X6rEui,就慢慢,中性,中性,0.40835162256434526,0.0,0.22113276409163168,0.40835162256434526,0.37051561334402294,0,0,2,0.0,0,0,无明显情感,未明确对象,未明确方面,中性
,"1=正面,0=中性,-1=负面",模型低置信度,生活区,BV1X75X6rEui,\?,中性,中性,0.4235697430765226,0.0,0.1706793313296004,0.4235697430765226,0.405750925593877,0,0,1,0.0,0,0,无明显情感,未明确对象,未明确方面,中性
,"1=正面,0=中性,-1=负面",模型低置信度,生活区,BV1X75X6rEui,藜蒿！,中性,中性,0.4255453835394759,0.0,0.40361918064763314,0.4255453835394759,0.17083543581289087,0,0,3,0.0,0,0,无明显情感,未明确对象,未明确方面,中性
,"1=正面,0=中性,-1=负面",模型低置信度,生活区,BV1X75X6rEui,日本鸡仔，德国木材鸡窝，中国米糠=普通鸡蛋doge,中性,中性,0.427315342273823,0.0,0.224355524050268,0.427315342273823,0.34832913367590906,0,0,12,0.0,0,0,无明显情感,未明确对象,未明确方面,中性
,"1=正面,0=中性,-1=负面",模型低置信度,生活区,BV1X75X6rEui,看着不像被迫,正面,正面,0.43256899325025006,0.0,0.43256899325025006,0.2988405385566796,0.2685904681930703,0,0,3,0.0,0,0,无明显情感,未明确对象,未明确方面,中性
,"1=正面,0=中性,-1=负面",模型低置信度,生活区,BV1X75X6rEui,我们这叫二米饭,中性,中性,0.4372456738118693,0.0,0.20791721493139814,0.4372456738118693,0.3548371112567324,0,0,4,0.0,0,0,无明显情感,未明确对象,未明确方面,中性
,"1=正面,0=中性,-1=负面",模型低置信度,知识区,BV1zrGi6PE9B,注意零假设,负面,负面,0.44052667559608377,0.0,0.1514914147265891,0.4079819096773272,0.44052667559608377,0,0,3,0.0,0,0,无明显情感,未明确对象,未明确方面,中性
,"1=正面,0=中性,-1=负面",模型低置信度,生活区,BV1X75X6rEui,我们这边东星斑一条一百多,负面,负面,0.443254332180417,0.0,0.14027594399617552,0.4164697238234076,0.443254332180417,0,0,6,0.0,0,0,无明显情感,未明确对象,未明确方面,中性
,"1=正面,0=中性,-1=负面",模型低置信度,生活区,BV1X75X6rEui,难吃~,负面,负面,0.4436230781743867,0.0,0.17932975803742532,0.3770471637881881,0.4436230781743867,0,0,1,0.0,0,0,无明显情感,未明确对象,理解与难度,中性
,"1=正面,0=中性,-1=负面",模型低置信度,知识区,BV1zrGi6PE9B,“我的青春自此绝版，千金不换。”,负面,负面,0.4462264750780538,0.0,0.3086529599130483,0.2451205650088979,0.4462264750780538,0,0,7,0.0,0,0,无明显情感,未明确对象,未明确方面,中性
,"1=正面,0=中性,-1=负面",模型低置信度,生活区,BV1X75X6rEui,《不计成本》,负面,负面,0.44721011883025347,0.0,0.13572746123697496,0.41706241993277154,0.44721011883025347,0,0,1,0.0,0,0,无明显情感,未明确对象,未明确方面,中性
,"1=正面,0=中性,-1=负面",模型低置信度,知识区,BV1zrGi6PE9B,许愿数学125+,正面,正面,0.45165500152320825,0.0,0.45165500152320825,0.23223966861716602,0.3161053298596257,0,0,3,0.0,0,0,无明显情感,课程内容,未明确方面,中性
,"1=正面,0=中性,-1=负面",模型低置信度,生活区,BV1X75X6rEui,6个女生可能还吃不完,中性,中性,0.45351773241430127,0.0,0.17215616484234392,0.45351773241430127,0.3743261027433549,0,0,6,0.0,0,0,无明显情感,未明确对象,未明确方面,中性
,"1=正面,0=中性,-1=负面",模型低置信度,生活区,BV1X75X6rEui,节目效果看不出来?,负面,负面,0.4545771425930645,0.0,0.17949867149102317,0.3659241859159123,0.4545771425930645,0,0,4,0.0,0,0,无明显情感,未明确对象,娱乐与趣味,中性
,"1=正面,0=中性,-1=负面",模型低置信度,生活区,BV1X75X6rEui,这香气有些奇妙，与我记忆中的王境泽之香颇为相似。,负面,负面,0.4557405300091293,0.0,0.13208055570505584,0.4121789142858149,0.4557405300091293,0,0,11,0.0,0,0,无明显情感,未明确对象,未明确方面,中性
,"1=正面,0=中性,-1=负面",模型低置信度,生活区,BV1X75X6rEui,69.9=一顿牛肉火锅自助,中性,中性,0.46052074739724336,0.0,0.18697477619973377,0.46052074739724336,0.35250447640302285,0,0,5,0.0,0,0,无明显情感,未明确对象,未明确方面,中性
,"1=正面,0=中性,-1=负面",模型低置信度,知识区,BV1zrGi6PE9B,这个坏宝宝好萌,中性,中性,0.4607728118045768,0.0,0.12049900117862704,0.4607728118045768,0.4187281870167962,0,0,4,0.0,0,0,无明显情感,未明确对象,未明确方面,中性
,"1=正面,0=中性,-1=负面",模型低置信度,知识区,BV1zrGi6PE9B,祝我们都超常发挥。,正面,正面,0.46095057797497513,0.0,0.46095057797497513,0.396418884271059,0.14263053775396595,0,0,5,0.0,0,0,无明显情感,未明确对象,未明确方面,中性
,"1=正面,0=中性,-1=负面",模型低置信度,知识区,BV1zrGi6PE9B,黑色方碑上刻红字 你想到了什么,中性,中性,0.4622546344832384,0.0,0.11757958035212457,0.4622546344832384,0.4201657851646371,0,0,6,0.0,0,0,无明显情感,未明确对象,未明确方面,中性
,"1=正面,0=中性,-1=负面",模型低置信度,生活区,BV1X75X6rEui,这鸡蛋好像不新鲜,负面,负面,0.4625478510374257,0.0,0.09602886496263809,0.44142328399993624,0.4625478510374257,0,0,4,0.0,0,0,无明显情感,未明确对象,未明确方面,中性
,"1=正面,0=中性,-1=负面",模型低置信度,生活区,BV1X75X6rEui,一面煎出血水？？,负面,负面,0.46359029076575614,0.0,0.0906348267036528,0.44577488253059094,0.46359029076575614,0,0,6,0.0,0,0,无明显情感,未明确对象,未明确方面,中性
,"1=正面,0=中性,-1=负面",模型低置信度,生活区,BV1X75X6rEui,现在有养殖的了。未来几年必定大掉价,负面,负面,0.4636214182651962,0.0,0.1033905066088999,0.432988075125904,0.4636214182651962,0,0,9,0.0,0,0,无明显情感,未明确对象,未明确方面,中性
,"1=正面,0=中性,-1=负面",模型低置信度,知识区,BV1zrGi6PE9B,个位，该表白了,中性,中性,0.46559070265080454,0.0,0.1504780378664949,0.46559070265080454,0.3839312594827005,0,0,5,0.0,0,0,无明显情感,未明确对象,未明确方面,中性
,"1=正面,0=中性,-1=负面",模型低置信度,生活区,BV1X75X6rEui,你也不爱吃肉@食贫道,中性,中性,0.4659840239733841,0.0,0.09548548177234477,0.4659840239733841,0.438530494254271,0,0,6,0.0,0,0,无明显情感,未明确对象,未明确方面,中性
,"1=正面,0=中性,-1=负面",模型低置信度,生活区,BV1X75X6rEui,我们武汉叫黎蒿,中性,中性,0.466320908285277,0.0,0.40252535458826216,0.466320908285277,0.13115373712646083,0,0,3,0.0,0,0,无明显情感,未明确对象,未明确方面,中性
,"1=正面,0=中性,-1=负面",模型低置信度,知识区,BV1zrGi6PE9B,2026贵大见,中性,中性,0.4664222267975687,0.0,0.44078329200455796,0.4664222267975687,0.09279448119787338,0,0,2,0.0,0,0,无明显情感,未明确对象,未明确方面,中性
,"1=正面,0=中性,-1=负面",模型低置信度,知识区,BV1zrGi6PE9B,27年汕大,正面,正面,0.46696286674509063,0.0,0.46696286674509063,0.46647337203677597,0.06656376121813352,0,0,3,0.0,0,0,无明显情感,未明确对象,未明确方面,中性
,"1=正面,0=中性,-1=负面",模型低置信度,生活区,BV1X75X6rEui,鸡蛋哪里有配方,负面,负面,0.46788197217602967,0.0,0.12636948019354033,0.40574854763042995,0.46788197217602967,0,0,4,0.0,0,0,无明显情感,未明确对象,未明确方面,中性
,"1=正面,0=中性,-1=负面",模型低置信度,生活区,BV1X75X6rEui,嘴巴一直在流眼泪,中性,中性,0.46803330744940996,0.0,0.12231182215540364,0.46803330744940996,0.4096548703951864,0,0,4,0.0,0,0,无明显情感,未明确对象,未明确方面,中性
,"1=正面,0=中性,-1=负面",模型低置信度,生活区,BV1X75X6rEui,嘴巴一直在下雨,中性,中性,0.46803330744940996,0.0,0.12231182215540364,0.46803330744940996,0.4096548703951864,0,0,4,0.0,0,0,无明显情感,未明确对象,未明确方面,中性
,"1=正面,0=中性,-1=负面",模型低置信度,知识区,BV1zrGi6PE9B,什么，是魏延？势魏延！,负面,负面,0.46971047472417127,0.0,0.09694683636965894,0.4333426889061699,0.46971047472417127,0,0,7,0.0,0,0,无明显情感,未明确对象,未明确方面,中性
,"1=正面,0=中性,-1=负面",模型低置信度,生活区,BV1X75X6rEui,嘴角比AK还难压,中性,中性,0.46973556695820334,0.0,0.24113555224742453,0.46973556695820334,0.28912888079437205,0,0,5,0.0,0,0,无明显情感,未明确对象,理解与难度,中性
,"1=正面,0=中性,-1=负面",模型低置信度,生活区,BV1X75X6rEui,500价位的自助我都不敢想,中性,中性,0.4712923993108625,0.0,0.2610375351502975,0.4712923993108625,0.2676700655388401,0,0,6,0.0,0,0,无明显情感,未明确对象,未明确方面,中性
,"1=正面,0=中性,-1=负面",模型低置信度,知识区,BV1zrGi6PE9B,感觉还有10天考试很肥美。天天上自习现在,负面,负面,0.4726036936692614,0.0,0.1715599965329882,0.35583630979775027,0.4726036936692614,0,0,12,0.0,0,0,无明显情感,未明确对象,未明确方面,中性
,"1=正面,0=中性,-1=负面",模型低置信度,生活区,BV1X75X6rEui,这种表述完全是排雷的程度了，应该不是广,中性,中性,0.4752372739094128,0.0,0.05094956731806402,0.4752372739094128,0.4738131587725231,0,0,9,0.0,0,0,无明显情感,未明确对象,未明确方面,中性
,"1=正面,0=中性,-1=负面",模型低置信度,知识区,BV1zrGi6PE9B,重庆大学等我,中性,中性,0.47686925848968115,0.0,0.4699277320677601,0.47686925848968115,0.05320300944255868,0,0,2,0.0,0,0,无明显情感,未明确对象,未明确方面,中性
,"1=正面,0=中性,-1=负面",模型低置信度,知识区,BV1zrGi6PE9B,福州大学 等我,中性,中性,0.47686925848968115,0.0,0.4699277320677601,0.47686925848968115,0.05320300944255868,0,0,2,0.0,0,0,无明显情感,未明确对象,未明确方面,中性
,"1=正面,0=中性,-1=负面",模型低置信度,生活区,BV1X75X6rEui,别说还挺丰富,中性,中性,0.47790746871453615,0.0,0.34539172389459416,0.47790746871453615,0.17670080739086977,0,0,4,0.0,0,0,无明显情感,未明确对象,未明确方面,中性
,"1=正面,0=中性,-1=负面",模型低置信度,生活区,BV1X75X6rEui,这叫铁板牛肉片,中性,中性,0.4786135244776813,0.0,0.09048724052181836,0.4786135244776813,0.4308992350005002,0,0,4,0.0,0,0,无明显情感,未明确对象,未明确方面,中性
,"1=正面,0=中性,-1=负面",模型低置信度,生活区,BV1X75X6rEui,一顿两天白干,负面,负面,0.4789982850228354,0.0,0.13695924084619676,0.3840424741309678,0.4789982850228354,0,0,3,0.0,0,0,无明显情感,未明确对象,未明确方面,中性
,"1=正面,0=中性,-1=负面",模型低置信度,生活区,BV1X75X6rEui,东星斑？,负面,负面,0.479026078250102,0.0,0.04572942506738112,0.47524449668251684,0.479026078250102,0,0,3,0.0,0,0,无明显情感,未明确对象,未明确方面,中性
,"1=正面,0=中性,-1=负面",模型低置信度,生活区,BV1X75X6rEui,小象1L 9.9弹幕说不贵的何意味？,中性,中性,0.4809299720273085,0.0,0.10001119771941364,0.4809299720273085,0.4190588302532779,0,0,8,0.0,0,0,无明显情感,未明确对象,未明确方面,中性
,"1=正面,0=中性,-1=负面",含转折且模型不够确定,生活区,BV1X75X6rEui,不过啦,中性,中性,0.6476404053910727,0.0,0.08897232024681698,0.6476404053910727,0.26338727436211035,0,0,2,0.0,0,1,无明显情感,未明确对象,未明确方面,中性
,"1=正面,0=中性,-1=负面",模型低置信度,知识区,BV1zrGi6PE9B,ヽ(｡◕o◕｡)ﾉ.,中性,中性,0.4835778437655102,0.0,0.3515476684835356,0.4835778437655102,0.16487448775095434,0,0,2,0.0,0,0,无明显情感,未明确对象,未明确方面,中性
,"1=正面,0=中性,-1=负面",模型低置信度,知识区,BV1zrGi6PE9B,2026厦门大学,正面,正面,0.4839611670670483,0.0,0.4839611670670483,0.4415924324250133,0.0744464005079383,0,0,2,0.0,0,0,无明显情感,未明确对象,未明确方面,中性
,"1=正面,0=中性,-1=负面",模型低置信度,知识区,BV1zrGi6PE9B,高考还有15天，同志仍需努力,中性,中性,0.4839856487720126,0.0,0.42285427496574707,0.4839856487720126,0.09316007626224025,0,0,9,0.0,0,0,无明显情感,未明确对象,未明确方面,中性
,"1=正面,0=中性,-1=负面",模型低置信度,生活区,BV1X75X6rEui,藜蒿长很多叶子的，盒子里是理好的。和蒜薹可不一样,中性,中性,0.4848821348866032,0.0,0.18721616494159077,0.4848821348866032,0.32790170017180614,0,0,13,0.0,0,0,无明显情感,未明确对象,未明确方面,中性
,"1=正面,0=中性,-1=负面",模型低置信度,生活区,BV1X75X6rEui,就这个标明注水线已经有点产品介绍的味儿了,负面,负面,0.48547932032316926,0.0,0.1365814006895083,0.37793927898732244,0.48547932032316926,0,0,9,0.0,0,0,无明显情感,未明确对象,未明确方面,中性
,"1=正面,0=中性,-1=负面",篇章评分偏正但模型偏负,生活区,BV1X75X6rEui,鱼味其实也差不多，没有说特别好吃,正面,负面,0.819498268332993,1.0,0.16183195494888383,0.018669776718123185,0.819498268332993,1,0,9,1.0,0,0,对象评价,未明确对象,未明确方面,正面
,"1=正面,0=中性,-1=负面",模型低置信度,知识区,BV1zrGi6PE9B,我高考70024高考，现在回来了,中性,中性,0.48676386542635103,0.0,0.3929068933184356,0.48676386542635103,0.12032924125521348,0,0,6,0.0,0,0,无明显情感,未明确对象,未明确方面,中性
,"1=正面,0=中性,-1=负面",模型低置信度,生活区,BV1X75X6rEui,你小子是一点苦都不吃啊,中性,中性,0.4873423047917105,0.0,0.029947053609725067,0.4873423047917105,0.4827106415985646,0,0,5,0.0,0,0,无明显情感,未明确对象,未明确方面,中性
,"1=正面,0=中性,-1=负面",模型低置信度,知识区,BV1zrGi6PE9B,27深大等我,中性,中性,0.49013773875476263,0.0,0.4609234421106494,0.49013773875476263,0.04893881913458789,0,0,3,0.0,0,0,无明显情感,未明确对象,未明确方面,中性
,"1=正面,0=中性,-1=负面",模型低置信度,知识区,BV1zrGi6PE9B,27北大等我,中性,中性,0.49013773875476263,0.0,0.4609234421106494,0.49013773875476263,0.04893881913458789,0,0,3,0.0,0,0,无明显情感,未明确对象,未明确方面,中性
,"1=正面,0=中性,-1=负面",模型低置信度,生活区,BV1X75X6rEui,50吃什么不好,中性,中性,0.4902161710968891,0.0,0.051077042650863616,0.4902161710968891,0.4587067862522472,0,0,4,0.0,0,0,无明显情感,未明确对象,未明确方面,中性
,"1=正面,0=中性,-1=负面",模型低置信度,生活区,BV1X75X6rEui,但牛排这样吃不才合适中国人胃吗,负面,负面,0.490595157785589,0.0,0.07307478151388966,0.4363300607005214,0.490595157785589,0,0,9,0.0,0,0,无明显情感,未明确对象,未明确方面,中性
,"1=正面,0=中性,-1=负面",模型低置信度,生活区,BV1X75X6rEui,《我不吃牛肉》,负面,负面,0.4906329325193544,0.0,0.14391609691017537,0.36545097057047016,0.4906329325193544,0,0,2,0.0,0,0,无明显情感,未明确对象,未明确方面,中性
,"1=正面,0=中性,-1=负面",模型低置信度,知识区,BV1zrGi6PE9B,导员没说要考啊,负面,负面,0.49252312888244204,0.0,0.20780848345254907,0.29966838766500875,0.49252312888244204,0,0,5,0.0,0,0,无明显情感,未明确对象,未明确方面,中性
,"1=正面,0=中性,-1=负面",模型低置信度,知识区,BV1zrGi6PE9B,会给公式的，但最好背一背，小题有可能不给,负面,负面,0.4927472490840753,0.0,0.06379488402192715,0.4434578668939976,0.4927472490840753,0,0,13,0.0,0,0,无明显情感,课程内容,未明确方面,中性
,"1=正面,0=中性,-1=负面",模型低置信度,知识区,BV1zrGi6PE9B,我上深圳大学了,中性,中性,0.4931433826385564,0.0,0.43721524173474724,0.4931433826385564,0.06964137562669652,0,0,2,0.0,0,0,无明显情感,未明确对象,未明确方面,中性
,"1=正面,0=中性,-1=负面",模型低置信度,生活区,BV1X75X6rEui,藜蒿,中性,中性,0.4948272653763467,0.0,0.1938326277954805,0.4948272653763467,0.3113401068281729,0,0,2,0.0,0,0,无明显情感,未明确对象,未明确方面,中性
,"1=正面,0=中性,-1=负面",模型低置信度,知识区,BV1zrGi6PE9B,明天下午考，现在晚上8点半了,中性,中性,0.4954697826013377,0.0,0.3790655213805973,0.4954697826013377,0.12546469601806515,0,0,8,0.0,0,0,无明显情感,未明确对象,未明确方面,中性
,"1=正面,0=中性,-1=负面",模型低置信度,生活区,BV1X75X6rEui,俩三个人吧感觉,负面,负面,0.4967614876620413,0.0,0.0948634426861368,0.4083750696518218,0.4967614876620413,0,0,4,0.0,0,0,无明显情感,未明确对象,未明确方面,中性
,"1=正面,0=中性,-1=负面",模型低置信度,生活区,BV1X75X6rEui,我考上清华妙不妙,正面,正面,0.49680898540452667,0.0,0.49680898540452667,0.4788045740743048,0.02438644052116847,0,0,4,0.0,0,0,无明显情感,未明确对象,未明确方面,中性
,"1=正面,0=中性,-1=负面",模型低置信度,生活区,BV1X75X6rEui,？？,负面,负面,0.49737458286261016,0.0,0.09352364638977746,0.4091017707476124,0.49737458286261016,0,0,2,0.0,0,0,无明显情感,未明确对象,未明确方面,中性
,"1=正面,0=中性,-1=负面",模型低置信度,生活区,BV1X75X6rEui,我中考考上师大附中妙不妙,正面,正面,0.49788230595830146,0.0,0.49788230595830146,0.4764987385653584,0.025618955476340088,0,0,5,0.0,0,0,无明显情感,未明确对象,未明确方面,中性
,"1=正面,0=中性,-1=负面",模型低置信度,生活区,BV1X75X6rEui,比清蒸鳜鱼好吃,正面,正面,0.4988238788691166,0.0,0.4988238788691166,0.3279463142240287,0.17322980690685466,0,0,4,0.0,0,0,无明显情感,未明确对象,未明确方面,中性
,"1=正面,0=中性,-1=负面",模型低置信度,知识区,BV1zrGi6PE9B,人不能同时拥有青春和对青春的感悟,中性,中性,0.49991678459042066,0.0,0.16624590449705517,0.49991678459042066,0.33383731091252417,0,0,8,0.0,0,0,无明显情感,未明确对象,未明确方面,中性
,"1=正面,0=中性,-1=负面",模型低置信度,生活区,BV1X75X6rEui,还椰子水呢,中性,中性,0.5003083795952867,0.0,0.05140224584050878,0.5003083795952867,0.44828937456420453,0,0,3,0.0,0,0,无明显情感,未明确对象,未明确方面,中性
,"1=正面,0=中性,-1=负面",模型低置信度,生活区,BV1X75X6rEui,不如我30块钱的麻辣烫,负面,负面,0.5006854195694935,0.0,0.1022674834516811,0.3970470969788253,0.5006854195694935,0,0,4,0.0,0,0,无明显情感,未明确对象,未明确方面,中性
,"1=正面,0=中性,-1=负面",模型低置信度,生活区,BV1X75X6rEui,事业编上岸妙不妙,中性,中性,0.5011990188097623,0.0,0.47743493386161134,0.5011990188097623,0.02136604732862647,0,0,5,0.0,0,0,无明显情感,未明确对象,未明确方面,中性
,"1=正面,0=中性,-1=负面",模型低置信度,生活区,BV1X75X6rEui,怎么看都像大碗泡面……,中性,中性,0.5032930710344389,0.0,0.0759535594580816,0.5032930710344389,0.42075336950747944,0,0,6,0.0,0,0,无明显情感,未明确对象,未明确方面,中性
,"1=正面,0=中性,-1=负面",模型低置信度,知识区,BV1zrGi6PE9B,花有重开日，人无再少年,中性,中性,0.5036410785768503,0.0,0.23135966064864702,0.5036410785768503,0.26499926077450286,0,0,8,0.0,0,0,无明显情感,未明确对象,未明确方面,中性
,"1=正面,0=中性,-1=负面",模型低置信度,生活区,BV1X75X6rEui,说实话没啥好吃的 吃的就是名字和价格,中性,中性,0.5039879870622189,0.0,0.07955022291640916,0.5039879870622189,0.4164617900213719,0,0,8,0.0,0,0,无明显情感,未明确对象,未明确方面,中性
,"1=正面,0=中性,-1=负面",模型低置信度,生活区,BV1X75X6rEui,省流：本地蛋,中性,中性,0.5041948898260529,0.0,0.1492069999747973,0.5041948898260529,0.34659811019914977,0,0,3,0.0,0,0,无明显情感,未明确对象,未明确方面,中性
,"1=正面,0=中性,-1=负面",模型低置信度,生活区,BV1X75X6rEui,他把小孩算上去了,正面,正面,0.5046906407782122,0.0,0.5046906407782122,0.3918939514278372,0.10341540779395064,0,0,3,0.0,0,0,无明显情感,未明确对象,未明确方面,中性
,"1=正面,0=中性,-1=负面",模型低置信度,生活区,BV1X75X6rEui,蒜苔跟芦蒿完全两样东西，别瞎抬杠,中性,中性,0.5065245928972775,0.0,0.11393963593883133,0.5065245928972775,0.37953577116389114,0,0,10,0.0,0,0,无明显情感,未明确对象,未明确方面,中性
,"1=正面,0=中性,-1=负面",模型低置信度,生活区,BV1X75X6rEui,明明是藜蒿,中性,中性,0.5079270373702052,0.0,0.14930286810437488,0.5079270373702052,0.34277009452542,0,0,3,0.0,0,0,无明显情感,未明确对象,未明确方面,中性
,"1=正面,0=中性,-1=负面",模型低置信度,生活区,BV1X75X6rEui,这锅我也有 适合摊煎饼,负面,负面,0.5096521108876508,0.0,0.11451317301636686,0.3758347160959823,0.5096521108876508,0,0,6,0.0,0,0,无明显情感,未明确对象,未明确方面,中性
,"1=正面,0=中性,-1=负面",模型低置信度,生活区,BV1X75X6rEui,60块钱只看食材是纯亏,中性,中性,0.5099450389194505,0.0,0.19312865762347822,0.5099450389194505,0.2969263034570714,0,0,6,0.0,0,0,无明显情感,未明确对象,未明确方面,中性
,"1=正面,0=中性,-1=负面",模型低置信度,生活区,BV1X75X6rEui,这是藜蒿吧,中性,中性,0.5105241995393316,0.0,0.062215506636542246,0.5105241995393316,0.42726029382412617,0,0,2,0.0,0,0,无明显情感,未明确对象,未明确方面,中性
,"1=正面,0=中性,-1=负面",模型低置信度,生活区,BV1X75X6rEui,这里面最值钱的是这个包装，其它都是虚的,中性,中性,0.5110535574092432,0.0,0.08490412049221606,0.5110535574092432,0.4040423220985407,0,0,9,0.0,0,0,无明显情感,未明确对象,未明确方面,中性
,"1=正面,0=中性,-1=负面",模型低置信度,知识区,BV1zrGi6PE9B,薛定谔的猫不就是是或不是中间的情况吗？,中性,中性,0.5119217889338307,0.0,0.008658105320310307,0.5119217889338307,0.47942010574585897,0,0,9,0.0,0,0,无明显情感,未明确对象,未明确方面,中性
,"1=正面,0=中性,-1=负面",模型低置信度,生活区,BV1X75X6rEui,谁在说话,负面,负面,0.5129503232521561,0.0,0.06303105400012823,0.4240186227477157,0.5129503232521561,0,0,3,0.0,0,0,无明显情感,未明确对象,未明确方面,中性
,"1=正面,0=中性,-1=负面",模型低置信度,生活区,BV1X75X6rEui,五百块的鱼不找个大厨烧一下？,中性,中性,0.5131794652157496,0.0,0.03490660847866457,0.5131794652157496,0.45191392630558597,0,0,7,0.0,0,0,无明显情感,未明确对象,未明确方面,中性
,"1=正面,0=中性,-1=负面",模型低置信度,知识区,BV1zrGi6PE9B,刺眼说是,中性,中性,0.5132975513910711,0.0,0.14063045662182252,0.5132975513910711,0.34607199198710625,0,0,2,0.0,0,0,无明显情感,未明确对象,未明确方面,中性
,"1=正面,0=中性,-1=负面",模型低置信度,生活区,BV1X75X6rEui,这得要不少钱先生,中性,中性,0.5133468336032104,0.0,0.28285201196624465,0.5133468336032104,0.20380115443054486,0,0,5,0.0,0,0,无明显情感,未明确对象,未明确方面,中性
,"1=正面,0=中性,-1=负面",模型低置信度,知识区,BV1zrGi6PE9B,明天高考会赢吗,中性,中性,0.5138945850175947,0.0,0.44479327040886085,0.5138945850175947,0.04131214457354449,0,0,4,0.0,0,0,无明显情感,未明确对象,比赛表现,中性
,"1=正面,0=中性,-1=负面",模型低置信度,知识区,BV1zrGi6PE9B,我们绝不投降！ WE SHALL NEVEL SURRENDER ! ! !,中性,中性,0.5139667175694144,0.0,0.4220645951884629,0.5139667175694144,0.06396868724212278,0,0,8,0.0,0,0,无明显情感,未明确对象,未明确方面,中性
,"1=正面,0=中性,-1=负面",模型低置信度,生活区,BV1X75X6rEui,华为蛋,中性,中性,0.5141184930765029,0.0,0.15108459992999862,0.5141184930765029,0.3347969069934985,0,0,2,0.0,0,0,无明显情感,未明确对象,未明确方面,中性
,"1=正面,0=中性,-1=负面",模型低置信度,生活区,BV1X75X6rEui,吕布蛋,中性,中性,0.5141184930765029,0.0,0.15108459992999862,0.5141184930765029,0.3347969069934985,0,0,2,0.0,0,0,无明显情感,未明确对象,未明确方面,中性
,"1=正面,0=中性,-1=负面",模型低置信度,知识区,BV1zrGi6PE9B,我，成绩，只进不退！,正面,正面,0.5142221606618406,0.0,0.5142221606618406,0.3389591470536282,0.1468186922845313,0,0,6,0.0,0,0,无明显情感,未明确对象,未明确方面,中性
,"1=正面,0=中性,-1=负面",模型低置信度,生活区,BV1X75X6rEui,不点，我怕你又《被迫》吃一些你完全不想吃的东西,中性,中性,0.5154355735449595,0.0,0.07833855299459991,0.5154355735449595,0.4062258734604406,0,0,12,0.0,0,0,无明显情感,未明确对象,未明确方面,中性
,"1=正面,0=中性,-1=负面",模型低置信度,知识区,BV1zrGi6PE9B,happy ending啊,负面,负面,0.5155707850571227,0.0,0.2754822191157661,0.20894699582711124,0.5155707850571227,0,0,1,0.0,0,0,无明显情感,未明确对象,未明确方面,中性
,"1=正面,0=中性,-1=负面",模型低置信度,生活区,BV1X75X6rEui,其实料很少,负面,负面,0.5171683770621093,0.0,0.05687147853833232,0.42596014439955837,0.5171683770621093,0,0,3,0.0,0,0,无明显情感,未明确对象,未明确方面,中性
,"1=正面,0=中性,-1=负面",模型低置信度,生活区,BV1X75X6rEui,还挑肥拣瘦,中性,中性,0.5176103520977896,0.0,0.22073156448937825,0.5176103520977896,0.26165808341283214,0,0,2,0.0,0,0,无明显情感,未明确对象,未明确方面,中性
,"1=正面,0=中性,-1=负面",模型低置信度,知识区,BV1zrGi6PE9B,2026 高考北京 社科大我来了！,中性,中性,0.5176464648275882,0.0,0.46079682140197253,0.5176464648275882,0.02155671377043915,0,0,7,0.0,0,0,无明显情感,未明确对象,未明确方面,中性
