partition,bvid,text,pred_label,pred_raw_label,model_confidence,prob_positive,prob_neutral,prob_negative,lexicon_score,pos_cnt,neg_cnt,manual_override,manual_label
学习区,BV1uz4y1475S,未来的某个数学140+的大佬给我点了赞,正面,正面,0.5333918185342267,0.5333918185342267,0.2504037951244941,0.21620438634127925,1.0,1,0,False,
学习区,BV1uz4y1475S,此时一个超级学霸给我点了个赞,正面,正面,0.47138420740108555,0.47138420740108555,0.29032826264360506,0.23828752995530936,1.0,1,0,False,
学习区,BV1uz4y1475S,但是不用一定会扣分,正面,中性,0.4436853901532727,0.36138406194456274,0.4436853901532727,0.19493054790216446,1.0,1,0,False,
学习区,BV1uz4y1475S,请问我会了这禁术可以当火影吗[星星眼]​,正面,正面,0.48924349001426437,0.48924349001426437,0.300912978140549,0.2098435318451866,2.0,2,0,False,
学习区,BV1uz4y1475S,《大聪明》,正面,正面,0.6445012038677768,0.6445012038677768,0.2465217501770865,0.10897704595513674,2.0,2,0,False,
学习区,BV1uz4y1475S,超级喜欢小猪老师的讲课风格,正面,正面,0.923310687168581,0.923310687168581,0.051265163529920554,0.025424149301498472,3.0,2,0,False,
学习区,BV1uz4y1475S,《经典奶奶 》,正面,正面,0.7403598732165686,0.7403598732165686,0.17250565252444433,0.08713447425898704,2.0,2,0,False,
学习区,BV1uz4y1475S,奶奶还会唱歌，好厉害，全能奶奶,正面,正面,0.7004550153703226,0.7004550153703226,0.05871383263563229,0.24083115199404498,2.0,2,0,False,
学习区,BV1uz4y1475S,此时高考数学145+的大佬赞了我,正面,中性,0.5283435637485222,0.2888073819776337,0.5283435637485222,0.18284905427384396,1.0,1,0,False,
学习区,BV1uz4y1475S,洛啊！！！,正面,正面,0.5699083924255925,0.5699083924255925,0.42263831515402267,0.007453292420384775,0.0,0,0,False,
学习区,BV1uz4y1475S,前方可爱预警,正面,正面,0.6041122434412601,0.6041122434412601,0.29946457691765666,0.09642317964108323,2.0,2,0,False,
学习区,BV1uz4y1475S,哦，你也会成为数学大咖,正面,正面,0.4394468098024208,0.4394468098024208,0.34845709409791586,0.2120960960996633,1.0,1,0,False,
学习区,BV1uz4y1475S,这节课就是讲洛必达法则，大家不要再刷什么别的方法也能用了,正面,正面,0.44389298669786786,0.44389298669786786,0.1176447132976506,0.43846230000448166,1.0,1,0,False,
学习区,BV1uz4y1475S,我觉得这题也可以看增长速度吧,正面,正面,0.5543266563914028,0.5543266563914028,0.20081449932625867,0.24485884428233848,2.0,2,0,False,
学习区,BV1uz4y1475S,洛神:你可以更改任何不能洛的函数，使他可以洛,正面,正面,0.7033067269905494,0.7033067269905494,0.05084827839214987,0.2458449946173007,3.0,3,0,False,
学习区,BV1uz4y1475S,《大聪明宝贝儿》,正面,正面,0.6041122434412601,0.6041122434412601,0.29946457691765666,0.09642317964108323,2.0,2,0,False,
学习区,BV1uz4y1475S,很喜欢小猪粉丝的一句话：啊？,正面,负面,0.6682263592841786,0.3157606126500575,0.016013028065763858,0.6682263592841786,3.5,3,0,False,
学习区,BV1uz4y1475S,是用X无限趋近于1而求出1/2的，而x又可以等于1，所以右边是闭区间,正面,负面,0.7736632342522802,0.207529146430342,0.0188076193173777,0.7736632342522802,2.0,2,0,False,
学习区,BV1uz4y1475S,大聪明宝贝,正面,正面,0.6041122434412601,0.6041122434412601,0.29946457691765666,0.09642317964108323,2.0,2,0,False,
学习区,BV1uz4y1475S,导的很开心，谢谢up,正面,正面,0.9877275696436305,0.9877275696436305,0.00826685714213714,0.004005573214232308,5.5,5,0,False,
学习区,BV1uz4y1475S,懂了，被禁是因为由扉间研发doge,正面,负面,0.5338944628926202,0.2567942860449417,0.20931125106243795,0.5338944628926202,1.0,1,0,False,
学习区,BV1uz4y1475S,《简单的恒成立问题》,正面,正面,0.6503973016448383,0.6503973016448383,0.3198130569472864,0.029789641407875305,0.0,2,2,False,
学习区,BV1uz4y1475S,《好！》,正面,正面,0.5468710240843638,0.5468710240843638,0.4317614851437942,0.02136749077184201,0.0,0,0,True,1.0
学习区,BV1uz4y1475S,咱奶奶数学挺好啊,正面,负面,0.4878336049585225,0.4079605071873735,0.10420588785410402,0.4878336049585225,1.0,1,0,False,
学习区,BV1uz4y1475S,经典瞪眼法,正面,正面,0.707683318444675,0.707683318444675,0.21369567240938192,0.07862100914594314,2.0,2,0,False,
学习区,BV1uz4y1475S,未来某个数学140+的大佬给我点了个赞！！！,正面,正面,0.8707123499575954,0.8707123499575954,0.1246572304678072,0.004630419574597353,1.0,1,0,False,
学习区,BV1uz4y1475S,哎呦题抄错了，中间应该是减号（老师好可爱啊）,正面,正面,0.7170690471940584,0.7170690471940584,0.10208678922495616,0.1808441635809854,0.0,2,2,False,
学习区,BV1uz4y1475S,导数界的十二金钗！！！！,正面,正面,0.7009401005626368,0.7009401005626368,0.2980478824482605,0.0010120169891027677,0.0,0,0,False,
学习区,BV1uz4y1475S,提醒：二次洛必达时一定要先判断上下是否仍满足0/0或无穷/无穷,正面,正面,0.6004216158457361,0.6004216158457361,0.15377143128762347,0.24580695286664045,2.0,2,0,False,
学习区,BV1uz4y1475S,经典的错误（sinx/x使用洛必达法则为循环论证，因为sinx的导数推导用到该极限）,正面,正面,0.4849071171004772,0.4849071171004772,0.39840330021215653,0.11668958268736629,0.0,2,2,False,
学习区,BV1uz4y1475S,149也挺好,正面,正面,0.7151038400868492,0.7151038400868492,0.1698172842210834,0.1150788756920673,1.0,1,0,False,
学习区,BV1uz4y1475S,不管是谁讲，都是我们的好老师，感谢小猪哥哥和一数哥哥~,正面,正面,0.7761245500399961,0.7761245500399961,0.044738858168539605,0.17913659179146432,2.0,2,0,False,
学习区,BV1uz4y1475S,此时即将被自己crush表白的同学给我点了一个赞,正面,正面,0.5036257912898465,0.5036257912898465,0.21674218436837112,0.2796320243417823,1.0,1,0,False,
学习区,BV1uz4y1475S,致敬传奇数学大师姜萍,正面,正面,0.5843782082576382,0.5843782082576382,0.31265769231124707,0.10296409943111473,2.0,2,0,False,
学习区,BV1uz4y1475S,这个有点过度追求洛必达了，可以参变分离的，后面是一个常数比含参的式子,正面,负面,0.5099625235685465,0.4123173656041423,0.07772011082731124,0.5099625235685465,2.0,2,0,False,
学习区,BV1uz4y1475S,好（咬牙切齿）,正面,正面,0.6187394360165902,0.6187394360165902,0.29337192599674994,0.08788863798665994,0.0,0,0,False,
学习区,BV1uz4y1475S,所以构造一个直角三角形，下面的一边是x，上面一边sinx，令x趋于0，会得到一个直角三角形,正面,负面,0.6690834489140219,0.2772191841276629,0.05369736695831527,0.6690834489140219,1.0,1,0,False,
学习区,BV1uz4y1475S,准出生听懂了！（doge）,正面,正面,0.6580100925424857,0.6580100925424857,0.32283323521280366,0.019156672244710668,2.0,2,0,False,
学习区,BV1uz4y1475S,本质上就是通过导数把曲线函数放大成直线，然后通过斜率求出来函数值的比值,正面,正面,0.9647145330998419,0.9647145330998419,0.006964866771231212,0.028320600128926985,5.0,5,0,False,
学习区,BV1uz4y1475S,不存在那就继续洛！洛不下去那就看错条件继续洛！（即答）,正面,正面,0.559079883171645,0.559079883171645,0.3347245641124654,0.10619555271588962,0.0,0,0,False,
学习区,BV1uz4y1475S,桑椹胚期看懂了,正面,中性,0.4823892544415343,0.43802438989468534,0.4823892544415343,0.07958635566378043,2.0,2,0,False,
学习区,BV1uz4y1475S,洛必达可以算x等于0是函数值为1，就是第一个了,正面,正面,0.4974228146141376,0.4974228146141376,0.14223886115768583,0.36033832422817647,2.0,2,0,False,
学习区,BV1uz4y1475S,此处是因为该函数无线趋近2且永远大于2，所以比它小的a可以取得二分之一,正面,负面,0.638211570085295,0.3326334247377891,0.02915500517691591,0.638211570085295,2.0,2,0,False,
学习区,BV1uz4y1475S,《挺好玩的》,正面,正面,0.8280895108769649,0.8280895108769649,0.049424253229973854,0.12248623589306114,2.0,2,0,False,
学习区,BV1uz4y1475S,洛门永存！！！,正面,正面,0.5229808017969327,0.5229808017969327,0.47373222097142553,0.0032869772316417123,0.0,0,0,False,
学习区,BV1uz4y1475S,未来的某个数学130+的大佬给我点了赞,正面,正面,0.4766730245473553,0.4766730245473553,0.30095456539193377,0.22237241006071093,1.0,1,0,False,
学习区,BV1uz4y1475S,我同学说上下X可以消掉 想笑,正面,正面,0.5699125322349222,0.5699125322349222,0.16966851617260692,0.26041895159247086,2.0,2,0,False,
学习区,BV1uz4y1475S,点赞数学提分,正面,正面,0.5014698007492226,0.5014698007492226,0.2992015724842119,0.1993286267665654,2.0,2,0,False,
学习区,BV1uz4y1475S,教大家一点，零做除数时可以把分数值看做无穷大，省了不少事,正面,负面,0.6293919253133275,0.3218514317731028,0.048756642913569584,0.6293919253133275,2.0,2,0,False,
学习区,BV1uz4y1475S,《关于本来在认真看题目，忍不住笑了这件事》,正面,正面,0.609753771012805,0.609753771012805,0.19755938625619007,0.19268684273100492,2.0,2,0,False,
学习区,BV1uz4y1475S,此时高考数学140+的赞了我,正面,中性,0.49069148623382075,0.3358267865269497,0.49069148623382075,0.1734817272392294,1.0,1,0,False,
学习区,BV1uz4y1475S,桑椹胚懂了,正面,中性,0.5266425840977219,0.28187567323667695,0.5266425840977219,0.19148174266560125,1.0,1,0,False,
学习区,BV1uz4y1475S,洛琪希！洛琪希！洛琪希！,正面,正面,0.5974966970696255,0.5974966970696255,0.3969149691339014,0.005588333796473168,0.0,0,0,False,
学习区,BV1uz4y1475S,姥姥：没爱了.,正面,中性,0.48141838677725773,0.31326619162232056,0.48141838677725773,0.2053154216004218,1.0,1,0,False,
学习区,BV1uz4y1475S,谢～谢～时代峰峻,正面,正面,0.6938887584142057,0.6938887584142057,0.225189701072558,0.08092154051323625,2.0,2,0,False,
学习区,BV1uz4y1475S,刚满月听懂了,正面,正面,0.5025993040656404,0.5025993040656404,0.3546015052259938,0.1427991907083659,2.0,2,0,False,
学习区,BV1uz4y1475S,e的-X次方趋近于0！！！！！！！！！！！！！！！！！！！！！！！！,正面,正面,0.9999813897662696,0.9999813897662696,1.8610233730257005e-05,1.6512469198054498e-16,0.0,0,0,False,
学习区,BV1uz4y1475S,洛不死就往死里洛哈哈哈,正面,正面,0.919190461746014,0.919190461746014,0.06663683382560218,0.014172704428383904,3.0,3,0,False,
学习区,BV1uz4y1475S,可爱捏,正面,正面,0.6445012038677768,0.6445012038677768,0.2465217501770865,0.10897704595513674,2.0,2,0,False,
学习区,BV1uz4y1475S,秒了 谢谢老师太牛啦啦啦,正面,正面,0.8658603711630266,0.8658603711630266,0.09342673874190786,0.04071289009506567,2.0,2,0,False,
学习区,BV1uz4y1475S,谢谢老师,正面,正面,0.8881675863113702,0.8881675863113702,0.08015097491278397,0.03168143877584587,2.0,2,0,False,
学习区,BV1uz4y1475S,26年的高考生，希望6月24成绩出来，能开心,正面,正面,0.759096111695413,0.759096111695413,0.08344208556112359,0.15746180274346344,3.0,3,0,False,
学习区,BV1uz4y1475S,呼，咱俩都辛苦了,正面,负面,0.5012509924524782,0.21537803249695242,0.28337097505056946,0.5012509924524782,1.0,1,0,False,
学习区,BV1uz4y1475S,未来的某位140数学大佬给我点了赞,正面,正面,0.5004828724071738,0.5004828724071738,0.2698916967614724,0.2296254308313538,1.0,1,0,False,
学习区,BV1uz4y1475S,发明天才的人真是个洛比达！,正面,正面,0.4769176102618411,0.4769176102618411,0.4660536367940108,0.05702875294414803,0.0,0,0,False,
学习区,BV1uz4y1475S,江苏不给用！！老师说，这种题分离参数就废了。。。,正面,正面,0.5436702531121177,0.5436702531121177,0.26640777402805843,0.18992197285982385,0.0,0,0,False,
学习区,BV1uz4y1475S,《普林斯顿微积分读本》真好用（本人高一,正面,正面,0.7662685862691289,0.7662685862691289,0.1604118293447902,0.07331958438608098,3.0,3,0,False,
学习区,BV1uz4y1475S,四年级听懂了,正面,正面,0.5418894500908722,0.5418894500908722,0.295007513368798,0.16310303654032976,2.0,2,0,False,
学习区,BV1uz4y1475S,我们老师说不扣分尽管用,正面,正面,0.4899027652664075,0.4899027652664075,0.29850561848657925,0.21159161624701323,1.0,1,0,False,
学习区,BV1uz4y1475S,给我，洛！！！,正面,正面,0.6328328824672705,0.6328328824672705,0.36046449016894916,0.006702627363780202,0.0,0,0,False,
学习区,BV1uz4y1475S,谢谢老师！,正面,正面,0.914284474210804,0.914284474210804,0.08056411679222444,0.005151408996971462,2.0,2,0,False,
学习区,BV1uz4y1475S,洛神第2技：当你看不懂Linux的时候，你可以假装看不见，继续洛,正面,正面,0.43882754460885653,0.43882754460885653,0.3773391651099262,0.1838332902812172,0.0,2,2,False,
学习区,BV1uz4y1475S,以我的理解洛必达本质上就是比较上下两个函数的增长率的（高中学渣轻喷）,正面,正面,0.6411449753296385,0.6411449753296385,0.06474632895380401,0.29410869571655734,2.0,2,0,False,
学习区,BV1uz4y1475S,神奇姥姥：好听吗？,正面,负面,0.4278256350682684,0.3736147080911975,0.19855965684053406,0.4278256350682684,2.0,2,0,False,
学习区,BV1uz4y1475S,加油,正面,正面,0.939017551669652,0.939017551669652,0.02136661785750335,0.03961583047284467,2.0,2,0,True,1.0
学习区,BV1uz4y1475S,我不行了，哪个天才说的《王安石变法》，笑死我了哈哈哈哈哈哈哈,正面,正面,0.9308623282511813,0.9308623282511813,0.04575530327904535,0.02338236846977333,2.0,4,2,False,
学习区,BV1uz4y1475S,这个老师真的好可爱,正面,正面,0.9317946347724999,0.9317946347724999,0.061260705604492864,0.006944659623007222,3.0,3,0,False,
学习区,BV1uz4y1475S,天下苦此题久矣！！！！！！,正面,正面,0.8564720282384363,0.8564720282384363,0.14345252163998864,7.545012157512901e-05,0.0,0,0,False,
学习区,BV1uz4y1475S,′◣◥◣◥DRANGR◣◥◣◥高能预警◣◥◣◥DRANGR◣◥◣◥◣◥◣◥DRANGR◣◥◣◥高能预警◣◥◣◥DRANGR◣◥◣◥◣◥◣◥DRANGR◣◥◣◥高能预警◣◥◣◥DRANGR◣◥◣◥′◣◥,正面,正面,0.8956413755864941,0.8956413755864941,0.07117758625263954,0.03318103816086632,4.0,4,0,False,
学习区,BV1uz4y1475S,可以咯！！！,正面,正面,0.8822492678294508,0.8822492678294508,0.11645399896590392,0.001296733204645369,2.0,2,0,False,
学习区,BV1uz4y1475S,西安高级中学,正面,中性,0.39636755404582275,0.24145284960440228,0.39636755404582275,0.36217959634977487,1.0,1,0,False,
学习区,BV1uz4y1475S,太好了没学过求导的高一牲果断放收藏夹并退出视频,正面,正面,0.951614196415584,0.951614196415584,0.034615719719612574,0.013770083864803488,4.0,4,0,False,
学习区,BV1uz4y1475S,gx取不到1/2，所以gx大于1/2，所以a可以等于1/2,正面,负面,0.5363465571126974,0.38424246019722175,0.07941098269008086,0.5363465571126974,2.0,2,0,False,
学习区,BV1uz4y1475S,其实也可以用端点效应这题,正面,正面,0.48919525744035425,0.48919525744035425,0.1412341569447661,0.36957058561487965,2.0,2,0,False,
学习区,BV1uz4y1475S,怎么会有极限这不存在的情况,正面,中性,0.5055400635436925,0.37910724426322184,0.5055400635436925,0.11535269219308568,1.0,1,0,False,
学习区,BV1uz4y1475S,囊胚期的我听懂了,正面,正面,0.5586128322188297,0.5586128322188297,0.3195271485169665,0.12186001926420378,2.0,2,0,False,
学习区,BV1uz4y1475S,洛！都可以洛！！！,正面,正面,0.9224052739758414,0.9224052739758414,0.07717634715342052,0.000418378870738053,2.0,2,0,False,
学习区,BV1uz4y1475S,友情提示：家长或兄弟在旁边听课的同学4秒后建议将音量调小一小会（doge）,正面,负面,0.6178980304905707,0.311068317379981,0.07103365212944851,0.6178980304905707,1.0,1,0,False,
学习区,BV1uz4y1475S,666，直接洛穿了,正面,正面,0.731944987872047,0.731944987872047,0.1577532114707286,0.11030180065722439,2.0,2,0,False,
学习区,BV1uz4y1475S,高考洛爽了怎么办,正面,中性,0.8166145205897912,0.14309506747442072,0.8166145205897912,0.04029041193578807,0.0,0,0,False,
学习区,BV1uz4y1475S,666，这小猪又开始装唐阴我,正面,正面,0.5692632750453598,0.5692632750453598,0.23792969153358876,0.1928070334210515,2.0,2,0,False,
学习区,BV1uz4y1475S,高能预警,正面,正面,0.6445012038677768,0.6445012038677768,0.2465217501770865,0.10897704595513674,2.0,2,0,False,
学习区,BV1uz4y1475S,好神圣的音乐,正面,正面,0.6225493643681054,0.6225493643681054,0.26693295108310655,0.11051768454878812,0.0,0,0,False,
学习区,BV1uz4y1475S,直接去搜双曲正弦函数就好了,正面,正面,0.4666325207049587,0.4666325207049587,0.25949479517650165,0.2738726841185396,0.0,0,0,False,
学习区,BV1uz4y1475S,《坐椅待币》小猪明示投币,正面,正面,0.5843782082576382,0.5843782082576382,0.31265769231124707,0.10296409943111473,2.0,2,0,False,
学习区,BV1uz4y1475S,桑葚胚看懂了,正面,正面,0.4716266067210992,0.4716266067210992,0.43125481990149317,0.09711857337740758,2.0,2,0,False,
学习区,BV1uz4y1475S,好玩在哪,正面,正面,0.565094732481391,0.565094732481391,0.3215122443065138,0.11339302321209521,2.0,2,0,False,
学习区,BV1uz4y1475S,666,正面,正面,0.8647148103537196,0.8647148103537196,0.05514509043172817,0.08014009921455234,2.0,2,0,False,
学习区,BV1uz4y1475S,高斯函数可以求导嘛,正面,正面,0.49640756178649936,0.49640756178649936,0.24208229207417384,0.2615101461393267,2.0,2,0,False,
学习区,BV1uz4y1475S,《洛神赋》！！！！！！！！！,正面,正面,0.9491377980535317,0.9491377980535317,0.050861573664372675,6.282820954907413e-07,0.0,0,0,False,
学习区,BV1uz4y1475S,那就可以咯！！！！！！！！！！！！！！！,正面,正面,0.9995058208592954,0.9995058208592954,0.0004941791258830171,1.4821510101402665e-11,2.0,2,0,False,
学习区,BV1uz4y1475S,接着洛，洛到出题人他家里去！,正面,正面,0.4171904233985454,0.4171904233985454,0.39936125173264925,0.18344832486880533,0.0,0,0,False,
学习区,BV1uz4y1475S,注意右下角！！！！！！！！！！！！！,正面,正面,0.9932519632864208,0.9932519632864208,0.006748034950695537,1.7628835612528235e-09,0.0,0,0,False,
学习区,BV1uz4y1475S,前方高能！！！！！,正面,正面,0.940192865256831,0.940192865256831,0.059767800384484954,3.933435868417184e-05,2.0,2,0,False,
学习区,BV1uz4y1475S,高考可以直接用吗？,正面,负面,0.6765789485686112,0.2224732788827774,0.10094777254861141,0.6765789485686112,2.0,2,0,False,
学习区,BV1uz4y1475S,其实你取100的话指数函数的爆炸型增长肯定是趋近于正无穷的,正面,正面,0.6619369320758197,0.6619369320758197,0.19195906017891898,0.14610400774526128,2.0,2,0,False,
学习区,BV1uz4y1475S,恭喜获得技能:[等效]！！！,正面,正面,0.8793328770749048,0.8793328770749048,0.1197246730235722,0.0009424499015229172,2.0,2,0,False,
学习区,BV1uz4y1475S,脑白金，年轻态健康品。,正面,正面,0.5992562055267834,0.5992562055267834,0.22660878995722597,0.17413500451599065,2.0,2,0,False,
学习区,BV1uz4y1475S,帕斯卡：你说得对↓,正面,正面,0.6821182481145053,0.6821182481145053,0.2608140194054161,0.05706773248007865,2.0,2,0,False,
学习区,BV1uz4y1475S,一年级听懂了,正面,正面,0.5418894500908722,0.5418894500908722,0.295007513368798,0.16310303654032976,2.0,2,0,False,
学习区,BV1uz4y1475S,我目前为止见到X的分母，出现这种分数形式，他就会有渐进线。,正面,负面,0.5709857865848722,0.3282299142429569,0.10078429917217084,0.5709857865848722,1.0,1,0,False,
学习区,BV1uz4y1475S,继续洛！！！洛他就完了！！！！,正面,正面,0.8791658695166515,0.8791658695166515,0.1208169493055475,1.7181177801084257e-05,-1.0,0,1,False,
学习区,BV1uz4y1475S,其实我觉得我高三就是听早了，脑子反应不过来，现在大一听懂了,正面,负面,0.600464790926712,0.327422174926848,0.07211303414643999,0.600464790926712,2.0,2,0,False,
学习区,BV1uz4y1475S,666核弹打蚊子,正面,正面,0.7686990117017951,0.7686990117017951,0.18545386207646933,0.045847126221735604,2.0,2,0,False,
学习区,BV1uz4y1475S,咩的小曲给我听爽了,正面,正面,0.46378371449293904,0.46378371449293904,0.2794915646679005,0.2567247208391604,1.0,1,0,False,
学习区,BV1uz4y1475S,这题可以用奇函数乘偶等于奇，然后带一求正负,正面,负面,0.5780160578518468,0.361813918093608,0.06017002405454519,0.5780160578518468,2.0,2,0,False,
学习区,BV1uz4y1475S,我真服了，国庆前的考试就出了这道题,正面,负面,0.5294272078110956,0.3269120829105837,0.14366070927832064,0.5294272078110956,1.0,1,0,False,
学习区,BV1uz4y1475S,兄弟们，指数增长是最快的，其实可以直接看出来选B,正面,负面,0.5029022602740142,0.45932273950285374,0.03777500022313204,0.5029022602740142,2.0,2,0,False,
学习区,BV1uz4y1475S,我就是那个大聪明,正面,正面,0.6203462791949446,0.6203462791949446,0.3041521439465741,0.07550157685848127,2.0,2,0,False,
学习区,BV1uz4y1475S,其实可以看两个函数斜率，X=0是斜率相等，且值等于零,正面,负面,0.5050059108947612,0.3896936264858586,0.10530046261938024,0.5050059108947612,2.0,2,0,False,
学习区,BV1uz4y1475S,能常过去是因为正负性不变,正面,正面,0.5854130893800416,0.5854130893800416,0.3022759681267152,0.11231094249324326,2.0,2,0,False,
学习区,BV1uz4y1475S,洛不爽就洛爽去！！！！！！！！！！,正面,正面,0.9465915814155663,0.9465915814155663,0.05340821604333854,2.0254109519900638e-07,-2.0,0,2,False,
学习区,BV1uz4y1475S,冒险家随身携带洛必达法则，在高考时可以缩小洛必达法则，由于冒险家爱惜书本，在使用洛必达法则时不产生消耗,正面,负面,0.666922868531867,0.32832088102802737,0.004756250440105634,0.666922868531867,4.0,4,0,False,
学习区,BV1uz4y1475S,前方高能预警,正面,正面,0.6041122434412601,0.6041122434412601,0.29946457691765666,0.09642317964108323,2.0,2,0,False,
学习区,BV1uz4y1475S,同学们，注意中间是减号！！！！！！！！！,正面,正面,0.9713334820790669,0.9713334820790669,0.028665122418805814,1.3955021273520957e-06,0.0,0,0,False,
学习区,BV1uz4y1475S,[ohh],正面,中性,0.7402517843073261,0.14731076767652504,0.7402517843073261,0.11243744801614877,0.0,0,0,False,
学习区,BV1uz4y1475S,其实也可以不用洛必达，本来指数增长速率就比幂函数快,正面,负面,0.5608401222834128,0.38497251693835755,0.05418736077822961,0.5608401222834128,2.0,2,0,False,
学习区,BV1uz4y1475S,[ohhh],正面,中性,0.7402517843073261,0.14731076767652504,0.7402517843073261,0.11243744801614877,0.0,0,0,False,
学习区,BV1uz4y1475S,哇奶奶还会求导还是太全面了,正面,正面,0.6655726208134031,0.6655726208134031,0.1893220068211599,0.14510537236543705,2.8,2,0,False,
学习区,BV1uz4y1475S,忐忑哦……666,正面,正面,0.7792111952336243,0.7792111952336243,0.17643223445166276,0.044356570314713,2.0,2,0,False,
学习区,BV1uz4y1475S,什么是大便？是餐便分离的一遍又一遍,正面,负面,0.7718994196425376,0.07194072202221395,0.15615985833524848,0.7718994196425376,1.0,1,0,False,
学习区,BV1uz4y1475S,准高一表示轻松拿捏,正面,正面,0.5843782082576382,0.5843782082576382,0.31265769231124707,0.10296409943111473,2.0,2,0,False,
学习区,BV1uz4y1475S,很好奇为什么我一数的课无论什么时候都会有人看,正面,正面,0.4755047138902833,0.4755047138902833,0.29034664844584684,0.23414863766386984,2.0,2,0,False,
学习区,BV1uz4y1475S,代露娃！！！陈星旭！！！,正面,正面,0.8423272337721093,0.8423272337721093,0.15760798605613854,6.478017175207068e-05,0.0,0,0,False,
学习区,BV1uz4y1475S,当分子，分母同时趋近于无穷或0时就可以直接用,正面,负面,0.6228566915360906,0.31120351532568785,0.06593979313822157,0.6228566915360906,2.0,2,0,False,
学习区,BV1uz4y1475S,小二，上酒！！！！,正面,正面,0.7070995093647103,0.7070995093647103,0.29122731778585026,0.0016731728494393506,0.0,0,0,False,
学习区,BV1uz4y1475S,[前方高能] [前方高能] [前方高能] [前方高能] [前方高能] [前方高能] [前方高能] [前方高能] [前方高能] [前方高能],正面,正面,0.9997379813062706,0.9997379813062706,0.00019288938514750426,6.912930858187873e-05,11.0,11,0,False,
学习区,BV1uz4y1475S,这题用端点效应更简单,正面,正面,0.7679723928424412,0.7679723928424412,0.14476682799785004,0.08726077915970878,2.0,2,0,False,
学习区,BV1uz4y1475S,洛门......开！！！！！！！,正面,正面,0.8951630156837458,0.8951630156837458,0.10482235733664011,1.4626979614135789e-05,0.0,0,0,False,
学习区,BV1uz4y1475S,6,正面,正面,0.5301025615233377,0.5301025615233377,0.31710556176321003,0.15279187671345218,1.0,1,0,True,1.0
学习区,BV1uz4y1475S,接着洛!!!!!!,正面,正面,0.8066057164476645,0.8066057164476645,0.19331412344299326,8.016010934229138e-05,0.0,0,0,False,
学习区,BV1uz4y1475S,初二表示简单,正面,正面,0.8313238200347528,0.8313238200347528,0.11443952262734185,0.054236657337905385,2.0,2,0,False,
学习区,BV1uz4y1475S,有谁是从小猪老师另一个导数弹幕跑过来的,正面,正面,0.4231779978911823,0.4231779978911823,0.31553567065453114,0.2612863314542866,0.0,0,0,False,
学习区,BV1uz4y1475S,高中的函数一般都可以落。做到极限，一落不行就二落，二落不行就三落。总之一句话:洛神无敌。,正面,正面,0.809253576441483,0.809253576441483,0.10089337758730373,0.08985304597121331,1.0,4,3,False,
学习区,BV1uz4y1475S,可以取极限x等于0,正面,正面,0.48796531358684947,0.48796531358684947,0.16990151785554625,0.34213316855760423,2.0,2,0,False,
学习区,BV1uz4y1475S,牛逼,正面,负面,0.6272198977224503,0.29555173388991773,0.07722836838763202,0.6272198977224503,1.0,1,0,True,1.0
学习区,BV1uz4y1475S,距离2025高考还有1天！！！上岸！！,正面,正面,0.8793338130941817,0.8793338130941817,0.12023467870578348,0.0004315082000347702,0.0,0,0,False,
学习区,BV1uz4y1475S,高考加油,正面,正面,0.9178606832943195,0.9178606832943195,0.0565601707303341,0.025579145975346385,2.0,2,0,False,
学习区,BV1uz4y1475S,温馨提示：本视频全程高能,正面,正面,0.9160836951425763,0.9160836951425763,0.07088843886375455,0.01302786599366924,4.0,4,0,False,
学习区,BV1uz4y1475S,NB,正面,中性,0.7402517843073261,0.14731076767652504,0.7402517843073261,0.11243744801614877,0.0,0,0,False,
学习区,BV1uz4y1475S,哈哈哈哈哈哈哈哈哈哈哈哈哈哈,正面,正面,0.9790947899238349,0.9790947899238349,0.01584245350822357,0.005062756567941469,4.0,4,0,False,
学习区,BV1uz4y1475S,高级函数比中级函数,正面,正面,0.41388484653905605,0.41388484653905605,0.27622793914938965,0.3098872143115543,2.0,2,0,False,
学习区,BV1uz4y1475S,Nb,正面,中性,0.7402517843073261,0.14731076767652504,0.7402517843073261,0.11243744801614877,0.0,0,0,False,
学习区,BV1uz4y1475S,nb,正面,正面,0.7157092860671629,0.7157092860671629,0.10108722849736652,0.1832034854354706,2.0,2,0,False,
学习区,BV1uz4y1475S,谢谢小猪老师,正面,正面,0.8690934976131695,0.8690934976131695,0.1016428189522497,0.02926368343458081,2.0,2,0,False,
学习区,BV1uz4y1475S,这玩意好好用喵,正面,中性,0.42520037264848337,0.4126875648322205,0.42520037264848337,0.1621120625192961,1.0,1,0,False,
学习区,BV1uz4y1475S,这个太经典了,正面,正面,0.739592035199479,0.739592035199479,0.21366717026524348,0.04674079453527757,2.8,2,0,False,
学习区,BV1uz4y1475S,笑死，我们数学老师上课动不动就这么来,正面,正面,0.4054622564703856,0.4054622564703856,0.22723764667065363,0.3673000968589608,1.0,1,0,False,
学习区,BV1uz4y1475S,谢谢小猪，导出来了,正面,正面,0.4823274928452548,0.4823274928452548,0.3743974564278743,0.14327505072687094,2.0,2,0,False,
学习区,BV1uz4y1475S,懂了,正面,中性,0.497402192661404,0.320071899790762,0.497402192661404,0.18252590754783382,1.0,1,0,False,
学习区,BV1uz4y1475S,洛！！！！！！！！！！！！！！,正面,正面,0.995374259191955,0.995374259191955,0.004625740462480594,3.4556449982765716e-10,0.0,0,0,False,
学习区,BV1uz4y1475S,不管了，直接洛！！！！！！！,正面,正面,0.9211842581454217,0.9211842581454217,0.07878680940977083,2.8932444807336394e-05,0.0,0,0,False,
学习区,BV1uz4y1475S,才在肚子里面听我妈听课，懂了,正面,负面,0.45604453262328426,0.20846628518873017,0.3354891821879856,0.45604453262328426,1.0,1,0,False,
学习区,BV1uz4y1475S,刚刚发育成胚胎听懂了,正面,正面,0.481896727477886,0.481896727477886,0.36696103680879555,0.15114223571331842,2.0,2,0,False,
学习区,BV1uz4y1475S,牛,正面,中性,0.4929747042919434,0.34589679435332854,0.4929747042919434,0.16112850135472798,0.0,0,0,False,
学习区,BV1uz4y1475S,NB个拉4,正面,中性,0.5717636830200716,0.1711662944027524,0.5717636830200716,0.2570700225771758,0.0,0,0,False,
学习区,BV1uz4y1475S,学校竞赛初赛满分160考了144,正面,正面,0.4797528193872791,0.4797528193872791,0.3789651342426863,0.14128204637003466,2.0,2,0,False,
学习区,BV1uz4y1475S,可以端点效应吗？,正面,负面,0.6494097782391027,0.2406268483782877,0.1099633733826097,0.6494097782391027,2.0,2,0,False,
学习区,BV1uz4y1475S,（╯* - *)╯（┻━┻（把楼主家的桌子掀了）┬—┬ ノ( * - *ノ) （摆好摆好）(╯°O°)╯（┻━┻（再掀一次)┬—┬ ノ( * - *ノ) （摆好摆好）(,正面,正面,0.9717416495885496,0.9717416495885496,0.018373909391188475,0.009884441020261977,5.0,5,0,False,
学习区,BV1uz4y1475S,ಠ_ಠ我有一个特异功能！！ಠ_ರೃ取下眼睛~ಠ_ಠ再装上去~ರೃ_ಠ再取下另一只~ಠ_ಠ再装上去~ರೃ_ರೃ都取下来~ರೃ∀ರೃ装不上去了！！！,正面,正面,0.8821570421590783,0.8821570421590783,0.11466155595196711,0.003181401888954541,-1.0,0,1,False,
学习区,BV1uz4y1475S,你看我有一个特异功能( ・ิω・ิ)，就是我可以把我的眉毛摘下来，( ・ิω・)ノิิ摘下，( ・ิω・ิ)安上， ( ・ω・ิ)ノิิ又摘下，( ・ิω・ิ)再安上，(・ ω・)ノิิ2边都摘下，╰,正面,负面,0.7553794505901726,0.23477273041252844,0.009847818997298934,0.7553794505901726,2.0,2,0,False,
学习区,BV1uz4y1475S,洛！！！！！！！！！,正面,正面,0.9491377980535317,0.9491377980535317,0.050861573664372675,6.282820954907413e-07,0.0,0,0,False,
学习区,BV1uz4y1475S,囊胚看懂了,正面,中性,0.46488435988593163,0.4550121823561241,0.46488435988593163,0.0801034577579443,2.0,2,0,False,
学习区,BV1uz4y1475S,可以用端点效应这题,正面,正面,0.4953152556092261,0.4953152556092261,0.19664931990038065,0.30803542449039323,2.0,2,0,False,
学习区,BV1uz4y1475S,这时候我会就代特殊值了哈哈,正面,正面,0.7172879582618624,0.7172879582618624,0.23723727958467947,0.0454747621534581,3.0,3,0,False,
学习区,BV1uz4y1475S,一开始就可以洛，不用求到直接洛也可以,正面,正面,0.6401056943844573,0.6401056943844573,0.06009452265502729,0.2997997829605153,3.0,3,0,False,
学习区,BV1uz4y1475S,也可以上下同除x然后求极限,正面,正面,0.5170796571675537,0.5170796571675537,0.1442873526599384,0.3386329901725079,2.0,2,0,False,
学习区,BV1uz4y1475S,好像会了2333333,正面,中性,0.6555648685525002,0.2753411098132364,0.6555648685525002,0.06909402163426334,1.0,1,0,False,
学习区,BV1uz4y1475S,已经写晕了,正面,正面,0.6171720345342794,0.6171720345342794,0.259456149818157,0.12337181564756353,0.0,0,0,False,
学习区,BV1uz4y1475S,我舒服了,正面,正面,0.8841345196254612,0.8841345196254612,0.002927815566312114,0.11293766480822671,4.0,4,0,False,
学习区,BV1uz4y1475S,两个爆炸式增长的指数函数比上一个二次式在正无穷肯定是趋近于正无穷的,正面,正面,0.7065752820875756,0.7065752820875756,0.08840836084305176,0.20501635706937268,2.0,2,0,False,
学习区,BV1uz4y1475S,为什么要洛必达，他分子是指数远远肯定大于分母啊,正面,正面,0.3889634752716681,0.3889634752716681,0.24200624624944866,0.36903027847888326,2.0,2,0,False,
学习区,BV1uz4y1475S,哈哈哈,正面,正面,0.95857671201009,0.95857671201009,0.006425812009626163,0.034997475980283854,3.0,3,0,False,
学习区,BV1uz4y1475S,如果大题步骤多且比较难且时间不是很多，是可以直接用的，但是如果比较简单的题还是不推荐，容易扣分,正面,正面,0.5101228719941242,0.5101228719941242,0.073070763171593,0.4168063648342828,1.0,4,3,False,
学习区,BV1uz4y1475S,端点效应666,正面,正面,0.7802682774803824,0.7802682774803824,0.17464095162686888,0.0450907708927486,2.0,2,0,False,
学习区,BV1uz4y1475S,2026年高考还有38天，加油!,正面,正面,0.7795541139716367,0.7795541139716367,0.18514739203950895,0.03529849398885425,2.0,2,0,False,
学习区,BV1uz4y1475S,只有比值可以用吗？,正面,负面,0.6765789485686112,0.2224732788827774,0.10094777254861141,0.6765789485686112,2.0,2,0,False,
学习区,BV1uz4y1475S,大家太皮了哈哈,正面,中性,0.5107992874090338,0.43644290481618986,0.5107992874090338,0.05275780777477621,2.0,2,0,False,
学习区,BV1uz4y1475S,简单,正面,正面,0.8742384789124512,0.8742384789124512,0.03429000496041978,0.09147151612712896,2.0,2,0,False,
学习区,BV1uz4y1475S,选择题为啥不直接带特殊值比如1和-1呢，这个方法在求取值范围的选择题特别好用,正面,负面,0.4841312847223817,0.4760553255912845,0.03981338968633389,0.4841312847223817,3.8,3,0,False,
学习区,BV1uz4y1475S,这题可以端点吗,正面,正面,0.4670101383816966,0.4670101383816966,0.32482111351425136,0.2081687481040521,2.0,2,0,False,
学习区,BV1uz4y1475S,精彩,正面,正面,0.7157092860671629,0.7157092860671629,0.10108722849736652,0.1832034854354706,2.0,2,0,False,
学习区,BV1uz4y1475S,做题第一步，洛！！！！！！！！！！！！！！！,正面,正面,0.9980206351528725,0.9980206351528725,0.0019793647006401366,1.464874061308195e-10,0.0,0,0,False,
学习区,BV1uz4y1475S,洛必达：一直洛就可以达到答案,正面,正面,0.5167403885529805,0.5167403885529805,0.2053488182413932,0.27791079320562617,2.0,2,0,False,
学习区,BV1uz4y1475S,期中加油 前十稳住,正面,正面,0.8982858965442243,0.8982858965442243,0.0773254145982758,0.024388688857499907,2.0,2,0,False,
学习区,BV1uz4y1475S,哇塞，他叫我大聪明宝贝耶,正面,正面,0.5459062843880857,0.5459062843880857,0.19629145827227004,0.2578022573396442,2.0,2,0,False,
学习区,BV1uz4y1475S,收藏。,正面,正面,0.46809107675338957,0.46809107675338957,0.4598754466430063,0.07203347660360411,2.0,2,0,False,
学习区,BV1uz4y1475S,我还以为会有什么反转，一个超级无敌牛壁的思路出来，没想到居然还是老老实实哈,正面,正面,0.8593824358832708,0.8593824358832708,0.038466793471677994,0.10215077064505122,4.0,3,0,False,
学习区,BV1uz4y1475S,小笨蛋和大聪明哪个更聪明一点？,正面,负面,0.5876287587488077,0.33532794850935416,0.07704329274183808,0.5876287587488077,3.0,3,0,False,
学习区,BV1uz4y1475S,这个可以直接用收益算的，当前面3x或者2x足够大时，后面加的常数收益就小，对数值的影响就小，所以最后会趋近于2/3,正面,负面,0.8090297031134067,0.1879105190517607,0.0030597778348326592,0.8090297031134067,3.0,3,0,False,
学习区,BV1uz4y1475S,高二说听不懂的说明还在高二上学期，下学期一两个月后正常来说可以听懂,正面,正面,0.44444344307071154,0.44444344307071154,0.19554424641836254,0.3600123105109259,0.0,2,2,False,
学习区,BV1uz4y1475S,我懂了，它这个给的是上面一个求导下面一个求导，一开始还以为是那个X平方分之那个的前加后,正面,负面,0.7188667501218357,0.23575602213509447,0.04537722774306982,0.7188667501218357,1.0,1,0,False,
学习区,BV1uz4y1475S,谢谢小猪,正面,正面,0.7278231204253114,0.7278231204253114,0.18225867530828588,0.08991820426640272,2.0,2,0,False,
学习区,BV1uz4y1475S,可以用切线放缩吗这里？,正面,负面,0.7052494474644494,0.12142170372831783,0.17332884880723276,0.7052494474644494,2.0,2,0,False,
学习区,BV1uz4y1475S,二分之一为什么用闭区间，有回复了踢我谢谢,正面,中性,0.46092904167641946,0.31949237168545813,0.46092904167641946,0.21957858663812252,2.0,2,0,False,
学习区,BV1uz4y1475S,[ohhhhhhhhhhhh],正面,中性,0.7402517843073261,0.14731076767652504,0.7402517843073261,0.11243744801614877,0.0,0,0,False,
学习区,BV1uz4y1475S,写成1/2≥a算错吗，有知道的点赞讨论一下,正面,正面,0.39791881400469403,0.39791881400469403,0.34171566502979617,0.26036552096550974,2.0,2,0,False,
学习区,BV1uz4y1475S,强大的奶奶,正面,正面,0.7940658437680403,0.7940658437680403,0.12834862482077997,0.0775855314111796,2.0,2,0,False,
学习区,BV1uz4y1475S,太厉害了，小猪老师，好爱你噢。嘻嘻嘻嘻嘻,正面,正面,0.985815462987837,0.985815462987837,0.005368405786686881,0.008816131225476186,4.8,4,0,False,
学习区,BV1uz4y1475S,胚胎看懂了,正面,中性,0.46488435988593163,0.4550121823561241,0.46488435988593163,0.0801034577579443,2.0,2,0,False,
学习区,BV1uz4y1475S,段嘉许看懂了,正面,中性,0.4823892544415343,0.43802438989468534,0.4823892544415343,0.07958635566378043,2.0,2,0,False,
学习区,BV1uz4y1475S,好！我也终于求对了,正面,正面,0.5357965486613226,0.5357965486613226,0.38898387236262677,0.07521957897605057,0.0,0,0,False,
学习区,BV1uz4y1475S,厉害,正面,正面,0.7157092860671629,0.7157092860671629,0.10108722849736652,0.1832034854354706,2.0,2,0,False,
学习区,BV1uz4y1475S,我终于看完了，我真的好累，我从省重点因为人际关系转去私立，从物化地转物化生，现在高二，我每天都好累，我真的想上好大学啊     加油,正面,正面,0.5854600564487895,0.5854600564487895,0.023681291976836962,0.39085865157437355,0.0,3,3,False,
学习区,BV1uz4y1475S,端点效应太简单了,正面,正面,0.8820019653763638,0.8820019653763638,0.08882794236525651,0.029170092258379694,2.8,2,0,False,
学习区,BV1uz4y1475S,e的负x次方曲线与零不是正无穷！！！！！！！！！！！！！！,正面,正面,0.998130369073473,0.998130369073473,0.0018696297678472416,1.158679662450394e-09,0.0,0,0,False,
学习区,BV1uz4y1475S,好命苦,正面,正面,0.6187394360165902,0.6187394360165902,0.29337192599674994,0.08788863798665994,0.0,0,0,False,
学习区,BV1uz4y1475S,正无穷与负无穷的比值可以用这个方法吗？,正面,负面,0.7958384630142598,0.13308627644811333,0.07107526053762703,0.7958384630142598,2.0,2,0,False,
学习区,BV1uz4y1475S,洛！！！！！,正面,正面,0.7249320627454675,0.7249320627454675,0.2748672452468075,0.00020069200772506094,0.0,0,0,False,
学习区,BV1uz4y1475S,学校大练刚考完，第6题,正面,正面,0.3553073990634412,0.3553073990634412,0.33640672206083805,0.3082858788757208,1.0,1,0,False,
学习区,BV1uz4y1475S,前方高能！,正面,正面,0.7379869753727013,0.7379869753727013,0.2476525121006989,0.014360512526599816,2.0,2,0,False,
学习区,BV1uz4y1475S,《有趣》,正面,正面,0.8041161301601912,0.8041161301601912,0.06032378769659106,0.13556008214321763,2.0,2,0,False,
学习区,BV1uz4y1475S,终于懂了～,正面,中性,0.44521767248520305,0.4336284403811048,0.44521767248520305,0.12115388713369211,1.0,1,0,False,
学习区,BV1uz4y1475S,扣两分哈哈哈哈,正面,正面,0.8687288432846384,0.8687288432846384,0.10179107900566618,0.029480077709695404,2.0,2,0,False,
学习区,BV1uz4y1475S,绝了,正面,正面,0.37728377105345107,0.37728377105345107,0.3452110178865404,0.2775052110600086,1.0,1,0,False,
学习区,BV1uz4y1475S,洛！！！！！！！！！！！！！,正面,正面,0.9924789108240079,0.9924789108240079,0.007521087614953027,1.5610392517807391e-09,0.0,0,0,False,
学习区,BV1uz4y1475S,马爹奥,正面,中性,0.48721151603355645,0.3711504914886525,0.48721151603355645,0.14163799247779094,1.0,1,0,False,
学习区,BV1uz4y1475S,爽飞了,正面,中性,0.7062408888436288,0.12940279824792497,0.7062408888436288,0.1643563129084462,0.0,0,0,False,
学习区,BV1uz4y1475S,草履虫看懂了,正面,中性,0.46488435988593163,0.4550121823561241,0.46488435988593163,0.0801034577579443,2.0,2,0,False,
学习区,BV1uz4y1475S,放缩可以把sinx放成x,正面,正面,0.6683313995193269,0.6683313995193269,0.1916034762428015,0.1400651242378716,2.0,2,0,False,
学习区,BV1uz4y1475S,哈哈哈哈哈哈,正面,正面,0.983922056081796,0.983922056081796,0.007952568890817958,0.008125375027386082,4.0,4,0,True,1.0
学习区,BV1uz4y1475S,你用奇函数的定义f负x等于负的fx就可以看出ex-e的负x是不是奇函数,正面,负面,0.5923260544146864,0.3660238443988394,0.04165010118647406,0.5923260544146864,2.0,2,0,False,
学习区,BV1uz4y1475S,有趣的小问题,正面,正面,0.5845175242803363,0.5845175242803363,0.3739278419575468,0.041554633762116926,0.0,2,2,False,
学习区,BV1uz4y1475S,如果大胆的话，g(x)的单调性可以直接取两个点来粗证,正面,正面,0.4824839189577641,0.4824839189577641,0.060064527975670995,0.4574515530665648,2.0,2,0,False,
学习区,BV1uz4y1475S,精细胞听懂了,正面,正面,0.5025993040656404,0.5025993040656404,0.3546015052259938,0.1427991907083659,2.0,2,0,False,
学习区,BV1uz4y1475S,哈哈哈哈哈哈哈哈哈,正面,正面,0.991756517617193,0.991756517617193,0.005495598160024466,0.002747884222782538,5.0,5,0,False,
学习区,BV1uz4y1475S,高一可以学吗？,正面,负面,0.4731763353745394,0.43500601369732295,0.0918176509281376,0.4731763353745394,3.0,3,0,False,
学习区,BV1uz4y1475S,洛天依法则！！！,正面,正面,0.5496966695634783,0.5496966695634783,0.4464047570420046,0.0038985733945171124,0.0,0,0,False,
学习区,BV1uz4y1475S,这道题可以这样看，你x特别大的时候5和3可以当做不存在了，自然结果就是3/2,正面,正面,0.629062906187224,0.629062906187224,0.024783326510078495,0.3461537673026975,3.0,3,0,False,
学习区,BV1uz4y1475S,谁懂在图书馆带耳机2倍数的诡异感,正面,正面,0.4056767079041331,0.4056767079041331,0.28722160888792825,0.3071016832079387,1.0,1,0,False,
学习区,BV1uz4y1475S,端点效应，半分参，全分参，构造和洛必达应该都能用,正面,负面,0.7668490324984725,0.15653414825298106,0.07661681924854655,0.7668490324984725,1.0,1,0,False,
学习区,BV1uz4y1475S,朱如意我喜欢你,正面,正面,0.6472529322704997,0.6472529322704997,0.18700866494859744,0.16573840278090277,2.0,2,0,False,
学习区,BV1uz4y1475S,完结撒花，谢谢老师,正面,正面,0.8456707252760223,0.8456707252760223,0.09453738503411045,0.05979188968986728,2.0,2,0,False,
学习区,BV1uz4y1475S,洛！！！！！！！！！！！！！！！！！,正面,正面,0.9989293485867403,0.9989293485867403,0.001070651409531579,3.728178236974152e-12,0.0,0,0,False,
学习区,BV1uz4y1475S,0and∞:这就是我们热血沸腾的组合技！,正面,正面,0.6785913344208108,0.6785913344208108,0.30056959394796995,0.020839071631219286,1.0,1,0,False,
学习区,BV1uz4y1475S,好,正面,正面,0.604319796261284,0.604319796261284,0.3196090332836152,0.07607117045510094,0.0,0,0,False,
学习区,BV1uz4y1475S,洛洛洛!!!!!,正面,正面,0.696230340217083,0.696230340217083,0.3034917608915448,0.0002778988913723096,0.0,0,0,False,
学习区,BV1uz4y1475S,谢谢红字姐^ω^,正面,正面,0.7278231204253114,0.7278231204253114,0.18225867530828588,0.08991820426640272,2.0,2,0,False,
学习区,BV1uz4y1475S,本来听的都快睡着了……又给吵精神了哈哈哈哈,正面,正面,0.7695982921187164,0.7695982921187164,0.16655790332973408,0.06384380455154955,1.0,2,1,False,
学习区,BV1uz4y1475S,666666666,正面,正面,0.5610373733065276,0.5610373733065276,0.3100376230613686,0.12892500363210388,1.0,1,0,False,
学习区,BV1uz4y1475S,其实直接瞪眼就能看出来了，上面是指数正无穷，下面是数正无穷，那肯定是上面增长更快一点，所以总体来说是正无穷,正面,负面,0.820135604230866,0.1708145289237608,0.009049866845373278,0.820135604230866,2.0,2,0,False,
学习区,BV1uz4y1475S,太有用了吧！,正面,正面,0.89655416725386,0.89655416725386,0.09917849752795814,0.004267335218181937,3.8,3,0,False,
学习区,BV1uz4y1475S,哈哈,正面,正面,0.6777024199113132,0.6777024199113132,0.2007593980929454,0.12153818199574135,2.0,2,0,False,
学习区,BV1uz4y1475S,666666666666666666666,正面,正面,0.5613685604142082,0.5613685604142082,0.30926763755907827,0.12936380202671346,1.0,1,0,False,
学习区,BV1uz4y1475S,[OHHHH],正面,中性,0.7402517843073261,0.14731076767652504,0.7402517843073261,0.11243744801614877,0.0,0,0,False,
学习区,BV1uz4y1475S,[OHHHHHHHHHHHHHHHHHHHHHHHHHH],正面,中性,0.7402517843073261,0.14731076767652504,0.7402517843073261,0.11243744801614877,0.0,0,0,False,
学习区,BV1uz4y1475S,[OHHHHHHHHHH],正面,中性,0.7402517843073261,0.14731076767652504,0.7402517843073261,0.11243744801614877,0.0,0,0,False,
学习区,BV1uz4y1475S,66666666666666666666666666666666666666,正面,正面,0.561437548511522,0.561437548511522,0.3090998177671073,0.12946263372137065,1.0,1,0,False,
学习区,BV1uz4y1475S,李梓宁我喜欢你,正面,正面,0.6692506337130131,0.6692506337130131,0.1492039028191333,0.18154546346785358,2.0,2,0,False,
学习区,BV1uz4y1475S,前方《硝苯氮》预警！！！,正面,正面,0.5760175849089254,0.5760175849089254,0.419372530949419,0.0046098841416555925,0.0,0,0,False,
学习区,BV1uz4y1475S,这函数太经典了,正面,正面,0.8152696041715031,0.8152696041715031,0.14837669680179696,0.036353699026699916,2.8,2,0,False,
学习区,BV1uz4y1475S,给我掉！！！,正面,正面,0.5651756057853099,0.5651756057853099,0.4304100693886004,0.004414324826089658,0.0,0,0,False,
学习区,BV1uz4y1475S,真棒,正面,正面,0.7157092860671629,0.7157092860671629,0.10108722849736652,0.1832034854354706,2.0,2,0,False,
学习区,BV1uz4y1475S,前面的，请看一下洛必达法则的定义，是上下分别求导哦！,正面,正面,0.3827458623937221,0.3827458623937221,0.28214244296281665,0.33511169464346124,0.0,0,0,False,
学习区,BV1uz4y1475S,震撼首发,正面,正面,0.6445012038677768,0.6445012038677768,0.2465217501770865,0.10897704595513674,2.0,2,0,False,
学习区,BV1uz4y1475S,3666666666666666666666666666,正面,正面,0.5570294818603873,0.5570294818603873,0.314095392869597,0.12887512527001588,1.0,1,0,False,
学习区,BV1uz4y1475S,66666666666666666666666,正面,正面,0.5613834010927061,0.5613834010927061,0.30923177546010916,0.1293848234471847,1.0,1,0,False,
学习区,BV1uz4y1475S,高二真爱听，刚学导数,正面,正面,0.3863748190414756,0.3863748190414756,0.29532847177529176,0.31829670918323255,1.0,1,0,False,
学习区,BV1uz4y1475S,爽,正面,正面,0.4377362590633306,0.4377362590633306,0.3687778482432129,0.19348589269345656,1.0,1,0,False,
学习区,BV1uz4y1475S,哈哈哈哈我是大聪明,正面,正面,0.9255166805333501,0.9255166805333501,0.03534419778614734,0.03913912168050245,4.0,4,0,False,
学习区,BV1uz4y1475S,学龄前表示看懂了（）,正面,中性,0.4823892544415343,0.43802438989468534,0.4823892544415343,0.07958635566378043,2.0,2,0,False,
学习区,BV1uz4y1475S,高一表示很简单,正面,正面,0.8739594059337213,0.8739594059337213,0.09665249320999926,0.029388100856279496,2.5,2,0,False,
学习区,BV1uz4y1475S,爽了,正面,正面,0.37728377105345107,0.37728377105345107,0.3452110178865404,0.2775052110600086,1.0,1,0,False,
学习区,BV1uz4y1475S,这个题目也可以用端点效应,正面,正面,0.4796262802102098,0.4796262802102098,0.22238631498713818,0.29798740480265196,2.0,2,0,False,
学习区,BV1uz4y1475S,好像听懂了,正面,正面,0.6434006913040478,0.6434006913040478,0.2848408851321267,0.07175842356382546,2.0,2,0,False,
学习区,BV1uz4y1475S,拿下！,正面,正面,0.7815226393567704,0.7815226393567704,0.2023668133664262,0.016110547276803364,2.0,2,0,False,
学习区,BV1uz4y1475S,他好可爱,正面,正面,0.8735184807178077,0.8735184807178077,0.0809741591270593,0.04550736015513308,2.0,2,0,False,
学习区,BV1uz4y1475S,谢谢您，昊谦,正面,负面,0.4872396047727211,0.2692105519867677,0.24354984324051118,0.4872396047727211,1.0,1,0,False,
学习区,BV1uz4y1475S,！！！！！！！！,正面,正面,0.9111792536589292,0.9111792536589292,0.08881832663671332,2.4197043574792033e-06,0.0,0,0,False,
学习区,BV1uz4y1475S,听爽了,正面,中性,0.7062408888436288,0.12940279824792497,0.7062408888436288,0.1643563129084462,0.0,0,0,False,
学习区,BV1uz4y1475S,倒反天罡，sin x的导数是cos x这个结论其实是通过lim x→0 sin x/x=1这个结论来的,正面,正面,0.4408456142131577,0.4408456142131577,0.23679963052654773,0.3223547552602945,2.0,2,0,False,
学习区,BV1uz4y1475S,“塔斯汀”！！！！！！！！！！！！！！！！！！！,正面,正面,0.9996387562836141,0.9996387562836141,0.0003612437161809238,2.0503071175250312e-13,0.0,0,0,False,
学习区,BV1uz4y1475S,哈哈哈哈哈哈哈哈哈哈哈哈哈哈哈哈哈哈哈哈哈哈哈哈哈哈哈哈哈哈哈哈哈哈哈哈,正面,正面,0.9999914659464076,0.9999914659464076,8.149054038648665e-06,3.8499955369514145e-07,14.0,14,0,False,
学习区,BV1uz4y1475S,上下同时求导，值不变，等于1。,正面,正面,0.5558397117205924,0.5558397117205924,0.16516988866843627,0.27899039961097133,2.0,2,0,False,
学习区,BV1uz4y1475S,请问怎么判断极限取决于谁，有点不明白，感谢,正面,正面,0.6678676053486734,0.6678676053486734,0.28290428185321137,0.04922811279811527,2.0,3,1,False,
学习区,BV1uz4y1475S,可以用放缩,正面,正面,0.5178100140939534,0.5178100140939534,0.19047321147814303,0.2917167744279035,2.0,2,0,False,
学习区,BV1uz4y1475S,幼儿园小班听懂了,正面,正面,0.5025993040656404,0.5025993040656404,0.3546015052259938,0.1427991907083659,2.0,2,0,False,
学习区,BV1uz4y1475S,配色好好看,正面,中性,0.4955665540143829,0.3661022931009763,0.4955665540143829,0.13833115288464087,1.0,1,0,False,
学习区,BV1uz4y1475S,刚出生就听懂了,正面,正面,0.5188232475958292,0.5188232475958292,0.3889936742171675,0.09218307818700329,2.0,2,0,False,
学习区,BV1uz4y1475S,[前方高能前方高能前方高能],正面,正面,0.8944810253718564,0.8944810253718564,0.08194376121360228,0.023575213414541257,4.0,4,0,False,
学习区,BV1uz4y1475S,可以最后提个X，这里求导求繁了,正面,负面,0.4162654799444182,0.3227261414806175,0.26100837857496423,0.4162654799444182,2.0,2,0,False,
学习区,BV1uz4y1475S,一拳打不死再打一拳就好了,正面,正面,0.5730775284799827,0.5730775284799827,0.25841079744311746,0.1685116740768998,0.0,0,0,False,
学习区,BV1uz4y1475S,[前方高能前方高能],正面,正面,0.7879596474158227,0.7879596474158227,0.16173408576816495,0.05030626681601237,3.0,3,0,False,
学习区,BV1uz4y1475S,666，怎么还有电子？,正面,负面,0.6134119045141433,0.3117764640925662,0.0748116313932904,0.6134119045141433,2.0,2,0,False,
学习区,BV1uz4y1475S,我喜欢叫（摞n）,正面,正面,0.5606251536687658,0.5606251536687658,0.1669842992250425,0.2723905471061917,2.0,2,0,False,
学习区,BV1uz4y1475S,我喜欢叫左函乘右导+右函乘左导,正面,正面,0.5278607377009984,0.5278607377009984,0.14357520362366458,0.328564058675337,2.0,2,0,False,
学习区,BV1uz4y1475S,下面红字↓（你放屁！！！）,正面,正面,0.5494775815073074,0.5494775815073074,0.44731079066736473,0.0032116278253277674,0.0,0,0,False,
学习区,BV1uz4y1475S,是不是能用斯特林公式,正面,负面,0.4601921522570398,0.24266732760971613,0.29714052013324405,0.4601921522570398,1.0,1,0,False,
学习区,BV1uz4y1475S,洛神：当你做出0/0或∞/∞时，你可以假装抄错题目，继续洛,正面,正面,0.46796574227380344,0.46796574227380344,0.19198263230165746,0.3400516254245391,2.0,2,0,False,
学习区,BV1uz4y1475S,谢谢！！,正面,正面,0.8565423690935161,0.8565423690935161,0.14040960491250415,0.0030480259939796974,2.0,2,0,False,
学习区,BV1uz4y1475S,幼儿园听懂了,正面,正面,0.5418894500908722,0.5418894500908722,0.295007513368798,0.16310303654032976,2.0,2,0,False,
学习区,BV1uz4y1475S,好棒,正面,正面,0.7157092860671629,0.7157092860671629,0.10108722849736652,0.1832034854354706,2.0,2,0,False,
学习区,BV1uz4y1475S,醍醐灌顶,正面,正面,0.7157092860671629,0.7157092860671629,0.10108722849736652,0.1832034854354706,2.0,2,0,False,
学习区,BV1uz4y1475S,中考能用吗,正面,正面,0.47853526787410505,0.47853526787410505,0.45095277412672563,0.07051195799916916,2.0,2,0,False,
学习区,BV1uz4y1475S,之前用的指数大爆炸，原来还可以这样,正面,正面,0.4596738066475512,0.4596738066475512,0.08732129396946911,0.45300489938297955,2.0,2,0,False,
学习区,BV1uz4y1475S,实际上你可以代个大点的数,正面,正面,0.6490645234294647,0.6490645234294647,0.21974008017575056,0.13119539639478464,2.0,2,0,False,
学习区,BV1uz4y1475S,其实端点效应应该简单一点吧这个题,正面,正面,0.660690959894332,0.660690959894332,0.1922243168281782,0.14708472327748984,2.0,2,0,False,
学习区,BV1uz4y1475S,这哥们是个奇函数啊，A肯定不对，直接带个1进去，带个x→+∞洛一下，选B,正面,负面,0.7554381456576008,0.22233025671793383,0.022231597624465343,0.7554381456576008,2.0,2,0,False,
学习区,BV1uz4y1475S,卵裂期听懂了,正面,正面,0.5025993040656404,0.5025993040656404,0.3546015052259938,0.1427991907083659,2.0,2,0,False,
学习区,BV1uz4y1475S,其实指数会爆炸，根本就不用洛,正面,中性,0.3518851029622915,0.3105641192683253,0.3518851029622915,0.3375507777693832,1.0,1,0,False,
学习区,BV1uz4y1475S,其实抓大头好像也可以,正面,正面,0.6290451728387341,0.6290451728387341,0.1984722061036628,0.17248262105760317,2.0,2,0,False,
学习区,BV1uz4y1475S,只要洛不死就往死里洛哈哈哈,正面,正面,0.918204562838877,0.918204562838877,0.06665276280056412,0.015142674360559034,3.0,3,0,False,
学习区,BV1uz4y1475S,好简单啊11但是有没有别的方法,正面,正面,0.6365969210925703,0.6365969210925703,0.06445223638266927,0.2989508425247604,2.0,2,0,False,
学习区,BV1uz4y1475S,呃哈哈哈,正面,正面,0.9523770670321127,0.9523770670321127,0.03004959434906896,0.01757333861881851,3.0,3,0,False,
学习区,BV1uz4y1475S,因为都趋近无穷大，2的影响微乎其微，可以社区，就是1,正面,负面,0.5344690348112032,0.4041924663970941,0.061338498791702646,0.5344690348112032,2.0,2,0,False,
学习区,BV1uz4y1475S,那么牛逼,正面,负面,0.6026086989364335,0.29545843882385264,0.10193286223971368,0.6026086989364335,1.0,1,0,False,
学习区,BV1uz4y1475S,骗你的还可以两导，三导……,正面,正面,0.5908842379191419,0.5908842379191419,0.12903078613805635,0.2800849759428018,2.0,2,0,False,
学习区,BV1uz4y1475S,直接带入两个值就可以避免算奇偶啊，然后再洛必达无穷比无穷,正面,负面,0.7577630079690276,0.22564335769023067,0.01659363434074181,0.7577630079690276,2.0,2,0,False,
学习区,BV1uz4y1475S,!!!!!!!!,正面,正面,0.8991592317285987,0.8991592317285987,0.10083735183574037,3.416435660938367e-06,0.0,0,0,False,
学习区,BV1uz4y1475S,哈哈哈哈哈哈哈,正面,正面,0.9649282527384099,0.9649282527384099,0.020857837669878494,0.014213909591711489,3.0,3,0,False,
学习区,BV1uz4y1475S,震撼开场,正面,正面,0.6445012038677768,0.6445012038677768,0.2465217501770865,0.10897704595513674,2.0,2,0,False,
学习区,BV1uz4y1475S,江苏一阶导的端点效应一样抠没！！！,正面,正面,0.6824160885517203,0.6824160885517203,0.30925364888292656,0.008330262565353139,0.0,0,0,False,
学习区,BV1uz4y1475S,老师老师，我们两个真厉害,正面,正面,0.9399716315290665,0.9399716315290665,0.043260508645264685,0.01676785982566888,3.4,3,0,False,
学习区,BV1uz4y1475S,感觉懂了，又个好像没懂。（曾经学过洛必达法则,正面,负面,0.4629041058372066,0.32671092583597017,0.2103849683268233,0.4629041058372066,1.0,1,0,False,
学习区,BV1uz4y1475S,在学校看一天没看明白 现在终于会了哈哈哈厉害,正面,正面,0.9877482287995614,0.9877482287995614,0.011491835982918,0.0007599352175205218,6.0,7,1,False,
学习区,BV1uz4y1475S,可以！,正面,正面,0.7909864877646864,0.7909864877646864,0.15060414247939424,0.05840936975591938,2.0,2,0,False,
生活区,BV1YBvhBhE1f,哈哈哈哈，在线改名,正面,正面,0.8393302042105988,0.8393302042105988,0.10330369466699905,0.05736610112240211,2.0,2,0,False,
生活区,BV1YBvhBhE1f,她好帅啊她好帅啊她好帅！！！（amz音,正面,正面,0.6953346114932482,0.6953346114932482,0.28039872579331315,0.024266662713438733,0.0,0,0,False,
生活区,BV1YBvhBhE1f,《尽可量的发出更小的声不让老师听到》,正面,正面,0.4146652100799516,0.4146652100799516,0.2618554172693497,0.32347937265069865,0.0,0,0,False,
生活区,BV1YBvhBhE1f,我可以把圆周率背到第20位,正面,正面,0.5907410720086683,0.5907410720086683,0.2825099620690565,0.12674896592227508,2.0,2,0,False,
生活区,BV1YBvhBhE1f,众所周知，二选一的正确率是0％,正面,负面,0.37246951902368236,0.3531920470808734,0.27433843389544427,0.37246951902368236,1.0,1,0,False,
生活区,BV1YBvhBhE1f,清一色的红色啊哈哈哈哈哈,正面,正面,0.8974109278261694,0.8974109278261694,0.07677721711774221,0.025811855056088413,2.0,2,0,False,
生活区,BV1YBvhBhE1f,《没有幸存的目击者就是完美的暗杀》,正面,正面,0.7547727285958296,0.7547727285958296,0.1392951359039162,0.10593213550025428,2.0,2,0,False,
生活区,BV1YBvhBhE1f,数学的胜利,正面,正面,0.7940658437680403,0.7940658437680403,0.12834862482077997,0.0775855314111796,2.0,2,0,False,
生活区,BV1YBvhBhE1f,可以去羊村打赌。,正面,正面,0.5315945150184742,0.5315945150184742,0.21795385031595302,0.25045163466557274,2.0,2,0,False,
生活区,BV1YBvhBhE1f,番茄不愧是写出《情商》的人，端水端到骨子里了,正面,正面,0.5187277772245914,0.5187277772245914,0.16375297886203102,0.31751924391337766,2.0,2,0,False,
生活区,BV1YBvhBhE1f,我用美团团购团了券！（王建华音）,正面,正面,0.5489969225947774,0.5489969225947774,0.39634649978430003,0.054656577620922686,1.0,1,0,False,
生活区,BV1YBvhBhE1f,史上最权威的裁判——水裁判,正面,正面,0.6885938575372265,0.6885938575372265,0.21927560079119082,0.09213054167158263,2.0,2,0,False,
生活区,BV1YBvhBhE1f,《他们过了会叫的》,正面,中性,0.48157451404954715,0.3836280947291765,0.48157451404954715,0.1347973912212764,1.0,1,0,False,
生活区,BV1YBvhBhE1f,这种戛然而止的话最好笑了,正面,正面,0.6120022221911108,0.6120022221911108,0.2762767328271085,0.11172104498178072,1.0,1,0,False,
生活区,BV1YBvhBhE1f,所有人都会被拎领子传染哈哈哈哈,正面,正面,0.9079542737320832,0.9079542737320832,0.06994619033043113,0.022099535937485686,3.0,3,0,False,
生活区,BV1YBvhBhE1f,有人懂吗好像索隆在挑刀啊哈哈哈哈,正面,正面,0.7808791459591826,0.7808791459591826,0.07486902015915202,0.14425183388166526,2.0,2,0,False,
生活区,BV1YBvhBhE1f,这技能其实还挺有用的（,正面,正面,0.8368267862581793,0.8368267862581793,0.13711716571844862,0.026056048023372105,3.3,3,0,False,
生活区,BV1YBvhBhE1f,右边那瓣儿番茄滚了一圈然后立住了诶！！！,正面,正面,0.7574184597016788,0.7574184597016788,0.23152072726967418,0.011060813028646985,0.0,0,0,False,
生活区,BV1YBvhBhE1f,你的番茄，举世称绝!!!,正面,正面,0.6921386731968032,0.6921386731968032,0.2998769261275968,0.007984400675600016,0.0,0,0,False,
生活区,BV1YBvhBhE1f,肯定不是番茄家，不然怎么会不知道周边最近的店,正面,正面,0.7522828402829904,0.7522828402829904,0.07902027166923607,0.1686968880477736,3.0,3,0,False,
生活区,BV1YBvhBhE1f,她好帅啊！！她好帅！！！,正面,正面,0.7905250745855185,0.7905250745855185,0.20898979509673613,0.00048513031774546136,0.0,0,0,False,
生活区,BV1YBvhBhE1f,太有节目了哈哈哈哈,正面,正面,0.8248504403448291,0.8248504403448291,0.13217526781592495,0.04297429183924583,2.0,2,0,False,
生活区,BV1YBvhBhE1f,复旦保送生的智慧！！！,正面,正面,0.8923952079334438,0.8923952079334438,0.10682637908948288,0.0007784129770732422,2.0,2,0,False,
生活区,BV1YBvhBhE1f,666还有干扰赛,正面,正面,0.7123981691501914,0.7123981691501914,0.18283506355255003,0.10476676729725859,2.0,2,0,False,
生活区,BV1YBvhBhE1f,也能看出 出题人是很有梗、有智慧的哈哈哈,正面,正面,0.9816030544074618,0.9816030544074618,0.01072875429481117,0.00766819129772704,5.0,5,0,False,
生活区,BV1YBvhBhE1f,那没得说，我确实崇拜,正面,正面,0.5119890247158448,0.5119890247158448,0.3531838391491188,0.13482713613503644,2.0,2,0,False,
生活区,BV1YBvhBhE1f,黑色指甲好看啊,正面,负面,0.49831025890664327,0.3994496167034494,0.10224012438990725,0.49831025890664327,2.0,2,0,False,
生活区,BV1YBvhBhE1f,谁都要被拎一下hhh,正面,中性,0.6525295737918025,0.14792626067781914,0.6525295737918025,0.1995441655303782,0.0,0,0,False,
生活区,BV1YBvhBhE1f,呜呜呜水老师眼里全是番茄磕到了,正面,正面,0.46111185866458543,0.46111185866458543,0.341891505349979,0.1969966359854357,0.0,0,0,False,
生活区,BV1YBvhBhE1f,这是水老师的声音嘛！,正面,正面,0.4863608757056168,0.4863608757056168,0.3135210386329041,0.20011808566147904,0.0,0,0,False,
生活区,BV1YBvhBhE1f,美甲真好看,正面,正面,0.9066321226396921,0.9066321226396921,0.0690526270820467,0.02431525027826128,3.4,3,0,False,
生活区,BV1YBvhBhE1f,只要把瓜子壳放嘴里一直泡着，慢慢的用牙咬，可以做到无声,正面,负面,0.6295658085688394,0.3422358951657952,0.028198296265365276,0.6295658085688394,2.0,2,0,False,
生活区,BV1YBvhBhE1f,这个时候游戏的性质已经变了（）,正面,正面,0.53642353455466,0.53642353455466,0.2671309558189176,0.1964455096264225,0.0,0,0,False,
生活区,BV1YBvhBhE1f,裁判之所以能当裁判是有道理的,正面,中性,0.42226262838965484,0.3108250500695429,0.42226262838965484,0.2669123215408023,1.0,1,0,False,
生活区,BV1YBvhBhE1f,差值不能直接比绝对值啊，不应该做标准化吗,正面,负面,0.8213158026902628,0.132913336095805,0.045770861213932215,0.8213158026902628,1.0,1,0,False,
生活区,BV1YBvhBhE1f,《这眼睛怎么这么绿好家伙会反光》,正面,正面,0.49205811007984074,0.49205811007984074,0.4262050534971135,0.08173683642304568,1.0,1,0,False,
生活区,BV1YBvhBhE1f,上课吃瓜子的诀窍不是用嘴磕，放手里扭两圈就能掰开了（本人亲测有效）,正面,负面,0.7547466294231714,0.20989549057014442,0.035357880006684134,0.7547466294231714,2.0,2,0,False,
生活区,BV1YBvhBhE1f,难怪是裁判！！职业选手禁止参赛！,正面,正面,0.5790214305506928,0.5790214305506928,0.41454617952627226,0.006432389923034889,0.0,0,0,False,
生活区,BV1YBvhBhE1f,F1N1＝F2N2，所以离支点远的部分能用更少的重量压平杠杆,正面,正面,0.6227851728888802,0.6227851728888802,0.07613067788233352,0.3010841492287863,2.0,2,0,False,
生活区,BV1YBvhBhE1f,《完美人类》,正面,正面,0.6445012038677768,0.6445012038677768,0.2465217501770865,0.10897704595513674,2.0,2,0,False,
生活区,BV1YBvhBhE1f,可以去下一个是谁当正义女神了,正面,正面,0.5527575607481985,0.5527575607481985,0.24586475925110288,0.20137768000069867,2.0,2,0,False,
生活区,BV1YBvhBhE1f,《博学者之怒》,正面,正面,0.588562153317964,0.588562153317964,0.31448328905094114,0.09695455763109485,2.0,2,0,False,
生活区,BV1YBvhBhE1f,下一个是谁哈哈哈哈,正面,正面,0.8206898535437104,0.8206898535437104,0.14625015529720534,0.033059991159084305,2.0,2,0,False,
生活区,BV1YBvhBhE1f,我去水老师还是太强了,正面,正面,0.6277549894596912,0.6277549894596912,0.19246797983945438,0.17977703070085438,2.0,2,0,False,
生活区,BV1YBvhBhE1f,她好帅啊她好帅啊她好帅！！！,正面,正面,0.6539657755387226,0.6539657755387226,0.3281105145069083,0.01792370995436913,0.0,0,0,False,
生活区,BV1YBvhBhE1f,这个选项标号很幽默了,正面,正面,0.5327313668686521,0.5327313668686521,0.3930516582228852,0.07421697490846281,2.5,2,0,False,
生活区,BV1YBvhBhE1f,小精灵美甲好好看,正面,中性,0.5121276228483159,0.3509952519682191,0.5121276228483159,0.1368771251834649,1.0,1,0,False,
生活区,BV1YBvhBhE1f,正确答案：都不可能，不管距离你多近，一定会给你拖延到20分钟以上,正面,正面,0.7304175086973652,0.7304175086973652,0.1684866292882904,0.10109586201434442,1.0,3,2,False,
生活区,BV1YBvhBhE1f,小馋猫 还得是你会吃啊,正面,正面,0.3798239255140357,0.3798239255140357,0.2876710212672456,0.3325050532187187,1.0,1,0,False,
生活区,BV1YBvhBhE1f,水老师太强了,正面,正面,0.8444942220963837,0.8444942220963837,0.1189625785671926,0.036543199336423825,2.0,2,0,False,
生活区,BV1YBvhBhE1f,所以小老师那个茄子也是同样的道理，只是恰好切的确实比较均匀，哈哈哈，但它还是稍微规则的，所以常规切误差比较小,正面,负面,0.6149966660631612,0.3829146809831683,0.0020886529536705174,0.6149966660631612,3.0,3,0,False,
生活区,BV1YBvhBhE1f,《轻易把所有请客都拿下》,正面,正面,0.6486706521038591,0.6486706521038591,0.2421699923073172,0.1091593555888236,2.0,2,0,False,
生活区,BV1YBvhBhE1f,《有个手机会操控另外一个手机》,正面,中性,0.5387462874051104,0.37229524464188346,0.5387462874051104,0.08895846795300605,1.0,1,0,False,
生活区,BV1YBvhBhE1f,小老师好忧郁啊,正面,正面,0.575531176679364,0.575531176679364,0.13959769397742636,0.28487112934320963,0.0,0,0,False,
生活区,BV1YBvhBhE1f,小精灵小小一只在旁边好有学生感，真好穿得像校服,正面,正面,0.807444963887902,0.807444963887902,0.03757693162563599,0.15497810448646213,3.0,3,0,False,
生活区,BV1YBvhBhE1f,6666，真是贪吃王,正面,负面,0.41339487536480574,0.3752772691833362,0.2113278554518579,0.41339487536480574,1.0,1,0,False,
生活区,BV1YBvhBhE1f,这应该不是番茄家吧要不暴露住址了，哈哈,正面,正面,0.4295432455696493,0.4295432455696493,0.15960131702093855,0.4108554374094121,2.0,2,0,False,
生活区,BV1YBvhBhE1f,瓜子居然可以含化吗,正面,正面,0.45253791284221695,0.45253791284221695,0.33927380709748145,0.2081882800603017,2.0,2,0,False,
生活区,BV1YBvhBhE1f,细节物理不要求非常精确，只关注近似,正面,正面,0.5115492343397416,0.5115492343397416,0.19922040738808375,0.2892303582721746,2.0,2,0,False,
生活区,BV1YBvhBhE1f,666还有亡语,正面,正面,0.7243273041902568,0.7243273041902568,0.17246228201375785,0.10321041379598533,2.0,2,0,False,
生活区,BV1YBvhBhE1f,茄哥还是太完美了，居然会标出处,正面,正面,0.6185334839886626,0.6185334839886626,0.0935590840006021,0.2879074320107352,2.8,2,0,False,
生活区,BV1YBvhBhE1f,下巴更长了！！！,正面,正面,0.5199462352325146,0.5199462352325146,0.4765407496890234,0.0035130150784619626,0.0,0,0,False,
生活区,BV1YBvhBhE1f,这已经是超能力了吧喂！,正面,正面,0.7000237885866858,0.7000237885866858,0.26310691920245266,0.03686929221086151,0.0,0,0,False,
生活区,BV1YBvhBhE1f,女神！！！无限崇拜聪明的能力,正面,正面,0.9797548329364885,0.9797548329364885,0.020108432327715097,0.00013673473579634273,4.0,4,0,False,
生活区,BV1YBvhBhE1f,都是番茄！！！！,正面,正面,0.6129112223689804,0.6129112223689804,0.3859769139379235,0.00111186369309598,0.0,0,0,False,
生活区,BV1YBvhBhE1f,不愧是裁判,正面,正面,0.5618638465691738,0.5618638465691738,0.3084712334197854,0.12966492001104082,2.0,2,0,False,
生活区,BV1YBvhBhE1f,专升本加油,正面,正面,0.9178606832943195,0.9178606832943195,0.0565601707303341,0.025579145975346385,2.0,2,0,False,
生活区,BV1YBvhBhE1f,那很厉害了,正面,正面,0.8926777327275265,0.8926777327275265,0.06865404563800202,0.038668221634471533,3.5,3,0,False,
生活区,BV1YBvhBhE1f,请了周杰伦肯定得赚回来啊，给点优惠后面就自费了，而且美团最近优惠其实少很多,正面,负面,0.7508491370554757,0.2325731009441727,0.016577762000351604,0.7508491370554757,2.0,2,0,False,
生活区,BV1YBvhBhE1f,这下看懂了,正面,中性,0.46488435988593163,0.4550121823561241,0.46488435988593163,0.0801034577579443,2.0,2,0,False,
生活区,BV1YBvhBhE1f,雨哥太聪明啦,正面,正面,0.8073872117671111,0.8073872117671111,0.157238527199778,0.035374261033110824,2.8,2,0,False,
生活区,BV1YBvhBhE1f,没办法小精灵太想进步了,正面,正面,0.5147975362321727,0.5147975362321727,0.32936624654435476,0.1558362172234725,2.0,2,0,False,
生活区,BV1YBvhBhE1f,那很健康了,正面,正面,0.7343733902942374,0.7343733902942374,0.19383150161418963,0.071795108091573,2.5,2,0,False,
生活区,BV1YBvhBhE1f,鬼马小精灵！！！！！,正面,正面,0.7461359888915946,0.7461359888915946,0.2536309217657722,0.00023308934263323468,0.0,0,0,False,
生活区,BV1YBvhBhE1f,不愧是下一个是谁的选手。,正面,正面,0.6600375823670924,0.6600375823670924,0.28020303137574526,0.059759386257162234,2.0,2,0,False,
生活区,BV1YBvhBhE1f,她好美啊，又聪明！！！,正面,正面,0.9895286078125093,0.9895286078125093,0.010149981354625569,0.0003214108328651052,4.0,4,0,False,
生活区,BV1YBvhBhE1f,盯到现在，小精灵真的好适合黑色指甲油,正面,正面,0.47700257173869454,0.47700257173869454,0.32530827016796615,0.19768915809333934,1.0,1,0,False,
生活区,BV1YBvhBhE1f,财大牛逼！财大の光啊——,正面,负面,0.5519485320290297,0.3934674997662185,0.05458396820475186,0.5519485320290297,1.0,1,0,False,
生活区,BV1YBvhBhE1f,陈峥宇太可爱了,正面,正面,0.9569708769564561,0.9569708769564561,0.032169284344069383,0.010859838699474555,4.8,4,0,False,
生活区,BV1YBvhBhE1f,她好帅啊！她好帅啊！,正面,正面,0.49394910034975503,0.49394910034975503,0.4028447878397899,0.10320611181045522,0.0,0,0,False,
生活区,BV1YBvhBhE1f,《一看上学的时候就没少偷吃》,正面,正面,0.41125143780854123,0.41125143780854123,0.40976766104208107,0.17898090114937767,0.0,0,0,False,
生活区,BV1YBvhBhE1f,666碰到学霸了,正面,正面,0.7657015094949662,0.7657015094949662,0.18072529308304436,0.053573197421989356,2.0,2,0,False,
生活区,BV1YBvhBhE1f,哈哈哈哈《下巴戳人很疼》。我不行了吧！,正面,正面,0.725054804195889,0.725054804195889,0.2692944436189897,0.005650752185121239,0.0,2,2,False,
生活区,BV1YBvhBhE1f,每一脚都踩在白线上是因为腿短吧阿喂！！,正面,正面,0.6487813815112569,0.6487813815112569,0.2745830960594758,0.0766355224292673,0.0,0,0,False,
生活区,BV1YBvhBhE1f,小老师你去年要是有这股机灵劲你也不会变成NPC,正面,正面,0.5672877729210015,0.5672877729210015,0.3946168867998079,0.038095340279190634,0.0,2,2,False,
生活区,BV1YBvhBhE1f,反复看了好几遍终于听懂了 水老师意思是前面番茄雨哥测重心的时候姜是横放的 比较长 力臂影响大，水老师竖着放到刀力臂小所以影响小,正面,负面,0.6939632987583146,0.3033444415356794,0.0026922597060059406,0.6939632987583146,2.0,2,0,False,
生活区,BV1YBvhBhE1f,屏幕外伸出猫爪鞋子好可爱啊,正面,正面,0.5910296126634628,0.5910296126634628,0.0322755603970567,0.3766948269394804,2.0,2,0,False,
生活区,BV1YBvhBhE1f,本乐山人郑重声明：那叫肖四嬢！niang！,正面,正面,0.5534386465100338,0.5534386465100338,0.4226946168975028,0.023866736592463324,0.0,0,0,False,
生活区,BV1YBvhBhE1f,理论上番茄越小越好赢吧，反正称差值,正面,正面,0.5429245181631666,0.5429245181631666,0.09846979187711961,0.35860568995971376,1.0,1,0,False,
生活区,BV1YBvhBhE1f,肯定不是他家，说了对这个小区不熟,正面,负面,0.4710722952132557,0.3097181479060424,0.21920955688070182,0.4710722952132557,2.0,2,0,False,
生活区,BV1YBvhBhE1f,撕袋子那就是更有说法了下课的时候先把袋子撕开上课就可以好好享受了！此乃三胜！,正面,正面,0.9544507969416299,0.9544507969416299,0.02694281074293068,0.01860639231543926,2.0,2,0,False,
生活区,BV1YBvhBhE1f,蔬菜之王！！！,正面,正面,0.5229808017969327,0.5229808017969327,0.47373222097142553,0.0032869772316417123,0.0,0,0,False,
生活区,BV1YBvhBhE1f,！！某种意义上这也算不是很有用小技能诶,正面,正面,0.7470706932796348,0.7470706932796348,0.24577192360502437,0.007157383115340863,0.5,2,1,False,
生活区,BV1YBvhBhE1f,其实可以把整个瓜子含进嘴里，用里面的大牙咬开,正面,正面,0.4733258436657859,0.4733258436657859,0.0638354859537131,0.4628386703805011,2.0,2,0,False,
生活区,BV1YBvhBhE1f,对的对的，这就到位了,正面,正面,0.4912369457356439,0.4912369457356439,0.22863540833161697,0.28012764593273926,2.0,2,0,False,
生活区,BV1YBvhBhE1f,抱紧你，却抓不住，你的爱，剩一点点,正面,正面,0.4258836714644751,0.4258836714644751,0.28320249419894855,0.2909138343365764,1.0,1,0,False,
生活区,BV1YBvhBhE1f,[ohhhh],正面,中性,0.7402517843073261,0.14731076767652504,0.7402517843073261,0.11243744801614877,0.0,0,0,False,
生活区,BV1YBvhBhE1f,物理万岁。!!!,正面,正面,0.5224411768556062,0.5224411768556062,0.47443270381787306,0.0031261193265207233,0.0,0,0,False,
生活区,BV1YBvhBhE1f,甲方出现！！！,正面,正面,0.5229808017969327,0.5229808017969327,0.47373222097142553,0.0032869772316417123,0.0,0,0,False,
生活区,BV1YBvhBhE1f,哈哈哈哈  赢在了贪吃上,正面,正面,0.8630167567914429,0.8630167567914429,0.08369460953089958,0.05328863367765745,2.0,2,0,False,
生活区,BV1YBvhBhE1f,小老师太机灵了哈哈哈哈,正面,正面,0.988166540996897,0.988166540996897,0.010107844598073625,0.0017256144050292405,4.8,4,0,False,
生活区,BV1YBvhBhE1f,恍然大悟,正面,正面,0.7157092860671629,0.7157092860671629,0.10108722849736652,0.1832034854354706,2.0,2,0,False,
生活区,BV1YBvhBhE1f,小老师拍那一下好像猫捣乱啊哈哈哈哈哈哈,正面,正面,0.9714229954940985,0.9714229954940985,0.01711991197346007,0.011457092532441523,4.0,4,0,False,
生活区,BV1YBvhBhE1f,裁判在热身！！！裁判在热身！！！！！！,正面,正面,0.9694511625341845,0.9694511625341845,0.03054748144593526,1.3560198803046635e-06,0.0,0,0,False,
生活区,BV1YBvhBhE1f,《爱赢才会拼》,正面,正面,0.47332853183056195,0.47332853183056195,0.4392668250872681,0.0874046430821701,2.0,2,0,False,
生活区,BV1YBvhBhE1f,她好帅！！她好帅啊！！,正面,正面,0.7048029324152315,0.7048029324152315,0.2930528299493627,0.002144237635405762,0.0,0,0,False,
生活区,BV1YBvhBhE1f,下巴哈哈哈哈哈哈哈哈哈这个赢了,正面,正面,0.9854515907324695,0.9854515907324695,0.011621249926428016,0.002927159341102501,5.0,5,0,False,
生活区,BV1YBvhBhE1f,这个好厉害,正面,正面,0.871209380355215,0.871209380355215,0.09770315180466896,0.03108746784011608,2.0,2,0,False,
生活区,BV1YBvhBhE1f,权威老吃家,正面,正面,0.6445012038677768,0.6445012038677768,0.2465217501770865,0.10897704595513674,2.0,2,0,False,
生活区,BV1YBvhBhE1f,哈哈哈哈哈哈哈哈我服了小精灵,正面,正面,0.9383084157042667,0.9383084157042667,0.04655243333713536,0.015139150958597788,3.0,3,0,False,
生活区,BV1YBvhBhE1f,黑色美甲好好看！！！,正面,正面,0.740511790099583,0.740511790099583,0.25754312027092663,0.001945089629490363,1.0,1,0,False,
生活区,BV1YBvhBhE1f,揪领子好好玩呀哈哈哈哈,正面,正面,0.9884580120831372,0.9884580120831372,0.00894791866058057,0.0025940692562821154,4.0,4,0,False,
生活区,BV1YBvhBhE1f,正义女神水老师！,正面,正面,0.5750017563002418,0.5750017563002418,0.4002558181832161,0.02474242551654222,0.0,0,0,False,
生活区,BV1YBvhBhE1f,复旦之光！！！,正面,正面,0.5229808017969327,0.5229808017969327,0.47373222097142553,0.0032869772316417123,0.0,0,0,False,
生活区,BV1YBvhBhE1f,你的郭雨，实力允许！！！,正面,正面,0.6369871158207274,0.6369871158207274,0.35780827098979284,0.005204613189479882,0.0,0,0,False,
生活区,BV1YBvhBhE1f,有脚本！！！！！（小精灵音）,正面,正面,0.7668406029377535,0.7668406029377535,0.2327800699954238,0.00037932706682267965,0.0,0,0,False,
生活区,BV1YBvhBhE1f,可以先放手指上试试平衡点的,正面,正面,0.6227867413929683,0.6227867413929683,0.09985635956723557,0.27735689903979616,2.0,2,0,False,
生活区,BV1YBvhBhE1f,女神女神女神水老师太牛了,正面,正面,0.6717336664157049,0.6717336664157049,0.23400351908021969,0.0942628145040754,1.0,1,0,False,
生活区,BV1YBvhBhE1f,他的下巴甚至把屏幕也给戳破了……太厉害啦。,正面,正面,0.9493544046622614,0.9493544046622614,0.02974001132866544,0.020905584009073188,3.8,3,0,False,
生活区,BV1YBvhBhE1f,[OHHHHHHH],正面,中性,0.7402517843073261,0.14731076767652504,0.7402517843073261,0.11243744801614877,0.0,0,0,False,
生活区,BV1YBvhBhE1f,我凯他超23333,正面,中性,0.6928151349890135,0.1766127676217558,0.6928151349890135,0.13057209738923078,0.0,0,0,False,
生活区,BV1YBvhBhE1f,[ohh],正面,中性,0.7402517843073261,0.14731076767652504,0.7402517843073261,0.11243744801614877,0.0,0,0,False,
生活区,BV1YBvhBhE1f,水老师好可爱,正面,正面,0.9395514007977428,0.9395514007977428,0.04525324221742642,0.015195356984830674,2.0,2,0,False,
生活区,BV1YBvhBhE1f,我不行了甲和△哈哈哈哈哈哈哈哈,正面,正面,0.6499104250980875,0.6499104250980875,0.3256222373221073,0.024467337579805255,0.0,2,2,False,
生活区,BV1YBvhBhE1f,不愧是小精灵哈哈哈哈,正面,正面,0.9739203543588129,0.9739203543588129,0.018985067056195362,0.007094578584991665,4.0,4,0,False,
生活区,BV1YBvhBhE1f,我能用鼻子吹口哨（嗯，是的，可以变调）,正面,正面,0.6122317101041238,0.6122317101041238,0.058542139570539393,0.3292261503253368,3.0,3,0,False,
生活区,BV1YBvhBhE1f,瓜子啃有技术含量放在嘴里面先细品，然后他的歌就会松动在嘴里面就很简单的就剥开了,正面,正面,0.7028996060439188,0.7028996060439188,0.015619328851171236,0.28148106510491,3.5,3,0,False,
生活区,BV1YBvhBhE1f,她真的好帅啊！！！,正面,正面,0.7648305477766439,0.7648305477766439,0.23189651149871068,0.003272940724645402,1.0,1,0,False,
生活区,BV1YBvhBhE1f,谁会上课拿生姜当零食啊喂,正面,负面,0.47340886778684144,0.2755476026414004,0.2510435295717583,0.47340886778684144,1.0,1,0,False,
生活区,BV1YBvhBhE1f,[ohhh],正面,中性,0.7402517843073261,0.14731076767652504,0.7402517843073261,0.11243744801614877,0.0,0,0,False,
生活区,BV1YBvhBhE1f,君名bgm好评,正面,正面,0.6041122434412601,0.6041122434412601,0.29946457691765666,0.09642317964108323,2.0,2,0,False,
生活区,BV1YBvhBhE1f,哈哈哈哈哈,正面,正面,0.9781428608578385,0.9781428608578385,0.012286140589594713,0.009570998552566814,4.0,4,0,False,
生活区,BV1YBvhBhE1f,我甚至觉得没问题…,正面,中性,0.5047691533215464,0.39893989855723466,0.5047691533215464,0.09629094812121901,1.0,2,1,False,
生活区,BV1YBvhBhE1f,羽毛球赛同款“鹰眼”系统吗(Doge,正面,中性,0.7885483780054815,0.17165050914984453,0.7885483780054815,0.03980111284467395,2.0,2,0,False,
生活区,BV1YBvhBhE1f,二分之一必错定律哈哈哈我上学一直这样,正面,正面,0.9001436338155651,0.9001436338155651,0.07242051139355975,0.027435854790875094,3.0,3,0,False,
生活区,BV1YBvhBhE1f,诶老师他也吃了（bushi,正面,正面,0.4802799148969971,0.4802799148969971,0.3247836640823162,0.19493642102068662,0.0,0,0,False,
生活区,BV1YBvhBhE1f,真神出现了！！！,正面,正面,0.5199462352325146,0.5199462352325146,0.4765407496890234,0.0035130150784619626,0.0,0,0,False,
生活区,BV1YBvhBhE1f,吃一口哈哈哈哈哈夺笋啊,正面,正面,0.9540962671988422,0.9540962671988422,0.020015682731422624,0.025888050069735057,4.0,4,0,False,
生活区,BV1YBvhBhE1f,小老师手好好看,正面,正面,0.6336281383936407,0.6336281383936407,0.29471618957503304,0.07165567203132625,1.0,1,0,False,
生活区,BV1YBvhBhE1f,不要磕最下面，从头开始磕，有一点裂纹就不吵了,正面,负面,0.6247213056025657,0.17750058025738358,0.19777811414005073,0.6247213056025657,1.0,1,0,False,
生活区,BV1YBvhBhE1f,其实老师能看到只是看你已经尽量降低存在感了就假装没发现,正面,正面,0.6799860689330072,0.6799860689330072,0.09500967455418283,0.22500425651281006,1.0,1,0,False,
生活区,BV1YBvhBhE1f,一点点超快的！我有过一公里十分钟之内送达的记录 可能是因为单少,正面,正面,0.39397478082830034,0.39397478082830034,0.26119358983339197,0.3448316293383077,0.0,0,0,False,
生活区,BV1YBvhBhE1f,她好帅啊！！！！！！,正面,正面,0.8426185481150682,0.8426185481150682,0.1572873241440761,9.412774085580822e-05,0.0,0,0,False,
生活区,BV1YBvhBhE1f,哈哈 并不需要偷吃,正面,正面,0.48298285661259055,0.48298285661259055,0.40603630116870976,0.11098084221869978,2.0,2,0,False,
生活区,BV1YBvhBhE1f,真正的复旦之光啊！,正面,正面,0.38596930661766865,0.38596930661766865,0.3392640948259423,0.2747665985563891,0.0,0,0,False,
生活区,BV1YBvhBhE1f,这个很实用。,正面,正面,0.7858085666490393,0.7858085666490393,0.19395276738150102,0.020238665969459772,3.5,3,0,False,
生活区,BV1YBvhBhE1f,还是本命武魂好用,正面,正面,0.5093505891156871,0.5093505891156871,0.2752146645561608,0.21543474632815213,2.0,2,0,False,
生活区,BV1YBvhBhE1f,婚戒有戴食指上的吗？↑,正面,负面,0.7021589300202379,0.16866017354138613,0.1291808964383761,0.7021589300202379,1.0,1,0,False,
生活区,BV1YBvhBhE1f,这种就是经常看时间。然后可以推测出来的,正面,正面,0.7562196241096361,0.7562196241096361,0.10055042268539804,0.14322995320496587,2.0,2,0,False,
生活区,BV1YBvhBhE1f,不愧是杀手47,正面,正面,0.5853848466004699,0.5853848466004699,0.31127035490317567,0.10334479849635451,2.0,2,0,False,
生活区,BV1YBvhBhE1f,哈哈哈哈哈哈哈哈哈哈哈哈哈哈哈哈哈哈哈,正面,正面,0.9980430723080389,0.9980430723080389,0.0016328666508442862,0.00032406104111673247,7.0,7,0,False,
生活区,BV1YBvhBhE1f,雅课长不要借着修行的名义突破次元壁啊！,正面,正面,0.8480152142115759,0.8480152142115759,0.09973688125859094,0.05224790452983313,2.0,2,0,False,
生活区,BV1YBvhBhE1f,粘粘世界BGM！！！！,正面,正面,0.6908031448539452,0.6908031448539452,0.307959598799187,0.001237256346867747,0.0,0,0,False,
生活区,BV1YBvhBhE1f,而且雨哥吞干净了再去举手,正面,正面,0.5631845038720664,0.5631845038720664,0.28190175835880804,0.1549137377691255,2.0,2,0,False,
生活区,BV1YBvhBhE1f,美团团购店好多选好多，下一个节目是,正面,正面,0.4160206953324913,0.4160206953324913,0.3482104743391751,0.2357688303283336,1.0,1,0,False,
生活区,BV1YBvhBhE1f,第一个很有用啊,正面,正面,0.7867324990643934,0.7867324990643934,0.07894560347992537,0.13432189745568132,3.5,3,0,False,
生活区,BV1YBvhBhE1f,输给商务啦！！！（64v音,正面,正面,0.6459063626960505,0.6459063626960505,0.34907484933206195,0.0050187879718875455,0.0,0,0,False,
生活区,BV1YBvhBhE1f,哈哈哈哈哈我真服了,正面,正面,0.9868511209401769,0.9868511209401769,0.008918446605430463,0.004230432454392579,5.0,5,0,False,
生活区,BV1YBvhBhE1f,不愧是复旦之光,正面,正面,0.5183089181470092,0.5183089181470092,0.36878103112393984,0.1129100507290509,2.0,2,0,False,
生活区,BV1YBvhBhE1f,666还有小精灵,正面,正面,0.7243273041902568,0.7243273041902568,0.17246228201375785,0.10321041379598533,2.0,2,0,False,
生活区,BV1YBvhBhE1f,哈哈哈哈哈哈哈哈哈哈哈哈哈哈哈哈,正面,正面,0.9957490832720706,0.9957490832720706,0.003403585999785513,0.0008473307281439108,6.0,6,0,False,
生活区,BV1YBvhBhE1f,哈哈哈哈哈哈哈哈哈哈哈,正面,正面,0.9545724012020218,0.9545724012020218,0.03303358671828543,0.01239401207969271,3.0,3,0,False,
生活区,BV1YBvhBhE1f,这个很简单其实你也可以用手撕开,正面,正面,0.9500844383174061,0.9500844383174061,0.027436035386240926,0.02247952629635314,4.5,4,0,False,
生活区,BV1YBvhBhE1f,哈哈哈哈哈哈哈真正的老吃家,正面,正面,0.9612795972025524,0.9612795972025524,0.02858504740952661,0.010135355387920835,3.0,3,0,False,
生活区,BV1YBvhBhE1f,还吃过这家哈哈哈哈哈哈哈,正面,正面,0.946123352610739,0.946123352610739,0.038842832365440054,0.015033815023820906,3.0,3,0,False,
生活区,BV1YBvhBhE1f,这么大方,正面,正面,0.627991127872937,0.627991127872937,0.17810119861270374,0.19390767351435922,2.0,2,0,False,
生活区,BV1YBvhBhE1f,[Ohh],正面,中性,0.7402517843073261,0.14731076767652504,0.7402517843073261,0.11243744801614877,0.0,0,0,False,
生活区,BV1YBvhBhE1f,其实可以把分贝仪捂起来的,正面,正面,0.6016052102239681,0.6016052102239681,0.23512045580101978,0.16327433397501215,2.0,2,0,False,
生活区,BV1YBvhBhE1f,我很喜欢吃旺旺小酥！,正面,正面,0.932442159631142,0.932442159631142,0.05445807782966702,0.01309976253919098,3.5,3,0,False,
生活区,BV1YBvhBhE1f,哈哈哈哈,正面,正面,0.9192799998603564,0.9192799998603564,0.030690580696449338,0.050029419443194265,2.0,2,0,False,
生活区,BV1YBvhBhE1f,哈哈哈哈哈哈哈,正面,正面,0.9649282527384099,0.9649282527384099,0.020857837669878494,0.014213909591711489,3.0,3,0,False,
生活区,BV1YBvhBhE1f,雨哥好聪明哈哈哈哈哈哈,正面,正面,0.9976901235587137,0.9976901235587137,0.0018017988976828125,0.0005080775436036007,6.0,6,0,False,
生活区,BV1YBvhBhE1f,兵不厌诈哈哈哈哈,正面,正面,0.9594413974347865,0.9594413974347865,0.025276190721503892,0.01528241184370953,3.0,3,0,False,
生活区,BV1YBvhBhE1f,她好美啊！,正面,正面,0.895947692086894,0.895947692086894,0.05498688111471129,0.049065426798394624,2.0,2,0,False,
生活区,BV1YBvhBhE1f,不愧是番茄本茄,正面,正面,0.5183089181470092,0.5183089181470092,0.36878103112393984,0.1129100507290509,2.0,2,0,False,
生活区,BV1YBvhBhE1f,[OHHHHHH],正面,中性,0.7402517843073261,0.14731076767652504,0.7402517843073261,0.11243744801614877,0.0,0,0,False,
生活区,BV1YBvhBhE1f,这个可以去羊村打赌,正面,正面,0.4334536527840561,0.4334536527840561,0.2540478759192031,0.3124984712967408,2.0,2,0,False,
生活区,BV1YBvhBhE1f,[ohhhhh],正面,中性,0.7402517843073261,0.14731076767652504,0.7402517843073261,0.11243744801614877,0.0,0,0,False,
生活区,BV1YBvhBhE1f,[ohhhhhhh],正面,中性,0.7402517843073261,0.14731076767652504,0.7402517843073261,0.11243744801614877,0.0,0,0,False,
生活区,BV1YBvhBhE1f,这肯定是没偷吃过瓜子谁偷吃瓜子用嘴剥啊,正面,正面,0.49504410911501834,0.49504410911501834,0.11042988618612823,0.39452600469885335,2.0,2,0,False,
生活区,BV1YBvhBhE1f,又来哈哈哈哈哈哈哈,正面,正面,0.9134971184262618,0.9134971184262618,0.07204536371634884,0.014457517857389324,3.0,3,0,False,
生活区,BV1YBvhBhE1f,不愧是番茄,正面,正面,0.5618638465691738,0.5618638465691738,0.3084712334197854,0.12966492001104082,2.0,2,0,False,
生活区,BV1YBvhBhE1f,嚯哈哈哈哈哈哈哈,正面,正面,0.9556582847319293,0.9556582847319293,0.032187859044900353,0.012153856223170308,3.0,3,0,False,
生活区,BV1YBvhBhE1f,她好帅啊！！！！！她好帅！！！！！,正面,正面,0.9761348281976693,0.9761348281976693,0.0238649052939768,2.665083539118483e-07,0.0,0,0,False,
生活区,BV1YBvhBhE1f,太牛了,正面,正面,0.37728377105345107,0.37728377105345107,0.3452110178865404,0.2775052110600086,1.0,1,0,False,
生活区,BV1YBvhBhE1f,瓜子连壳带肉一起吃是最安全的,正面,正面,0.6447449553693756,0.6447449553693756,0.2465568695103315,0.10869817512029283,2.0,2,0,False,
生活区,BV1YBvhBhE1f,机械云真好看,正面,正面,0.7904618572560458,0.7904618572560458,0.15846230105651504,0.051075841687439144,3.0,3,0,False,
生活区,BV1YBvhBhE1f,[OHHHH],正面,中性,0.7402517843073261,0.14731076767652504,0.7402517843073261,0.11243744801614877,0.0,0,0,False,
生活区,BV1YBvhBhE1f,[ohhhhhhhh],正面,中性,0.7402517843073261,0.14731076767652504,0.7402517843073261,0.11243744801614877,0.0,0,0,False,
生活区,BV1YBvhBhE1f,当之无愧哈哈哈哈哈,正面,正面,0.9958601892400037,0.9958601892400037,0.00287614941012074,0.001263661349875475,6.0,6,0,False,
生活区,BV1YBvhBhE1f,啊啊好好看,正面,负面,0.8195808389716707,0.14237958970777087,0.03803957132055856,0.8195808389716707,1.0,1,0,False,
生活区,BV1YBvhBhE1f,她好帅啊！！！,正面,正面,0.5699083924255925,0.5699083924255925,0.42263831515402267,0.007453292420384775,0.0,0,0,False,
生活区,BV1YBvhBhE1f,最喜欢并反复观看的一段.jpg,正面,正面,0.6763103015591769,0.6763103015591769,0.16265797119420586,0.16103172724661727,2.0,2,0,False,
生活区,BV1YBvhBhE1f,哈哈哈哈哈哈,正面,正面,0.983922056081796,0.983922056081796,0.007952568890817958,0.008125375027386082,4.0,4,0,True,1.0
生活区,BV1YBvhBhE1f,我耳朵会动，我还可以把手指掰到90度,正面,正面,0.6856243375646139,0.6856243375646139,0.11385271542506667,0.20052294701031936,3.0,3,0,False,
生活区,BV1YBvhBhE1f,哈哈哈哈哈哈哈哈哈,正面,正面,0.991756517617193,0.991756517617193,0.005495598160024466,0.002747884222782538,5.0,5,0,False,
生活区,BV1YBvhBhE1f,好厉害！！,正面,正面,0.9030767420078935,0.9030767420078935,0.09483668838437255,0.002086569607734046,2.0,2,0,False,
生活区,BV1YBvhBhE1f,如果上颚的压力比较大也可以秒吃。,正面,正面,0.46713875287608225,0.46713875287608225,0.334966975815783,0.19789427130813486,0.0,2,2,False,
生活区,BV1YBvhBhE1f,我去太牛了,正面,正面,0.4365289033156616,0.4365289033156616,0.3312996205137728,0.23217147617056563,1.0,1,0,False,
生活区,BV1YBvhBhE1f,哈哈哈哈哈哈哈哈,正面,正面,0.886656911971122,0.886656911971122,0.07970553283734141,0.03363755519153658,2.0,2,0,True,1.0
生活区,BV1YBvhBhE1f,哈哈哈哈当之无愧,正面,正面,0.9854799776858338,0.9854799776858338,0.007564931151688811,0.006955091162477402,4.0,4,0,False,
生活区,BV1YBvhBhE1f,鹰眼哈哈哈哈哈,正面,正面,0.9696894736312143,0.9696894736312143,0.022818125459825662,0.007492400908960005,4.0,4,0,False,
生活区,BV1YBvhBhE1f,财大の光！！！！！,正面,正面,0.7461359888915946,0.7461359888915946,0.2536309217657722,0.00023308934263323468,0.0,0,0,False,
生活区,BV1YBvhBhE1f,闭眼的时候能够感受到别人走动的位置,正面,正面,0.4375290485643387,0.4375290485643387,0.3367960019568119,0.22567494947884936,0.0,0,0,False,
生活区,BV1YBvhBhE1f,推荐学习学习时分好兄弟的无声偷吃术,正面,正面,0.6448729306470989,0.6448729306470989,0.24699687840073833,0.10813019095216272,2.0,2,0,False,
生活区,BV1YBvhBhE1f,复旦之光！！！！！！！！！！！！,正面,正面,0.9890427695071347,0.9890427695071347,0.010957222540501797,7.952363681490018e-09,0.0,0,0,False,
生活区,BV1YBvhBhE1f,我就可以,正面,正面,0.5311508873817891,0.5311508873817891,0.19619490637088147,0.27265420624732944,2.0,2,0,False,
生活区,BV1YBvhBhE1f,可爱捏,正面,正面,0.6445012038677768,0.6445012038677768,0.2465217501770865,0.10897704595513674,2.0,2,0,False,
生活区,BV1YBvhBhE1f,哈哈哈哈哈哈哈哈哈哈哈哈哈,正面,正面,0.9909398605667272,0.9909398605667272,0.00685734364634948,0.002202795786923322,5.0,5,0,False,
生活区,BV1YBvhBhE1f,想起来RM 吃早餐 哈哈哈哈,正面,正面,0.7957088245135086,0.7957088245135086,0.1661596052866644,0.03813157019982699,2.0,2,0,False,
生活区,BV1YBvhBhE1f,这个仅限形状规则正好从物体中心切的情况，不要被误导,正面,正面,0.38991872795670285,0.38991872795670285,0.2714186439232869,0.3386626281200102,0.0,1,1,False,
生活区,BV1YBvhBhE1f,老师：请各位同学保持清醒，讲台上看得一清二楚，只要不要过于明目张胆，老师我还是会睁一只眼闭一只眼的,正面,负面,0.6749996843906404,0.3092951909317127,0.01570512467764701,0.6749996843906404,1.0,1,0,False,
生活区,BV1YBvhBhE1f,是馕不是饼哈哈哈哈,正面,正面,0.7519760382300943,0.7519760382300943,0.1910713030777014,0.05695265869220434,2.0,2,0,False,
生活区,BV1YBvhBhE1f,我可能不知道是在吃，但肯定都没听课！,正面,正面,0.6228708339700537,0.6228708339700537,0.1338618774060459,0.24326728862390032,2.0,2,0,False,
生活区,BV1YBvhBhE1f,666,正面,正面,0.8647148103537196,0.8647148103537196,0.05514509043172817,0.08014009921455234,2.0,2,0,False,
生活区,BV1YBvhBhE1f,厉害,正面,正面,0.7157092860671629,0.7157092860671629,0.10108722849736652,0.1832034854354706,2.0,2,0,False,
生活区,BV1YBvhBhE1f,财大nb,正面,正面,0.6445012038677768,0.6445012038677768,0.2465217501770865,0.10897704595513674,2.0,2,0,False,
生活区,BV1YBvhBhE1f,权威,正面,正面,0.7157092860671629,0.7157092860671629,0.10108722849736652,0.1832034854354706,2.0,2,0,False,
生活区,BV1YBvhBhE1f,[OHHHHHHHHHH],正面,中性,0.7402517843073261,0.14731076767652504,0.7402517843073261,0.11243744801614877,0.0,0,0,False,
生活区,BV1YBvhBhE1f,[OHHHHH],正面,中性,0.7402517843073261,0.14731076767652504,0.7402517843073261,0.11243744801614877,0.0,0,0,False,
生活区,BV1YBvhBhE1f,可是我也喜欢张着嘴睡觉啊(ΘˍΘ=),正面,负面,0.6773439282347388,0.28712911034449384,0.03552696142076725,0.6773439282347388,2.0,2,0,False,
生活区,BV1YBvhBhE1f,[ohhhhhhhhhhhhhhhhh],正面,中性,0.7402517843073261,0.14731076767652504,0.7402517843073261,0.11243744801614877,0.0,0,0,False,
生活区,BV1YBvhBhE1f,[OHHH],正面,中性,0.7402517843073261,0.14731076767652504,0.7402517843073261,0.11243744801614877,0.0,0,0,False,
生活区,BV1YBvhBhE1f,水平还是不行，嗑瓜子完全可以整个含在嘴里搞定全过程,正面,正面,0.7297877828707754,0.7297877828707754,0.14756561792863737,0.1226465992005872,2.0,4,2,False,
生活区,BV1YBvhBhE1f,[OHH],正面,中性,0.7402517843073261,0.14731076767652504,0.7402517843073261,0.11243744801614877,0.0,0,0,False,
生活区,BV1YBvhBhE1f,可以把瓜子壳含软一点然后用后牙咬开,正面,正面,0.5667181654373189,0.5667181654373189,0.11814453365932884,0.3151373009033524,2.0,2,0,False,
生活区,BV1YBvhBhE1f,这个我会，这个壳挺好吃，就是吃完肠道不太友好,正面,负面,0.5204162650576191,0.3577106157336099,0.12187311920877107,0.5204162650576191,3.0,3,0,False,
生活区,BV1YBvhBhE1f,[ohhhhhhhhhhhhhhhhhhhh],正面,中性,0.7402517843073261,0.14731076767652504,0.7402517843073261,0.11243744801614877,0.0,0,0,False,
生活区,BV1YBvhBhE1f,民科的胜利,正面,正面,0.7940658437680403,0.7940658437680403,0.12834862482077997,0.0775855314111796,2.0,2,0,False,
生活区,BV1YBvhBhE1f,[ohhhhhhhhhhhhhhhh],正面,中性,0.7402517843073261,0.14731076767652504,0.7402517843073261,0.11243744801614877,0.0,0,0,False,
生活区,BV1YBvhBhE1f,这种可以在嘴里含软了,正面,正面,0.5929715382371352,0.5929715382371352,0.15665428809056173,0.2503741736723031,2.0,2,0,False,
生活区,BV1YBvhBhE1f,[Ohhh],正面,中性,0.7402517843073261,0.14731076767652504,0.7402517843073261,0.11243744801614877,0.0,0,0,False,
生活区,BV1YBvhBhE1f,因为是喜欢吃生姜拌饭吗？（狗头）,正面,负面,0.6461637982723759,0.2498457160185439,0.10399048570908022,0.6461637982723759,2.0,2,0,False,
生活区,BV1YBvhBhE1f,谁会找我要生姜,正面,中性,0.5138978026398628,0.2704991713733165,0.5138978026398628,0.2156030259868206,1.0,1,0,False,
生活区,BV1YBvhBhE1f,bgm好评！,正面,正面,0.7379869753727013,0.7379869753727013,0.2476525121006989,0.014360512526599816,2.0,2,0,False,
生活区,BV1YBvhBhE1f,我去，好厉害,正面,正面,0.6855760534128361,0.6855760534128361,0.136117468325161,0.17830647826200288,2.0,2,0,False,
生活区,BV1YBvhBhE1f,0hhhhhhhhhhhhhhhhhhhhhhhhhhhhhhhh！,正面,中性,0.7340411209216845,0.24068591106190063,0.7340411209216845,0.02527296801641493,0.0,0,0,False,
生活区,BV1YBvhBhE1f,哈哈哈哈哈哈哈哈哈哈哈哈,正面,正面,0.9959644016528322,0.9959644016528322,0.003055234409536891,0.0009803639376308989,6.0,6,0,False,
生活区,BV1YBvhBhE1f,黑指甲好看！！,正面,正面,0.8053628480178977,0.8053628480178977,0.19099572959968975,0.003641422382412469,2.0,2,0,False,
生活区,BV1YBvhBhE1f,666这才是真正的几何之王,正面,正面,0.6936900198845598,0.6936900198845598,0.24129964764137266,0.06501033247406748,2.0,2,0,False,
生活区,BV1YBvhBhE1f,[ohhhhhh],正面,中性,0.7402517843073261,0.14731076767652504,0.7402517843073261,0.11243744801614877,0.0,0,0,False,
生活区,BV1YBvhBhE1f,哇，那很厉害了,正面,正面,0.8696676309642608,0.8696676309642608,0.07101067085851344,0.05932169817722562,3.5,3,0,False,
生活区,BV1YBvhBhE1f,我敷面膜呢，直接笑掉了哈哈哈,正面,正面,0.8925015910197813,0.8925015910197813,0.05982611400343838,0.047672294976780154,3.0,3,0,False,
生活区,BV1YBvhBhE1f,啊啊啊啊啊啊啊啊啊太厲害辣！！！！,正面,正面,0.7321004495141387,0.7321004495141387,0.2666655645886631,0.0012339858971982646,0.0,0,0,False,
生活区,BV1YBvhBhE1f,這好玩這很好笑,正面,正面,0.9742919929392476,0.9742919929392476,0.022214992612521123,0.003493014448231138,5.5,5,0,False,
生活区,BV1YBvhBhE1f,我可以边睡觉边学数学，并考高分（仅数学，仅小学）,正面,正面,0.665436027435803,0.665436027435803,0.03682132077247655,0.2977426517917205,4.0,4,0,False,
生活区,BV1YBvhBhE1f,没那么简单！！！,正面,正面,0.6979679582438382,0.6979679582438382,0.3008171963990562,0.0012148453571055981,0.0,1,1,False,
生活区,BV1YBvhBhE1f,不！！老——番——茄——！！,正面,正面,0.6473698609051483,0.6473698609051483,0.35113214160242995,0.0014979974924217607,0.0,0,0,False,
生活区,BV1YBvhBhE1f,我上课的时候可以静音吃零食,正面,正面,0.7319367600099934,0.7319367600099934,0.13223303330701966,0.13583020668298695,2.0,2,0,False,
生活区,BV1YBvhBhE1f,雨哥舒适区,正面,正面,0.5263226842938578,0.5263226842938578,0.39481032716125125,0.078866988544891,2.0,2,0,False,
生活区,BV1YBvhBhE1f,可以随时随地的打嗝。,正面,正面,0.6481387045883575,0.6481387045883575,0.1793686784261727,0.17249261698546975,2.0,2,0,False,
生活区,BV1YBvhBhE1f,太牛逼了这技能。,正面,负面,0.5090036872697439,0.31560955257183254,0.17538676015842358,0.5090036872697439,1.0,1,0,False,
生活区,BV1YBvhBhE1f,袁记云饺包赢的到处都是哈哈哈哈,正面,正面,0.8272636875918258,0.8272636875918258,0.12035161971147283,0.052384692696701415,2.0,2,0,False,
生活区,BV1YBvhBhE1f,为什么上课要吃生姜啊喂！！！,正面,正面,0.5873988072729769,0.5873988072729769,0.3978550275665702,0.01474616516045293,0.0,0,0,False,
生活区,BV1YBvhBhE1f,她好帅啊！她好帅！！！,正面,正面,0.7048029324152315,0.7048029324152315,0.2930528299493627,0.002144237635405762,0.0,0,0,False,
生活区,BV1YBvhBhE1f,[OHHHHHHHH],正面,中性,0.7402517843073261,0.14731076767652504,0.7402517843073261,0.11243744801614877,0.0,0,0,False,
生活区,BV1YBvhBhE1f,o H HH H,正面,中性,0.7402517843073261,0.14731076767652504,0.7402517843073261,0.11243744801614877,0.0,0,0,False,
生活区,BV1YBvhBhE1f,小精灵哈哈哈,正面,正面,0.9523770670321127,0.9523770670321127,0.03004959434906896,0.01757333861881851,3.0,3,0,False,
生活区,BV1YBvhBhE1f,0hhhh,正面,中性,0.7402517843073261,0.14731076767652504,0.7402517843073261,0.11243744801614877,0.0,0,0,False,
生活区,BV1YBvhBhE1f,[Ohhhhhhh],正面,中性,0.7402517843073261,0.14731076767652504,0.7402517843073261,0.11243744801614877,0.0,0,0,False,
生活区,BV1YBvhBhE1f,[Ohhhhhhhhhh],正面,中性,0.7402517843073261,0.14731076767652504,0.7402517843073261,0.11243744801614877,0.0,0,0,False,
生活区,BV1YBvhBhE1f,称一个，按去皮称另一个可以直接得到差值,正面,正面,0.9119490153358389,0.9119490153358389,0.03522532725623607,0.05282565740792496,4.0,4,0,False,
生活区,BV1YBvhBhE1f,小老师好亚比好可爱,正面,正面,0.9406844300216092,0.9406844300216092,0.0429193769310955,0.016396193047295338,2.0,2,0,False,
生活区,BV1YBvhBhE1f,牛逼！！！！！！！！！！！,正面,正面,0.9949858269134498,0.9949858269134498,0.00501415287312284,2.0213427323071357e-08,1.0,1,0,False,
生活区,BV1YBvhBhE1f,OHhhhhh,正面,中性,0.7402517843073261,0.14731076767652504,0.7402517843073261,0.11243744801614877,0.0,0,0,False,
生活区,BV1YBvhBhE1f,哈哈哈哈哈哈哈哈哈哈,正面,正面,0.9817041739725185,0.9817041739725185,0.012710758869438073,0.005585067158043487,4.0,4,0,False,
生活区,BV1YBvhBhE1f,小精灵太损了哈哈哈哈,正面,正面,0.832676677920507,0.832676677920507,0.1261616665084311,0.04116165557106192,2.0,2,0,False,
生活区,BV1YBvhBhE1f,小精灵脸好红啊哈哈哈,正面,正面,0.8747443379854273,0.8747443379854273,0.028592270663284965,0.09666339135128776,3.0,3,0,False,
生活区,BV1YBvhBhE1f,小选手哈哈哈哈哈,正面,正面,0.9635864239742519,0.9635864239742519,0.02938557992427077,0.007027996101477321,4.0,4,0,False,
生活区,BV1YBvhBhE1f,那那个我其实确实可以闭眼唱，因为我熬夜的时候看不见，所以我就闭眼把苹果8 plus的插头给插上了,正面,负面,0.6287698350652453,0.3555149579365467,0.015715206998208005,0.6287698350652453,2.0,2,0,False,
生活区,BV1YBvhBhE1f,抖抖抖然后抬头对视点头hhhh,正面,正面,0.8143881742095817,0.8143881742095817,0.10793929088566608,0.0776725349047522,3.0,3,0,False,
生活区,BV1YBvhBhE1f,厉害！,正面,正面,0.7815226393567704,0.7815226393567704,0.2023668133664262,0.016110547276803364,2.0,2,0,False,
生活区,BV1YBvhBhE1f,！！！！！！,正面,正面,0.7940733699989824,0.7940733699989824,0.20588348596665906,4.31440343585359e-05,0.0,0,0,False,
生活区,BV1YBvhBhE1f,简单的物理，极致的胜利,正面,正面,0.970012742070405,0.970012742070405,0.014191368700977125,0.0157958892286179,4.0,4,0,False,
生活区,BV1YBvhBhE1f,贪吃王hhhhhhh,正面,中性,0.6719404084443497,0.1663675909657559,0.6719404084443497,0.16169200058989439,0.0,0,0,False,
生活区,BV1YBvhBhE1f,我可以倒着背圆周率,正面,正面,0.47325770021336916,0.47325770021336916,0.21389200423711974,0.31285029554951116,2.0,2,0,False,
生活区,BV1YBvhBhE1f,好像偷吃哈哈哈,正面,正面,0.9276536960748837,0.9276536960748837,0.05983155717356236,0.012514746751553962,3.0,3,0,False,
生活区,BV1YBvhBhE1f,[《古希腊掌管端水的神》ohhhhhhh！],正面,中性,0.51614250983909,0.42608452330954993,0.51614250983909,0.05777296685135998,0.0,0,0,False,
生活区,BV1YBvhBhE1f,水老师！！！,正面,正面,0.6248673249054776,0.6248673249054776,0.37272345344669844,0.0024092216478240067,0.0,0,0,False,
生活区,BV1YBvhBhE1f,我选A：KFC，因为这几家都不可能但KFC真可以,正面,正面,0.562565487442113,0.562565487442113,0.061343923225780625,0.37609058933210626,2.4,2,0,False,
生活区,BV1YBvhBhE1f,现在一点点已经塌了hhh,正面,中性,0.45401568328365155,0.3614661769386627,0.45401568328365155,0.18451813977768566,0.0,0,0,False,
生活区,BV1YBvhBhE1f,[Ohhhhhhhhh],正面,中性,0.7402517843073261,0.14731076767652504,0.7402517843073261,0.11243744801614877,0.0,0,0,False,
生活区,BV1YBvhBhE1f,我去  这几个是真有用,正面,正面,0.8191812184229756,0.8191812184229756,0.14647268641793618,0.03434609515908805,3.4,3,0,False,
生活区,BV1YBvhBhE1f,我有时可以,正面,正面,0.4479345858919159,0.4479345858919159,0.14201250696854248,0.4100529071395416,2.0,2,0,False,
生活区,BV1YBvhBhE1f,谁会上课偷偷吃这玩意啊！,正面,正面,0.574986247855831,0.574986247855831,0.29414638124364745,0.13086737090052164,1.0,1,0,False,
生活区,BV1YBvhBhE1f,SUSIE！！！！！！！！！！！！！！！！,正面,正面,0.9982553275082938,0.9982553275082938,0.0017446724748246063,1.688162724023122e-11,0.0,0,0,False,
生活区,BV1YBvhBhE1f,水老师一直很帅，以前猜画也是,正面,正面,0.4178690985215573,0.4178690985215573,0.22256003691149306,0.35957086456694964,0.0,0,0,False,
生活区,BV1YBvhBhE1f,哈哈哈哈哈哈哈哈哈哈哈哈哈哈哈哈哈哈哈哈哈,正面,正面,0.999581871157946,0.999581871157946,0.00036833136244020524,4.979747961386748e-05,9.0,9,0,False,
生活区,BV1YBvhBhE1f,第一个真可以,正面,正面,0.7693709105139707,0.7693709105139707,0.14540004598067954,0.08522904350534982,2.4,2,0,False,
生活区,BV1YBvhBhE1f,[ohhhhhhhhhh],正面,中性,0.7402517843073261,0.14731076767652504,0.7402517843073261,0.11243744801614877,0.0,0,0,False,
生活区,BV1YBvhBhE1f,[ohhhhhhhhh],正面,中性,0.7402517843073261,0.14731076767652504,0.7402517843073261,0.11243744801614877,0.0,0,0,False,
生活区,BV1YBvhBhE1f,这个牛,正面,中性,0.6113575650228529,0.2264885430272872,0.6113575650228529,0.16215389194985996,0.0,0,0,False,
生活区,BV1YBvhBhE1f,招牌肯定贵的呀,正面,正面,0.6494382205614145,0.6494382205614145,0.28423810789055054,0.06632367154803494,1.0,2,1,False,
生活区,BV1YBvhBhE1f,每次都是他们俩加赛，番茄输得好惨哈哈哈哈,正面,正面,0.8062681073557593,0.8062681073557593,0.07151417893767063,0.12221771370657014,2.0,2,0,False,
生活区,BV1YBvhBhE1f,哈哈哈哈哈哈哈哈哈哈哈哈哈哈哈哈哈,正面,正面,0.9902306426628834,0.9902306426628834,0.0077013312249168825,0.002068026112199667,5.0,5,0,False,
生活区,BV1YBvhBhE1f,我可以拿指甲抠开瓜子壳,正面,正面,0.49515550266998687,0.49515550266998687,0.2284790529894991,0.27636544434051397,2.0,2,0,False,
生活区,BV1YBvhBhE1f,[ohhhhhhhhhhhhhhhhhhhhhhhhhhhhhhhhhhhhh],正面,中性,0.7402517843073261,0.14731076767652504,0.7402517843073261,0.11243744801614877,0.0,0,0,False,
生活区,BV1YBvhBhE1f,杀手就是稳啊,正面,负面,0.4948241005442509,0.35023319482652376,0.15494270462922521,0.4948241005442509,1.0,1,0,False,
生活区,BV1YBvhBhE1f,他使用了亡语！！！,正面,正面,0.5395668272981853,0.5395668272981853,0.4570526262369898,0.003380546464824975,0.0,0,0,False,
生活区,BV1YBvhBhE1f,我可以用任何的东西在桌面上摩擦出一整首歌,正面,正面,0.5345063073728374,0.5345063073728374,0.18505059944229588,0.28044309318486665,2.0,2,0,False,
生活区,BV1YBvhBhE1f,[ohh][ohh],正面,中性,0.7402517843073261,0.14731076767652504,0.7402517843073261,0.11243744801614877,0.0,0,0,False,
生活区,BV1YBvhBhE1f,说实话，麦记牛奶真的很好喝,正面,正面,0.5840018318475128,0.5840018318475128,0.21674841665487027,0.19924975149761695,1.0,1,0,False,
生活区,BV1YBvhBhE1f,[oHH],正面,中性,0.7402517843073261,0.14731076767652504,0.7402517843073261,0.11243744801614877,0.0,0,0,False,
生活区,BV1YBvhBhE1f,我也有一个超能 那就是可以透视 我能精确的知道 你的大脑在哪,正面,正面,0.5869255454952157,0.5869255454952157,0.08827646634391992,0.32479798816086436,2.0,2,0,False,
生活区,BV1YBvhBhE1f,不愧是老吃家,正面,正面,0.5618638465691738,0.5618638465691738,0.3084712334197854,0.12966492001104082,2.0,2,0,False,
生活区,BV1YBvhBhE1f,哈哈哈，瓜子要用手开开了再吃,正面,正面,0.9081547565195464,0.9081547565195464,0.054671653377396406,0.03717359010305718,3.0,3,0,False,
生活区,BV1YBvhBhE1f,下一个是谁片头哈哈哈,正面,正面,0.9002425325437953,0.9002425325437953,0.08283122815713562,0.01692623929906902,3.0,3,0,False,
生活区,BV1YBvhBhE1f,[ohhhhhhhhhhh],正面,中性,0.7402517843073261,0.14731076767652504,0.7402517843073261,0.11243744801614877,0.0,0,0,False,
生活区,BV1YBvhBhE1f,ta'hao'shuaitahaoshuai！！！！,正面,正面,0.6173131703990223,0.6173131703990223,0.3819173520607816,0.000769477540196114,0.0,0,0,False,
