partition,sentiment_aspect,aspect_sentiment,count
学习区,娱乐与趣味,中性,1
学习区,娱乐与趣味,正面,17
学习区,娱乐与趣味,混合,2
学习区,实用与收获,正面,3
学习区,未明确方面,中性,1250
学习区,未明确方面,正面,187
学习区,未明确方面,混合,6
学习区,未明确方面,负面,74
学习区,比赛表现,中性,3
学习区,理解与难度,中性,3
学习区,理解与难度,正面,36
学习区,理解与难度,混合,8
学习区,理解与难度,负面,12
学习区,节奏与效率,中性,5
学习区,节奏与效率,正面,1
学习区,视听体验,中性,5
学习区,视听体验,正面,1
学习区,讲解质量,中性,1
学习区,讲解质量,正面,1
生活区,娱乐与趣味,中性,2
生活区,娱乐与趣味,正面,50
生活区,娱乐与趣味,混合,4
生活区,娱乐与趣味+比赛表现,正面,5
生活区,实用与收获,正面,5
生活区,未明确方面,中性,796
生活区,未明确方面,正面,155
生活区,未明确方面,混合,7
生活区,未明确方面,负面,31
生活区,比赛表现,中性,40
生活区,比赛表现,正面,4
生活区,比赛表现,负面,1
生活区,理解与难度,中性,3
生活区,理解与难度,正面,5
生活区,理解与难度,负面,2
生活区,理解与难度+比赛表现,中性,2
生活区,节奏与效率,中性,2
生活区,节奏与效率,混合,1
生活区,视听体验,中性,7
生活区,视听体验,正面,9
生活区,视听体验,混合,1
生活区,视听体验,负面,2
