partition,pred_label,count,total,ratio,previous_ratio,delta_ratio,previous_experiment
学习区,中性,,,0.0,0.7561881188118812,-0.7561881188118812,final_round_4
学习区,正面,,,0.0,0.1553217821782178,-0.1553217821782178,final_round_4
学习区,负面,,,0.0,0.0884900990099009,-0.0884900990099009,final_round_4
生活区,中性,16.0,169.0,0.09467455621301775,0.6604938271604939,-0.5658192709474761,final_round_4
生活区,正面,126.0,169.0,0.7455621301775148,0.2416225749559082,0.5039395552216066,final_round_4
生活区,负面,27.0,169.0,0.15976331360946747,0.0978835978835978,0.06187971572586967,final_round_4
知识区,中性,638.0,1216.0,0.524671052631579,0.0,0.524671052631579,final_round_4
知识区,正面,407.0,1216.0,0.3347039473684211,0.0,0.3347039473684211,final_round_4
知识区,负面,171.0,1216.0,0.140625,0.0,0.140625,final_round_4
