partition,bvid,title,view_count,like_count,coin_count,favorite_count,reply_count,danmaku_count,text,label,text_clean,pos_cnt,neg_cnt,word_len,exclaim_cnt,question_cnt,lexicon_score,lexicon_pos_score,lexicon_neg_score,lexicon_abs_score,sentiment_density,discourse_score,clause_positive_score,clause_negative_score,contrast_count,is_mixed_sentiment,self_emotion_flag,cognitive_negative_flag,cognitive_positive_flag,stance_positive_flag,stance_negative_flag,evaluation_flag,sentiment_type,sentiment_target,sentiment_aspect,aspect_sentiment,pred,model_confidence,prob_negative,prob_neutral,prob_positive,pred_raw_label,pred_label,manual_label,manual_override
知识区,BV1zrGi6PE9B,【最后一课】2X2联表与独立性检验！,1054229,81609,6891,18819,2559,5700,乐观  ：）    不乐观   ：（,,乐观不乐观,1,1,3,0,0,0.0,1.0,1.0,0.0,0.6666666666666666,0.0,1.0,1.0,0,1,0,0,0,0,0,1,对象评价,未明确对象,未明确方面,混合,-1,0.8165460855452141,0.8165460855452141,0.10761845335035432,0.07583546110443141,负面,负面,,False
知识区,BV1zrGi6PE9B,【最后一课】2X2联表与独立性检验！,1054229,81609,6891,18819,2559,5700,我不行了这个坏宝宝好可爱,,我不行了这个坏宝宝好可爱,1,1,6,0,0,0.0,1.0,1.0,0.0,0.3333333333333333,0.0,1.0,1.0,0,1,0,0,0,0,0,1,对象评价,未明确对象,未明确方面,混合,1,0.5622299421115327,0.32032268348612514,0.11744737440234221,0.5622299421115327,正面,正面,,False
知识区,BV1zrGi6PE9B,【最后一课】2X2联表与独立性检验！,1054229,81609,6891,18819,2559,5700,乐观：嘻嘻  不乐观：不嘻嘻,,乐观嘻嘻不乐观不嘻嘻,1,1,6,0,0,0.0,1.0,1.0,0.0,0.3333333333333333,0.0,1.0,1.0,0,1,0,0,0,0,0,1,对象评价,未明确对象,未明确方面,混合,-1,0.7372451278140925,0.7372451278140925,0.18981054397105074,0.07294432821485677,负面,负面,,False
知识区,BV1zrGi6PE9B,【最后一课】2X2联表与独立性检验！,1054229,81609,6891,18819,2559,5700,愿大家学业有成功不唐捐  谢谢一数 小猪老师牛逼,,愿大家学业有成功不唐捐谢谢一数小猪老师牛逼,2,1,13,0,0,1.0,2.0,1.0,1.0,0.23076923076923078,1.0,2.0,1.0,0,1,0,0,0,0,0,1,对象评价,讲解者,未明确方面,混合,1,0.8364599001392578,0.06790830209726331,0.09563179776347892,0.8364599001392578,正面,正面,,False
知识区,BV1zrGi6PE9B,【最后一课】2X2联表与独立性检验！,1054229,81609,6891,18819,2559,5700,终于更新完了，谢谢小猪,,终于更新完了，谢谢小猪,1,1,6,0,0,0.0,1.0,1.0,0.0,0.3333333333333333,0.0,1.0,1.0,0,1,0,0,0,0,0,1,对象评价,未明确对象,未明确方面,混合,1,0.7640293347583605,0.11686330000631716,0.11910736523532228,0.7640293347583605,正面,正面,,False
知识区,BV1zrGi6PE9B,【最后一课】2X2联表与独立性检验！,1054229,81609,6891,18819,2559,5700,泪目了，谢谢一树老师陪我走完了整个高中数学，X﹏X,,泪目了，谢谢一树老师陪我走完了整个高中数学，XX,2,1,12,0,0,1.0,2.0,1.0,1.0,0.25,1.0,2.0,1.0,0,1,1,0,0,0,0,1,对象评价+自身情绪,讲解者+课程内容,未明确方面,混合,1,0.5292175266640039,0.38487273606867667,0.08590973726731939,0.5292175266640039,正面,正面,,False
知识区,BV1zrGi6PE9B,【最后一课】2X2联表与独立性检验！,1054229,81609,6891,18819,2559,5700,哭了，高考加油,,哭了，高考加油,1,1,4,0,0,0.0,1.0,1.0,0.0,0.5,0.0,1.0,1.0,0,1,0,0,0,0,0,1,对象评价,未明确对象,未明确方面,混合,1,0.6573215683930884,0.18808779894432182,0.15459063266258974,0.6573215683930884,正面,正面,,False
知识区,BV1zrGi6PE9B,【最后一课】2X2联表与独立性检验！,1054229,81609,6891,18819,2559,5700,肯定是乙药，因为假药没效果,,肯定是乙药，因为假药没效果,1,1,7,0,0,0.0,1.0,1.0,0.0,0.2857142857142857,0.0,1.0,1.0,0,1,0,0,0,0,0,1,对象评价,未明确对象,未明确方面,混合,0,0.6700421545475025,0.21163132073487398,0.6700421545475025,0.11832652471762346,中性,中性,,False
生活区,BV1xsVh6eEK7,过年啦过年啦,691495,246343,4567,10925,10409,5744,哈哈哈哈，不错不错,,哈哈哈哈，不错不错,2,1,4,0,0,1.0,2.0,1.0,1.0,0.75,1.0,2.0,1.0,0,1,1,0,0,0,0,1,对象评价+自身情绪,未明确对象,娱乐与趣味,混合,1,0.9743093982263022,0.014476814261459912,0.011213787512237922,0.9743093982263022,正面,正面,,False
