partition,bvid,title,view_count,like_count,coin_count,favorite_count,reply_count,danmaku_count,text,label,text_clean,pos_cnt,neg_cnt,word_len,exclaim_cnt,question_cnt,lexicon_score,lexicon_pos_score,lexicon_neg_score,lexicon_abs_score,sentiment_density,pred,model_confidence,prob_negative,prob_neutral,prob_positive,pred_raw_label,pred_label,manual_label,manual_override
学习区,BV1uz4y1475S,【洛必达法则】高考使用指南,6024529,275700,78319,229821,4829,23590,请问我会了这禁术可以当火影吗[星星眼]​,,请问我会了这禁术可以当火影吗星星眼,2,0,8,0,0,2.0,2.0,0.0,2.0,0.25,0,0.5105350322269342,0.06995902365474305,0.5105350322269342,0.41950594411832276,中性,中性,0.0,True
学习区,BV1uz4y1475S,【洛必达法则】高考使用指南,6024529,275700,78319,229821,4829,23590,例如：狄利克雷函数,,例如狄利克雷函数,0,1,4,0,0,-1.0,0.0,1.0,1.0,0.25,0,0.8731730452570302,0.07507564677564431,0.8731730452570302,0.051751307967325536,中性,中性,,False
学习区,BV1uz4y1475S,【洛必达法则】高考使用指南,6024529,275700,78319,229821,4829,23590,这节课就是讲洛必达法则，大家不要再刷什么别的方法也能用了,,这节课就是讲洛必达法则，大家不要再刷什么别的方法也能用了,1,0,16,0,0,1.0,1.0,0.0,1.0,0.0625,-1,0.6026501965589064,0.6026501965589064,0.19590047686351986,0.20144932657757383,负面,正面,,False
学习区,BV1uz4y1475S,【洛必达法则】高考使用指南,6024529,275700,78319,229821,4829,23590,很喜欢小猪粉丝的一句话：啊？,,很喜欢小猪粉丝的一句话啊？,3,0,7,0,1,3.5,3.5,0.0,3.5,0.42857142857142855,-1,0.8671588016596341,0.8671588016596341,0.010551224358052797,0.12228997398231307,负面,负面,,False
学习区,BV1uz4y1475S,【洛必达法则】高考使用指南,6024529,275700,78319,229821,4829,23590,是用X无限趋近于1而求出1/2的，而x又可以等于1，所以右边是闭区间,,是用X无限趋近于1而求出12的，而x又可以等于1，所以右边是闭区间,2,0,21,0,0,2.0,2.0,0.0,2.0,0.09523809523809523,-1,0.9253243614537078,0.9253243614537078,0.01869736284468481,0.05597827570160763,负面,负面,,False
学习区,BV1uz4y1475S,【洛必达法则】高考使用指南,6024529,275700,78319,229821,4829,23590,注：x=1时不等式两边均为0，此时a可以取任意值成立，无意义，不讨论,,注x1时不等式两边均为0，此时a可以取任意值成立，无意义，不讨论,2,0,22,0,0,2.0,2.0,0.0,2.0,0.09090909090909091,-1,0.859372415552235,0.859372415552235,0.03917731767329765,0.10145026677446735,负面,负面,,False
学习区,BV1uz4y1475S,【洛必达法则】高考使用指南,6024529,275700,78319,229821,4829,23590,咱奶奶数学挺好啊,,咱奶奶数学挺好啊,1,0,5,0,0,1.0,1.0,0.0,1.0,0.2,-1,0.5116039009151192,0.5116039009151192,0.09409132258348529,0.3943047765013956,负面,正面,,False
学习区,BV1uz4y1475S,【洛必达法则】高考使用指南,6024529,275700,78319,229821,4829,23590,甚至有踩点迹象我哭死,,甚至有踩点迹象我哭死,0,1,6,0,0,-1.0,0.0,1.0,1.0,0.16666666666666666,0,0.618040060952592,0.3082647143415931,0.618040060952592,0.07369522470581487,中性,中性,,False
学习区,BV1uz4y1475S,【洛必达法则】高考使用指南,6024529,275700,78319,229821,4829,23590,高级中学课本：甲种本：《微积分初步》有讲，应该是左边,,高级中学课本甲种本微积分初步有讲，应该是左边,1,0,11,0,0,1.0,1.0,0.0,1.0,0.09090909090909091,-1,0.8936345343122801,0.8936345343122801,0.07071940160466585,0.03564606408305409,负面,负面,,False
学习区,BV1uz4y1475S,【洛必达法则】高考使用指南,6024529,275700,78319,229821,4829,23590,提醒：二次洛必达时一定要先判断上下是否仍满足0/0或无穷/无穷,,提醒二次洛必达时一定要先判断上下是否仍满足00或无穷无穷,2,0,16,0,0,2.0,2.0,0.0,2.0,0.125,-1,0.5255737865915003,0.5255737865915003,0.19926818509205513,0.27515802831644454,负面,正面,,False
学习区,BV1uz4y1475S,【洛必达法则】高考使用指南,6024529,275700,78319,229821,4829,23590,完了，我脑袋想到那个了～(￣▽￣～)~,,完了，我脑袋想到那个了,0,1,5,0,0,-1.0,0.0,1.0,1.0,0.2,0,0.6232756351433851,0.1204874372582677,0.6232756351433851,0.25623692759834715,中性,中性,,False
学习区,BV1uz4y1475S,【洛必达法则】高考使用指南,6024529,275700,78319,229821,4829,23590,这个有点过度追求洛必达了，可以参变分离的，后面是一个常数比含参的式子,,这个有点过度追求洛必达了，可以参变分离的，后面是一个常数比含参的式子,2,0,14,0,0,2.0,2.0,0.0,2.0,0.14285714285714285,-1,0.8630483832953187,0.8630483832953187,0.06389988910137104,0.07305172760331022,负面,负面,-1.0,True
学习区,BV1uz4y1475S,【洛必达法则】高考使用指南,6024529,275700,78319,229821,4829,23590,所以构造一个直角三角形，下面的一边是x，上面一边sinx，令x趋于0，会得到一个直角三角形,,所以构造一个直角三角形，下面的一边是x，上面一边sinx，令x趋于0，会得到一个直角三角形,1,0,20,0,0,1.0,1.0,0.0,1.0,0.05,-1,0.8668313436996292,0.8668313436996292,0.0716019252280677,0.061566731072302996,负面,负面,,False
学习区,BV1uz4y1475S,【洛必达法则】高考使用指南,6024529,275700,78319,229821,4829,23590,洛必达可以算x等于0是函数值为1，就是第一个了,,洛必达可以算x等于0是函数值为1，就是第一个了,2,0,12,0,0,2.0,2.0,0.0,2.0,0.16666666666666666,-1,0.3646924846198595,0.3646924846198595,0.33953984231705026,0.2957676730630902,负面,中性,0.0,True
学习区,BV1uz4y1475S,【洛必达法则】高考使用指南,6024529,275700,78319,229821,4829,23590,此处是因为该函数无线趋近2且永远大于2，所以比它小的a可以取得二分之一,,此处是因为该函数无线趋近2且永远大于2，所以比它小的a可以取得二分之一,2,0,19,0,0,2.0,2.0,0.0,2.0,0.10526315789473684,-1,0.5444701034159461,0.5444701034159461,0.2294274389001055,0.22610245768394835,负面,正面,,False
学习区,BV1uz4y1475S,【洛必达法则】高考使用指南,6024529,275700,78319,229821,4829,23590,教大家一点，零做除数时可以把分数值看做无穷大，省了不少事,,教大家一点，零做除数时可以把分数值看做无穷大，省了不少事,2,0,17,0,0,2.0,2.0,0.0,2.0,0.11764705882352941,-1,0.400332529456438,0.400332529456438,0.2645652670921522,0.33510220345140973,负面,正面,,False
学习区,BV1uz4y1475S,【洛必达法则】高考使用指南,6024529,275700,78319,229821,4829,23590,呼，咱俩都辛苦了,,呼，咱俩都辛苦了,1,0,5,0,0,1.0,1.0,0.0,1.0,0.2,-1,0.3567551122093877,0.3567551122093877,0.34352336056824256,0.2997215272223698,负面,正面,,False
学习区,BV1uz4y1475S,【洛必达法则】高考使用指南,6024529,275700,78319,229821,4829,23590,以我的理解洛必达本质上就是比较上下两个函数的增长率的（高中学渣轻喷）,,以我的理解洛必达本质上就是比较上下两个函数的增长率的高中学渣轻喷,2,0,15,0,0,2.0,2.0,0.0,2.0,0.13333333333333333,-1,0.626524497658359,0.626524497658359,0.12814395878529994,0.24533154355634104,负面,正面,,False
学习区,BV1uz4y1475S,【洛必达法则】高考使用指南,6024529,275700,78319,229821,4829,23590,西安高级中学,,西安高级中学,1,0,2,0,0,1.0,1.0,0.0,1.0,0.5,-1,0.45178800950391135,0.45178800950391135,0.35924595337950516,0.18896603711658352,负面,正面,,False
学习区,BV1uz4y1475S,【洛必达法则】高考使用指南,6024529,275700,78319,229821,4829,23590,怎么会有极限这不存在的情况,,怎么会有极限这不存在的情况,1,0,7,0,0,1.0,1.0,0.0,1.0,0.14285714285714285,-1,0.4336648404122321,0.4336648404122321,0.27298532436736234,0.29334983522040553,负面,正面,,False
学习区,BV1uz4y1475S,【洛必达法则】高考使用指南,6024529,275700,78319,229821,4829,23590,友情提示：家长或兄弟在旁边听课的同学4秒后建议将音量调小一小会（doge）,,友情提示家长或兄弟在旁边听课的同学4秒后建议将音量调小一小会doge,1,0,19,0,0,1.0,1.0,0.0,1.0,0.05263157894736842,-1,0.6760041735295231,0.6760041735295231,0.11836790495397495,0.20562792151650203,负面,正面,,False
学习区,BV1uz4y1475S,【洛必达法则】高考使用指南,6024529,275700,78319,229821,4829,23590,不尔，哪里装了？这题洛必达秒了！你不知道洛必达吗？哈~大学知识，很简单的,,不尔，哪里装了？这题洛必达秒了！你不知道洛必达吗？哈大学知识，很简单的,2,1,19,1,2,1.5,2.5,1.0,1.5,0.15789473684210525,-1,0.9771172737703553,0.9771172737703553,0.012654731098049357,0.010227995131595571,负面,负面,,False
学习区,BV1uz4y1475S,【洛必达法则】高考使用指南,6024529,275700,78319,229821,4829,23590,其实我觉得他不用落了，就是在他算完第一步的时候正无穷大比正无穷大，然后根据纸指数爆炸大于命数，然后再大于对数，所以说你可以得出大正无穷比小正无穷等于正无穷，所以说选b,,其实我觉得他不用落了，就是在他算完第一步的时候正无穷大比正无穷大，然后根据纸指数爆炸大于命数，然后再大于对数，所以说你可以得出大正无穷比小正无穷等于正无穷，所以说选b,2,0,45,0,0,2.0,2.0,0.0,2.0,0.044444444444444446,-1,0.9733345377259228,0.9733345377259228,0.002474620440228289,0.024190841833848883,负面,负面,,False
学习区,BV1uz4y1475S,【洛必达法则】高考使用指南,6024529,275700,78319,229821,4829,23590,高斯函数可以求导嘛,,高斯函数可以求导嘛,2,0,5,0,0,2.0,2.0,0.0,2.0,0.4,0,0.6235306237676423,0.11721191500524747,0.6235306237676423,0.2592574612271102,中性,中性,0.0,True
学习区,BV1uz4y1475S,【洛必达法则】高考使用指南,6024529,275700,78319,229821,4829,23590,吓哭了,,吓哭了,0,1,1,0,0,-1.0,0.0,1.0,1.0,1.0,0,0.5566001975560934,0.22233091748764933,0.5566001975560934,0.22106888495625732,中性,中性,0.0,True
学习区,BV1uz4y1475S,【洛必达法则】高考使用指南,6024529,275700,78319,229821,4829,23590,我目前为止见到X的分母，出现这种分数形式，他就会有渐进线。,,我目前为止见到X的分母，出现这种分数形式，他就会有渐进线。,1,0,16,0,0,1.0,1.0,0.0,1.0,0.0625,-1,0.7305474274085634,0.7305474274085634,0.11822460258347985,0.15122797000795657,负面,正面,,False
学习区,BV1uz4y1475S,【洛必达法则】高考使用指南,6024529,275700,78319,229821,4829,23590,[前方高能],,前方高能,2,0,2,0,0,2.0,2.0,0.0,2.0,1.0,1,0.6556354143187656,0.1210157744916703,0.2233488111895642,0.6556354143187656,正面,中性,0.0,True
学习区,BV1uz4y1475S,【洛必达法则】高考使用指南,6024529,275700,78319,229821,4829,23590,上了大学好崩溃┭┮﹏┭┮ 好怀念小猪老师,,上了大学好崩溃好怀念小猪老师,0,2,7,0,0,-2.0,0.0,2.0,2.0,0.2857142857142857,1,0.38306835310187143,0.2901815788191419,0.32675006807898666,0.38306835310187143,正面,负面,,False
学习区,BV1uz4y1475S,【洛必达法则】高考使用指南,6024529,275700,78319,229821,4829,23590,狄利克雷,,狄利克雷,0,1,2,0,0,-1.0,0.0,1.0,1.0,0.5,0,0.6261902194361871,0.2055437990670075,0.6261902194361871,0.16826598149680544,中性,中性,,False
学习区,BV1uz4y1475S,【洛必达法则】高考使用指南,6024529,275700,78319,229821,4829,23590,冒险家随身携带洛必达法则，在高考时可以缩小洛必达法则，由于冒险家爱惜书本，在使用洛必达法则时不产生消耗,,冒险家随身携带洛必达法则，在高考时可以缩小洛必达法则，由于冒险家爱惜书本，在使用洛必达法则时不产生消耗,4,0,26,0,0,4.0,4.0,0.0,4.0,0.15384615384615385,-1,0.557542325017701,0.557542325017701,0.12102709793485172,0.32143057704744726,负面,中性,0.0,True
学习区,BV1uz4y1475S,【洛必达法则】高考使用指南,6024529,275700,78319,229821,4829,23590,其实也可以不用洛必达，本来指数增长速率就比幂函数快,,其实也可以不用洛必达，本来指数增长速率就比幂函数快,2,0,14,0,0,2.0,2.0,0.0,2.0,0.14285714285714285,-1,0.444767397667226,0.444767397667226,0.2480420511261588,0.3071905512066152,负面,正面,,False
学习区,BV1uz4y1475S,【洛必达法则】高考使用指南,6024529,275700,78319,229821,4829,23590,什么是大便？是餐便分离的一遍又一遍,,什么是大便？是餐便分离的一遍又一遍,1,0,9,0,1,1.0,1.0,0.0,1.0,0.1111111111111111,-1,0.7727365052320525,0.7727365052320525,0.18196853016633358,0.045294964601613974,负面,正面,,False
学习区,BV1uz4y1475S,【洛必达法则】高考使用指南,6024529,275700,78319,229821,4829,23590,高一学完了高三,,高一学完了高三,0,1,3,0,0,-1.0,0.0,1.0,1.0,0.3333333333333333,0,0.6233272812323714,0.24942323456747634,0.6233272812323714,0.1272494842001524,中性,中性,,False
学习区,BV1uz4y1475S,【洛必达法则】高考使用指南,6024529,275700,78319,229821,4829,23590,高级函数比中级函数,,高级函数比中级函数,2,0,5,0,0,2.0,2.0,0.0,2.0,0.4,0,0.6100180488131215,0.12331453036788463,0.6100180488131215,0.26666742081899386,中性,中性,0.0,True
学习区,BV1uz4y1475S,【洛必达法则】高考使用指南,6024529,275700,78319,229821,4829,23590,ಠ_ಠ我有一个特异功能！！ಠ_ರೃ取下眼睛~ಠ_ಠ再装上去~ರೃ_ಠ再取下另一只~ಠ_ಠ再装上去~ರೃ_ರೃ都取下来~ರೃ∀ರೃ装不上去了！！！,,我有一个特异功能！！取下眼睛再装上去再取下另一只再装上去都取下来装不上去了！！！,0,1,23,5,0,-1.0,0.0,1.0,1.0,0.043478260869565216,0,0.70330731043016,0.010910752010730043,0.70330731043016,0.28578193755910997,中性,中性,,False
学习区,BV1uz4y1475S,【洛必达法则】高考使用指南,6024529,275700,78319,229821,4829,23590,你看我有一个特异功能( ・ิω・ิ)，就是我可以把我的眉毛摘下来，( ・ิω・)ノิิ摘下，( ・ิω・ิ)安上， ( ・ω・ิ)ノิิ又摘下，( ・ิω・ิ)再安上，(・ ω・)ノิิ2边都摘下，╰,,你看我有一个特异功能，就是我可以把我的眉毛摘下来，摘下，安上，又摘下，再安上，2边都摘下，,2,0,25,0,0,2.0,2.0,0.0,2.0,0.08,-1,0.9527922666508525,0.9527922666508525,0.014791331597296106,0.032416401751851495,负面,负面,,False
学习区,BV1uz4y1475S,【洛必达法则】高考使用指南,6024529,275700,78319,229821,4829,23590,问：林徽因的「是爱，是暖，是希望，你是人间四月天」，如何对下句？......是他，是他，就是他，少年英雄小哪吒只要你每天坚持自习，认真刻苦，态度端正，忍受孤独.,,问林徽因的是爱，是暖，是希望，你是人间四月天，如何对下句？......是他，是他，就是他，少年英雄小哪吒只要你每天坚持自习，认真刻苦，态度端正，忍受孤独.,4,0,38,0,1,4.0,4.0,0.0,4.0,0.10526315789473684,-1,0.9672973338519618,0.9672973338519618,0.0017705983539290605,0.03093206779410918,负面,负面,,False
学习区,BV1uz4y1475S,【洛必达法则】高考使用指南,6024529,275700,78319,229821,4829,23590,可以用端点效应这题,,可以用端点效应这题,2,0,5,0,0,2.0,2.0,0.0,2.0,0.4,1,0.526279504392546,0.07275726801106097,0.4009632275963931,0.526279504392546,正面,中性,0.0,True
学习区,BV1uz4y1475S,【洛必达法则】高考使用指南,6024529,275700,78319,229821,4829,23590,也可以上下同除x然后求极限,,也可以上下同除x然后求极限,2,0,8,0,0,2.0,2.0,0.0,2.0,0.25,0,0.46221858527338183,0.15244400874872854,0.46221858527338183,0.38533740597788957,中性,中性,0.0,True
学习区,BV1uz4y1475S,【洛必达法则】高考使用指南,6024529,275700,78319,229821,4829,23590,两个爆炸式增长的指数函数比上一个二次式在正无穷肯定是趋近于正无穷的,,两个爆炸式增长的指数函数比上一个二次式在正无穷肯定是趋近于正无穷的,2,0,15,0,0,2.0,2.0,0.0,2.0,0.13333333333333333,-1,0.7177013578265021,0.7177013578265021,0.14254195849047238,0.13975668368302555,负面,正面,,False
学习区,BV1uz4y1475S,【洛必达法则】高考使用指南,6024529,275700,78319,229821,4829,23590,为什么要洛必达，他分子是指数远远肯定大于分母啊,,为什么要洛必达，他分子是指数远远肯定大于分母啊,2,0,10,0,0,2.0,2.0,0.0,2.0,0.2,-1,0.8822854628936136,0.8822854628936136,0.056893415431366126,0.06082112167502031,负面,负面,-1.0,True
学习区,BV1uz4y1475S,【洛必达法则】高考使用指南,6024529,275700,78319,229821,4829,23590,是不是可以将分子的X 的平方直接除下去再导？,,是不是可以将分子的X的平方直接除下去再导？,2,0,11,0,1,2.0,2.0,0.0,2.0,0.18181818181818182,-1,0.9534197244829655,0.9534197244829655,0.015462306160134727,0.031117969356899592,负面,负面,,False
学习区,BV1uz4y1475S,【洛必达法则】高考使用指南,6024529,275700,78319,229821,4829,23590,如果大题步骤多且比较难且时间不是很多，是可以直接用的，但是如果比较简单的题还是不推荐，容易扣分,,如果大题步骤多且比较难且时间不是很多，是可以直接用的，但是如果比较简单的题还是不推荐，容易扣分,4,3,25,0,0,1.0,4.0,3.0,1.0,0.28,-1,0.7764216493893878,0.7764216493893878,0.04827623168101454,0.17530211892959766,负面,正面,,False
学习区,BV1uz4y1475S,【洛必达法则】高考使用指南,6024529,275700,78319,229821,4829,23590,暗戳戳,,暗戳戳,0,1,2,0,0,-1.0,0.0,1.0,1.0,0.5,0,0.6261902194361871,0.2055437990670075,0.6261902194361871,0.16826598149680544,中性,中性,,False
学习区,BV1uz4y1475S,【洛必达法则】高考使用指南,6024529,275700,78319,229821,4829,23590,只有比值可以用吗？,,只有比值可以用吗？,2,0,5,0,1,2.0,2.0,0.0,2.0,0.4,-1,0.3459133960501948,0.3459133960501948,0.3297146853786623,0.32437191857114284,负面,正面,,False
学习区,BV1uz4y1475S,【洛必达法则】高考使用指南,6024529,275700,78319,229821,4829,23590,选择题为啥不直接带特殊值比如1和-1呢，这个方法在求取值范围的选择题特别好用,,选择题为啥不直接带特殊值比如1和1呢，这个方法在求取值范围的选择题特别好用,3,0,20,0,0,3.8,3.8,0.0,3.8,0.15,-1,0.8593143081601733,0.8593143081601733,0.027142335742186635,0.11354335609764,负面,负面,-1.0,True
学习区,BV1uz4y1475S,【洛必达法则】高考使用指南,6024529,275700,78319,229821,4829,23590,这题可以端点吗,,这题可以端点吗,2,0,3,0,0,2.0,2.0,0.0,2.0,0.6666666666666666,0,0.6490226795928545,0.06111860258218679,0.6490226795928545,0.2898587178249586,中性,中性,0.0,True
学习区,BV1uz4y1475S,【洛必达法则】高考使用指南,6024529,275700,78319,229821,4829,23590,救命好难学,,救命好难学,0,1,3,0,0,-1.0,0.0,1.0,1.0,0.3333333333333333,1,0.49719910175945914,0.14897018155640568,0.3538307166841351,0.49719910175945914,正面,负面,,False
学习区,BV1uz4y1475S,【洛必达法则】高考使用指南,6024529,275700,78319,229821,4829,23590,小笨蛋和大聪明哪个更聪明一点？,,小笨蛋和大聪明哪个更聪明一点？,3,0,8,0,1,3.0,3.0,0.0,3.0,0.375,-1,0.38567705075747066,0.38567705075747066,0.3555754344154283,0.258747514827101,负面,中性,0.0,True
学习区,BV1uz4y1475S,【洛必达法则】高考使用指南,6024529,275700,78319,229821,4829,23590,这个可以直接用收益算的，当前面3x或者2x足够大时，后面加的常数收益就小，对数值的影响就小，所以最后会趋近于2/3,,这个可以直接用收益算的，当前面3x或者2x足够大时，后面加的常数收益就小，对数值的影响就小，所以最后会趋近于23,3,0,34,0,0,3.0,3.0,0.0,3.0,0.08823529411764706,-1,0.9281140849382995,0.9281140849382995,0.0046344156306643075,0.06725149943103603,负面,正面,1.0,True
学习区,BV1uz4y1475S,【洛必达法则】高考使用指南,6024529,275700,78319,229821,4829,23590,我懂了，它这个给的是上面一个求导下面一个求导，一开始还以为是那个X平方分之那个的前加后,,我懂了，它这个给的是上面一个求导下面一个求导，一开始还以为是那个X平方分之那个的前加后,1,0,21,0,0,1.0,1.0,0.0,1.0,0.047619047619047616,-1,0.8334803915903699,0.8334803915903699,0.09561859056522386,0.07090101784440629,负面,正面,,False
学习区,BV1uz4y1475S,【洛必达法则】高考使用指南,6024529,275700,78319,229821,4829,23590,可以用切线放缩吗这里？,,可以用切线放缩吗这里？,2,0,6,0,1,2.0,2.0,0.0,2.0,0.3333333333333333,-1,0.5799021767487401,0.5799021767487401,0.31570235563092036,0.10439546762033962,负面,正面,,False
学习区,BV1uz4y1475S,【洛必达法则】高考使用指南,6024529,275700,78319,229821,4829,23590,二分之一为什么用闭区间，有回复了踢我谢谢,,二分之一为什么用闭区间，有回复了踢我谢谢,2,0,9,0,0,2.0,2.0,0.0,2.0,0.2222222222222222,0,0.5511244829152481,0.16718810068029366,0.5511244829152481,0.2816874164044582,中性,中性,0.0,True
学习区,BV1uz4y1475S,【洛必达法则】高考使用指南,6024529,275700,78319,229821,4829,23590,燃起来了,,燃起来了,1,0,2,0,0,1.0,1.0,0.0,1.0,0.5,0,0.8377294461108249,0.045788406834432666,0.8377294461108249,0.11648214705474241,中性,中性,,False
学习区,BV1uz4y1475S,【洛必达法则】高考使用指南,6024529,275700,78319,229821,4829,23590,落就完了,,落就完了,0,1,3,0,0,-1.0,0.0,1.0,1.0,0.3333333333333333,0,0.7052590929840731,0.13696728844530398,0.7052590929840731,0.15777361857062305,中性,中性,,False
学习区,BV1uz4y1475S,【洛必达法则】高考使用指南,6024529,275700,78319,229821,4829,23590,正无穷与负无穷的比值可以用这个方法吗？,,正无穷与负无穷的比值可以用这个方法吗？,2,0,11,0,1,2.0,2.0,0.0,2.0,0.18181818181818182,-1,0.6954823068653905,0.6954823068653905,0.20019327142128274,0.10432442171332681,负面,正面,,False
学习区,BV1uz4y1475S,【洛必达法则】高考使用指南,6024529,275700,78319,229821,4829,23590,光顾着看弹幕了，原来都导完了,,光顾着看弹幕了，原来都导完了,0,1,8,0,0,-1.0,0.0,1.0,1.0,0.125,0,0.5650833906327275,0.13878986939127672,0.5650833906327275,0.29612673997599576,中性,中性,,False
学习区,BV1uz4y1475S,【洛必达法则】高考使用指南,6024529,275700,78319,229821,4829,23590,x趋于a，分子分母都趋近于零，就可以用洛必达法则对上下两个函数分别求导，在做比,,x趋于a，分子分母都趋近于零，就可以用洛必达法则对上下两个函数分别求导，在做比,2,0,25,0,0,2.0,2.0,0.0,2.0,0.08,-1,0.8486016106820129,0.8486016106820129,0.06162006694828213,0.0897783223697049,负面,正面,,False
学习区,BV1uz4y1475S,【洛必达法则】高考使用指南,6024529,275700,78319,229821,4829,23590,你用奇函数的定义f负x等于负的fx就可以看出ex-e的负x是不是奇函数,,你用奇函数的定义f负x等于负的fx就可以看出exe的负x是不是奇函数,2,0,17,0,0,2.0,2.0,0.0,2.0,0.11764705882352941,-1,0.6000612100622053,0.6000612100622053,0.07555505670167505,0.3243837332361197,负面,正面,,False
学习区,BV1uz4y1475S,【洛必达法则】高考使用指南,6024529,275700,78319,229821,4829,23590,高一可以学吗？,,高一可以学吗？,3,0,4,0,1,3.0,3.0,0.0,3.0,0.75,1,0.5249564676943702,0.18615922982044514,0.2888843024851846,0.5249564676943702,正面,中性,0.0,True
学习区,BV1uz4y1475S,【洛必达法则】高考使用指南,6024529,275700,78319,229821,4829,23590,谁懂在图书馆带耳机2倍数的诡异感,,谁懂在图书馆带耳机2倍数的诡异感,1,0,10,0,0,1.0,1.0,0.0,1.0,0.1,-1,0.4422302219052071,0.4422302219052071,0.2706758684416319,0.2870939096531611,负面,正面,,False
学习区,BV1uz4y1475S,【洛必达法则】高考使用指南,6024529,275700,78319,229821,4829,23590,端点效应，半分参，全分参，构造和洛必达应该都能用,,端点效应，半分参，全分参，构造和洛必达应该都能用,1,0,15,0,0,1.0,1.0,0.0,1.0,0.06666666666666667,-1,0.8075050176246934,0.8075050176246934,0.11545378590455832,0.07704119647074825,负面,正面,,False
学习区,BV1uz4y1475S,【洛必达法则】高考使用指南,6024529,275700,78319,229821,4829,23590,朱如意我喜欢你,,朱如意我喜欢你,2,0,3,0,0,2.0,2.0,0.0,2.0,0.6666666666666666,-1,0.4710362475388707,0.4710362475388707,0.13839682138558262,0.3905669310755465,负面,正面,,False
学习区,BV1uz4y1475S,【洛必达法则】高考使用指南,6024529,275700,78319,229821,4829,23590,其实直接瞪眼就能看出来了，上面是指数正无穷，下面是数正无穷，那肯定是上面增长更快一点，所以总体来说是正无穷,,其实直接瞪眼就能看出来了，上面是指数正无穷，下面是数正无穷，那肯定是上面增长更快一点，所以总体来说是正无穷,2,0,29,0,0,2.0,2.0,0.0,2.0,0.06896551724137931,-1,0.9493804466156486,0.9493804466156486,0.015268495521097034,0.035351057863254404,负面,负面,,False
学习区,BV1uz4y1475S,【洛必达法则】高考使用指南,6024529,275700,78319,229821,4829,23590,狄利克雷函数,,狄利克雷函数,0,1,3,0,0,-1.0,0.0,1.0,1.0,0.3333333333333333,0,0.8732193096658503,0.07269827440047158,0.8732193096658503,0.05408241593367814,中性,中性,,False
学习区,BV1uz4y1475S,【洛必达法则】高考使用指南,6024529,275700,78319,229821,4829,23590,这是导完了,,这是导完了,0,1,2,0,0,-1.0,0.0,1.0,1.0,0.5,0,0.7452944460985282,0.15932142523720083,0.7452944460985282,0.09538412866427089,中性,中性,,False
学习区,BV1uz4y1475S,【洛必达法则】高考使用指南,6024529,275700,78319,229821,4829,23590,李梓宁我喜欢你,,李梓宁我喜欢你,2,0,2,0,0,2.0,2.0,0.0,2.0,1.0,-1,0.5364638896849087,0.5364638896849087,0.0984376334592142,0.36509847685587704,负面,正面,,False
学习区,BV1uz4y1475S,【洛必达法则】高考使用指南,6024529,275700,78319,229821,4829,23590,姥姥：呜呜呜，我被抛弃了吗,,姥姥呜呜呜，我被抛弃了吗,0,1,5,0,0,-1.0,0.0,1.0,1.0,0.2,0,0.7898277200585752,0.11825837847139796,0.7898277200585752,0.09191390147002701,中性,中性,,False
学习区,BV1uz4y1475S,【洛必达法则】高考使用指南,6024529,275700,78319,229821,4829,23590,从图书馆戴耳机听到这段吓死了,,从图书馆戴耳机听到这段吓死了,1,2,7,0,0,-1.0,1.0,2.0,1.0,0.42857142857142855,0,0.7450534896383955,0.07901486464990942,0.7450534896383955,0.175931645711695,中性,中性,,False
学习区,BV1uz4y1475S,【洛必达法则】高考使用指南,6024529,275700,78319,229821,4829,23590,谢谢您，昊谦,,谢谢您，昊谦,1,0,3,0,0,1.0,1.0,0.0,1.0,0.3333333333333333,-1,0.3995545016538951,0.3995545016538951,0.22380570165557986,0.37663979669052505,负面,正面,,False
学习区,BV1uz4y1475S,【洛必达法则】高考使用指南,6024529,275700,78319,229821,4829,23590,也可以用阶数吧？,,也可以用阶数吧？,2,0,4,0,1,2.0,2.0,0.0,2.0,0.5,-1,0.5870901224985319,0.5870901224985319,0.18345034112402964,0.22945953637743857,负面,正面,,False
学习区,BV1uz4y1475S,【洛必达法则】高考使用指南,6024529,275700,78319,229821,4829,23590,倒反天罡，sin x的导数是cos x这个结论其实是通过lim x→0 sin x/x=1这个结论来的,,倒反天罡，sinx的导数是cosx这个结论其实是通过limx0sinxx1这个结论来的,2,0,15,0,0,2.0,2.0,0.0,2.0,0.13333333333333333,-1,0.3753927983082746,0.3753927983082746,0.25452304398432835,0.37008415770739705,负面,负面,-1.0,True
学习区,BV1uz4y1475S,【洛必达法则】高考使用指南,6024529,275700,78319,229821,4829,23590,符号抄错了哦,,符号抄错了哦,0,1,3,0,0,-1.0,0.0,1.0,1.0,0.3333333333333333,0,0.6655435412389831,0.1633660761688859,0.6655435412389831,0.17109038259213102,中性,中性,,False
学习区,BV1uz4y1475S,【洛必达法则】高考使用指南,6024529,275700,78319,229821,4829,23590,吓死人了,,吓死人了,0,1,1,0,0,-1.0,0.0,1.0,1.0,1.0,0,0.5566001975560934,0.22233091748764933,0.5566001975560934,0.22106888495625732,中性,中性,,False
学习区,BV1uz4y1475S,【洛必达法则】高考使用指南,6024529,275700,78319,229821,4829,23590,可以最后提个X，这里求导求繁了,,可以最后提个X，这里求导求繁了,2,0,8,0,0,2.0,2.0,0.0,2.0,0.25,-1,0.7912330643815231,0.7912330643815231,0.11534281901963196,0.09342411659884493,负面,负面,-1.0,True
学习区,BV1uz4y1475S,【洛必达法则】高考使用指南,6024529,275700,78319,229821,4829,23590,这一点算错了,,这一点算错了,0,1,2,0,0,-1.0,0.0,1.0,1.0,0.5,0,0.602244596702579,0.2364341990702056,0.602244596702579,0.1613212042272153,中性,中性,,False
学习区,BV1uz4y1475S,【洛必达法则】高考使用指南,6024529,275700,78319,229821,4829,23590,666，怎么还有电子？,,666，怎么还有电子？,2,0,6,0,1,2.0,2.0,0.0,2.0,0.3333333333333333,-1,0.7760300038640883,0.7760300038640883,0.04655386845123986,0.17741612768467177,负面,正面,,False
学习区,BV1uz4y1475S,【洛必达法则】高考使用指南,6024529,275700,78319,229821,4829,23590,我喜欢叫（摞n）,,我喜欢叫摞n,2,0,4,0,0,2.0,2.0,0.0,2.0,0.5,-1,0.6050676199401331,0.6050676199401331,0.13868122286894335,0.25625115719092345,负面,正面,,False
学习区,BV1uz4y1475S,【洛必达法则】高考使用指南,6024529,275700,78319,229821,4829,23590,我喜欢叫左函乘右导+右函乘左导,,我喜欢叫左函乘右导右函乘左导,2,0,7,0,0,2.0,2.0,0.0,2.0,0.2857142857142857,-1,0.6589128581481736,0.6589128581481736,0.12759708328829178,0.21349005856353473,负面,正面,,False
学习区,BV1uz4y1475S,【洛必达法则】高考使用指南,6024529,275700,78319,229821,4829,23590,是不是能用斯特林公式,,是不是能用斯特林公式,1,0,5,0,0,1.0,1.0,0.0,1.0,0.2,-1,0.6023434778158053,0.6023434778158053,0.20120688213401036,0.19644964005018425,负面,正面,,False
学习区,BV1uz4y1475S,【洛必达法则】高考使用指南,6024529,275700,78319,229821,4829,23590,中考能用吗,,中考能用吗,2,0,2,0,0,2.0,2.0,0.0,2.0,1.0,0,0.5125881475168725,0.06840358411826268,0.5125881475168725,0.4190082683648649,中性,中性,0.0,True
学习区,BV1uz4y1475S,【洛必达法则】高考使用指南,6024529,275700,78319,229821,4829,23590,这哥们是个奇函数啊，A肯定不对，直接带个1进去，带个x→+∞洛一下，选B,,这哥们是个奇函数啊，A肯定不对，直接带个1进去，带个x洛一下，选B,2,0,20,0,0,2.0,2.0,0.0,2.0,0.1,-1,0.9276824981560173,0.9276824981560173,0.018215645813052662,0.05410185603093003,负面,负面,,False
学习区,BV1uz4y1475S,【洛必达法则】高考使用指南,6024529,275700,78319,229821,4829,23590,小猪导完了,,小猪导完了,0,1,2,0,0,-1.0,0.0,1.0,1.0,0.5,0,0.6955240668921796,0.12407515069278882,0.6955240668921796,0.18040078241503152,中性,中性,,False
学习区,BV1uz4y1475S,【洛必达法则】高考使用指南,6024529,275700,78319,229821,4829,23590,好简单啊11但是有没有别的方法,,好简单啊11但是有没有别的方法,2,0,7,0,0,2.0,2.0,0.0,2.0,0.2857142857142857,-1,0.6201359028137484,0.6201359028137484,0.028467080105869836,0.3513970170803818,负面,正面,,False
学习区,BV1uz4y1475S,【洛必达法则】高考使用指南,6024529,275700,78319,229821,4829,23590,因为都趋近无穷大，2的影响微乎其微，可以社区，就是1,,因为都趋近无穷大，2的影响微乎其微，可以社区，就是1,2,0,14,0,0,2.0,2.0,0.0,2.0,0.14285714285714285,-1,0.4792622450262234,0.4792622450262234,0.1671154976114742,0.3536222573623024,负面,正面,,False
学习区,BV1uz4y1475S,【洛必达法则】高考使用指南,6024529,275700,78319,229821,4829,23590,直接带入两个值就可以避免算奇偶啊，然后再洛必达无穷比无穷,,直接带入两个值就可以避免算奇偶啊，然后再洛必达无穷比无穷,2,0,16,0,0,2.0,2.0,0.0,2.0,0.125,-1,0.6789162354890007,0.6789162354890007,0.06793972468530045,0.2531440398256988,负面,正面,,False
学习区,BV1uz4y1475S,【洛必达法则】高考使用指南,6024529,275700,78319,229821,4829,23590,比如什么狄利克雷函数（一哥音）,,比如什么狄利克雷函数一哥音,0,1,6,0,0,-1.0,0.0,1.0,1.0,0.16666666666666666,0,0.8872715721510216,0.070514757719593,0.8872715721510216,0.04221367012938539,中性,中性,,False
生活区,BV1YBvhBhE1f,史上最无聊比赛,12580460,369417,50155,70598,3625,6512,众所周知，二选一的正确率是0％,,众所周知，二选一的正确率是0,1,0,6,0,0,1.0,1.0,0.0,1.0,0.16666666666666666,-1,0.4246806449724738,0.4246806449724738,0.2883238994973375,0.28699545553018874,负面,正面,,False
生活区,BV1YBvhBhE1f,史上最无聊比赛,12580460,369417,50155,70598,3625,6512,《没有幸存的目击者就是完美的暗杀》,,没有幸存的目击者就是完美的暗杀,2,0,6,0,0,2.0,2.0,0.0,2.0,0.3333333333333333,-1,0.47600261715649994,0.47600261715649994,0.05396832879640497,0.4700290540470951,负面,正面,,False
生活区,BV1YBvhBhE1f,史上最无聊比赛,12580460,369417,50155,70598,3625,6512,《见证崎寄》,,见证崎寄,0,1,3,0,0,-1.0,0.0,1.0,1.0,0.3333333333333333,0,0.6557831706186573,0.18799226808256728,0.6557831706186573,0.1562245612987753,中性,中性,,False
生活区,BV1YBvhBhE1f,史上最无聊比赛,12580460,369417,50155,70598,3625,6512,←肯定的啊，都请了周杰伦代言了，必须一波热度挣回来，不然岂不亏大了？,,肯定的啊，都请了周杰伦代言了，必须一波热度挣回来，不然岂不亏大了？,2,0,17,0,1,2.0,2.0,0.0,2.0,0.11764705882352941,-1,0.98154221981091,0.98154221981091,0.004033231655523412,0.01442454853356649,负面,负面,,False
生活区,BV1YBvhBhE1f,史上最无聊比赛,12580460,369417,50155,70598,3625,6512,精灵兵法之明讲话暗关机,,精灵兵法之明讲话暗关机,0,1,6,0,0,-1.0,0.0,1.0,1.0,0.16666666666666666,0,0.6254863081071075,0.2335650556260306,0.6254863081071075,0.14094863626686197,中性,中性,,False
生活区,BV1YBvhBhE1f,史上最无聊比赛,12580460,369417,50155,70598,3625,6512,肯定不是番茄家，不然怎么会不知道周边最近的店,,肯定不是番茄家，不然怎么会不知道周边最近的店,3,0,13,0,0,3.0,3.0,0.0,3.0,0.23076923076923078,-1,0.6419232847898154,0.6419232847898154,0.030976077374920568,0.3271006378352641,负面,正面,,False
生活区,BV1YBvhBhE1f,史上最无聊比赛,12580460,369417,50155,70598,3625,6512,《见证奇寄》,,见证奇寄,0,1,3,0,0,-1.0,0.0,1.0,1.0,0.3333333333333333,0,0.6557831706186573,0.18799226808256728,0.6557831706186573,0.1562245612987753,中性,中性,,False
生活区,BV1YBvhBhE1f,史上最无聊比赛,12580460,369417,50155,70598,3625,6512,只要把瓜子壳放嘴里一直泡着，慢慢的用牙咬，可以做到无声,,只要把瓜子壳放嘴里一直泡着，慢慢的用牙咬，可以做到无声,2,0,16,0,0,2.0,2.0,0.0,2.0,0.125,-1,0.7509481065879999,0.7509481065879999,0.06480330080478446,0.18424859260721557,负面,正面,,False
生活区,BV1YBvhBhE1f,史上最无聊比赛,12580460,369417,50155,70598,3625,6512,差值不能直接比绝对值啊，不应该做标准化吗,,差值不能直接比绝对值啊，不应该做标准化吗,1,0,10,0,0,1.0,1.0,0.0,1.0,0.1,-1,0.7642034634526148,0.7642034634526148,0.08231550761936715,0.15348102892801785,负面,正面,,False
生活区,BV1YBvhBhE1f,史上最无聊比赛,12580460,369417,50155,70598,3625,6512,《这眼睛怎么这么绿好家伙会反光》,,这眼睛怎么这么绿好家伙会反光,1,0,7,0,0,1.0,1.0,0.0,1.0,0.14285714285714285,-1,0.39846348599791226,0.39846348599791226,0.24237893770031876,0.35915757630176903,负面,正面,,False
生活区,BV1YBvhBhE1f,史上最无聊比赛,12580460,369417,50155,70598,3625,6512,上课吃瓜子的诀窍不是用嘴磕，放手里扭两圈就能掰开了（本人亲测有效）,,上课吃瓜子的诀窍不是用嘴磕，放手里扭两圈就能掰开了本人亲测有效,2,0,19,0,0,2.0,2.0,0.0,2.0,0.10526315789473684,-1,0.9519580412693026,0.9519580412693026,0.01142924756404089,0.036612711166656486,负面,负面,,False
生活区,BV1YBvhBhE1f,史上最无聊比赛,12580460,369417,50155,70598,3625,6512,F1N1＝F2N2，所以离支点远的部分能用更少的重量压平杠杆,,F1N1F2N2，所以离支点远的部分能用更少的重量压平杠杆,2,0,12,0,0,2.0,2.0,0.0,2.0,0.16666666666666666,-1,0.5363148777209091,0.5363148777209091,0.07398948381843037,0.3896956384606606,负面,正面,,False
生活区,BV1YBvhBhE1f,史上最无聊比赛,12580460,369417,50155,70598,3625,6512,这个选项标号很幽默了,,这个选项标号很幽默了,2,0,5,0,0,2.5,2.5,0.0,2.5,0.4,1,0.6276251616655578,0.1011464697404558,0.27122836859398647,0.6276251616655578,正面,中性,0.0,True
生活区,BV1YBvhBhE1f,史上最无聊比赛,12580460,369417,50155,70598,3625,6512,所以小老师那个茄子也是同样的道理，只是恰好切的确实比较均匀，哈哈哈，但它还是稍微规则的，所以常规切误差比较小,,所以小老师那个茄子也是同样的道理，只是恰好切的确实比较均匀，哈哈哈，但它还是稍微规则的，所以常规切误差比较小,3,0,29,0,0,3.0,3.0,0.0,3.0,0.10344827586206896,-1,0.8610338519092506,0.8610338519092506,0.004762291435808256,0.13420385665494117,负面,负面,,False
生活区,BV1YBvhBhE1f,史上最无聊比赛,12580460,369417,50155,70598,3625,6512,《有个手机会操控另外一个手机》,,有个手机会操控另外一个手机,1,0,6,0,0,1.0,1.0,0.0,1.0,0.16666666666666666,0,0.6291425389692593,0.1250433555002101,0.6291425389692593,0.24581410553053068,中性,中性,,False
生活区,BV1YBvhBhE1f,史上最无聊比赛,12580460,369417,50155,70598,3625,6512,6666，真是贪吃王,,6666，真是贪吃王,1,0,5,0,0,1.0,1.0,0.0,1.0,0.2,-1,0.41159544398283165,0.41159544398283165,0.20096224163404122,0.3874423143831271,负面,正面,,False
生活区,BV1YBvhBhE1f,史上最无聊比赛,12580460,369417,50155,70598,3625,6512,这应该不是番茄家吧要不暴露住址了，哈哈,,这应该不是番茄家吧要不暴露住址了，哈哈,2,0,10,0,0,2.0,2.0,0.0,2.0,0.2,-1,0.47290218374888493,0.47290218374888493,0.1445993935540803,0.3824984226970348,负面,正面,,False
生活区,BV1YBvhBhE1f,史上最无聊比赛,12580460,369417,50155,70598,3625,6512,细节物理不要求非常精确，只关注近似,,细节物理不要求非常精确，只关注近似,2,0,10,0,0,2.0,2.0,0.0,2.0,0.2,1,0.46982011396827666,0.3233021299753964,0.2068777560563269,0.46982011396827666,正面,中性,0.0,True
生活区,BV1YBvhBhE1f,史上最无聊比赛,12580460,369417,50155,70598,3625,6512,请了周杰伦肯定得赚回来啊，给点优惠后面就自费了，而且美团最近优惠其实少很多,,请了周杰伦肯定得赚回来啊，给点优惠后面就自费了，而且美团最近优惠其实少很多,2,0,21,0,0,2.0,2.0,0.0,2.0,0.09523809523809523,-1,0.7440706137333224,0.7440706137333224,0.033280742380151204,0.2226486438865264,负面,正面,,False
生活区,BV1YBvhBhE1f,史上最无聊比赛,12580460,369417,50155,70598,3625,6512,请问在什么情况下，上课会吃或者用到茄子？,,请问在什么情况下，上课会吃或者用到茄子？,1,0,13,0,1,1.0,1.0,0.0,1.0,0.07692307692307693,-1,0.8404819575075798,0.8404819575075798,0.13019091698856577,0.029327125503854534,负面,正面,,False
生活区,BV1YBvhBhE1f,史上最无聊比赛,12580460,369417,50155,70598,3625,6512,反复看了好几遍终于听懂了 水老师意思是前面番茄雨哥测重心的时候姜是横放的 比较长 力臂影响大，水老师竖着放到刀力臂小所以影响小,,反复看了好几遍终于听懂了水老师意思是前面番茄雨哥测重心的时候姜是横放的比较长力臂影响大，水老师竖着放到刀力臂小所以影响小,2,0,32,0,0,2.0,2.0,0.0,2.0,0.0625,-1,0.8280673897511426,0.8280673897511426,0.009209508018455747,0.16272310223040176,负面,正面,,False
生活区,BV1YBvhBhE1f,史上最无聊比赛,12580460,369417,50155,70598,3625,6512,理论上番茄越小越好赢吧，反正称差值,,理论上番茄越小越好赢吧，反正称差值,1,0,10,0,0,1.0,1.0,0.0,1.0,0.1,-1,0.487482910087049,0.487482910087049,0.11422778165512838,0.3982893082578225,负面,正面,,False
生活区,BV1YBvhBhE1f,史上最无聊比赛,12580460,369417,50155,70598,3625,6512,肯定不是他家，说了对这个小区不熟,,肯定不是他家，说了对这个小区不熟,2,0,10,0,0,2.0,2.0,0.0,2.0,0.2,-1,0.9105834419649732,0.9105834419649732,0.03309066398223816,0.0563258940527887,负面,负面,-1.0,True
生活区,BV1YBvhBhE1f,史上最无聊比赛,12580460,369417,50155,70598,3625,6512,[前方高能],,前方高能,2,0,2,0,0,2.0,2.0,0.0,2.0,1.0,1,0.6556354143187656,0.1210157744916703,0.2233488111895642,0.6556354143187656,正面,中性,0.0,True
生活区,BV1YBvhBhE1f,史上最无聊比赛,12580460,369417,50155,70598,3625,6512,上楼前随便乱看瞄一眼说不定还能有印象的,,上楼前随便乱看瞄一眼说不定还能有印象的,0,3,12,0,0,-3.0,0.0,3.0,3.0,0.25,0,0.5478459895680711,0.3896841527559727,0.5478459895680711,0.06246985767595629,中性,中性,0.0,True
生活区,BV1YBvhBhE1f,史上最无聊比赛,12580460,369417,50155,70598,3625,6512,这个黑色美甲好好看,,这个黑色美甲好好看,1,0,4,0,0,1.0,1.0,0.0,1.0,0.25,0,0.5737769927461718,0.15783446129569656,0.5737769927461718,0.2683885459581317,中性,中性,,False
生活区,BV1YBvhBhE1f,史上最无聊比赛,12580460,369417,50155,70598,3625,6512,我能用鼻子吹口哨（嗯，是的，可以变调）,,我能用鼻子吹口哨嗯，是的，可以变调,3,0,9,0,0,3.0,3.0,0.0,3.0,0.3333333333333333,-1,0.4922096080863353,0.4922096080863353,0.07606039435526546,0.43172999755839925,负面,正面,1.0,True
生活区,BV1YBvhBhE1f,史上最无聊比赛,12580460,369417,50155,70598,3625,6512,瓜子啃有技术含量放在嘴里面先细品，然后他的歌就会松动在嘴里面就很简单的就剥开了,,瓜子啃有技术含量放在嘴里面先细品，然后他的歌就会松动在嘴里面就很简单的就剥开了,3,0,22,0,0,3.5,3.5,0.0,3.5,0.13636363636363635,-1,0.5722441749621204,0.5722441749621204,0.048490160148704345,0.37926566488917524,负面,正面,,False
生活区,BV1YBvhBhE1f,史上最无聊比赛,12580460,369417,50155,70598,3625,6512,谁会上课拿生姜当零食啊喂,,谁会上课拿生姜当零食啊喂,1,0,8,0,0,1.0,1.0,0.0,1.0,0.125,-1,0.468674828517117,0.468674828517117,0.25580940471599944,0.2755157667668834,负面,正面,,False
生活区,BV1YBvhBhE1f,史上最无聊比赛,12580460,369417,50155,70598,3625,6512,不要磕最下面，从头开始磕，有一点裂纹就不吵了,,不要磕最下面，从头开始磕，有一点裂纹就不吵了,1,0,14,0,0,1.0,1.0,0.0,1.0,0.07142857142857142,-1,0.5471275871658826,0.5471275871658826,0.35983918093066003,0.09303323190345741,负面,正面,,False
生活区,BV1YBvhBhE1f,史上最无聊比赛,12580460,369417,50155,70598,3625,6512,婚戒有戴食指上的吗？↑,,婚戒有戴食指上的吗？,1,0,6,0,1,1.0,1.0,0.0,1.0,0.16666666666666666,-1,0.5118942407506479,0.5118942407506479,0.26391747885309147,0.22418828039626065,负面,正面,,False
生活区,BV1YBvhBhE1f,史上最无聊比赛,12580460,369417,50155,70598,3625,6512,物理重心不是会因为杠杆变形吗,,物理重心不是会因为杠杆变形吗,0,1,7,0,0,-1.0,0.0,1.0,1.0,0.14285714285714285,0,0.6071754870683672,0.34400606001370915,0.6071754870683672,0.048818452917923624,中性,中性,,False
生活区,BV1YBvhBhE1f,史上最无聊比赛,12580460,369417,50155,70598,3625,6512,这肯定是没偷吃过瓜子谁偷吃瓜子用嘴剥啊,,这肯定是没偷吃过瓜子谁偷吃瓜子用嘴剥啊,2,0,11,0,0,2.0,2.0,0.0,2.0,0.18181818181818182,-1,0.8745450677287608,0.8745450677287608,0.03955811337800075,0.08589681889323834,负面,负面,-1.0,True
生活区,BV1YBvhBhE1f,史上最无聊比赛,12580460,369417,50155,70598,3625,6512,啊啊好好看,,啊啊好好看,1,0,1,0,0,1.0,1.0,0.0,1.0,1.0,-1,0.7589765184689176,0.7589765184689176,0.051067243310864284,0.18995623822021812,负面,正面,,False
生活区,BV1YBvhBhE1f,史上最无聊比赛,12580460,369417,50155,70598,3625,6512,老师：请各位同学保持清醒，讲台上看得一清二楚，只要不要过于明目张胆，老师我还是会睁一只眼闭一只眼的,,老师请各位同学保持清醒，讲台上看得一清二楚，只要不要过于明目张胆，老师我还是会睁一只眼闭一只眼的,1,0,23,0,0,1.0,1.0,0.0,1.0,0.043478260869565216,-1,0.7612859508642363,0.7612859508642363,0.04560153289860486,0.19311251623715875,负面,正面,,False
生活区,BV1YBvhBhE1f,史上最无聊比赛,12580460,369417,50155,70598,3625,6512,我可能不知道是在吃，但肯定都没听课！,,我可能不知道是在吃，但肯定都没听课！,2,0,12,1,0,2.0,2.0,0.0,2.0,0.16666666666666666,-1,0.5404892238306955,0.5404892238306955,0.14911462224284916,0.31039615392645525,负面,正面,,False
生活区,BV1YBvhBhE1f,史上最无聊比赛,12580460,369417,50155,70598,3625,6512,可是我也喜欢张着嘴睡觉啊(ΘˍΘ=),,可是我也喜欢张着嘴睡觉啊,2,0,6,0,0,2.0,2.0,0.0,2.0,0.3333333333333333,-1,0.851000406816668,0.851000406816668,0.026008673104247926,0.12299092007908406,负面,负面,,False
生活区,BV1YBvhBhE1f,史上最无聊比赛,12580460,369417,50155,70598,3625,6512,因为是喜欢吃生姜拌饭吗？（狗头）,,因为是喜欢吃生姜拌饭吗？狗头,2,0,8,0,1,2.0,2.0,0.0,2.0,0.25,-1,0.6531238265113719,0.6531238265113719,0.1941500724600071,0.15272610102862097,负面,正面,,False
生活区,BV1YBvhBhE1f,史上最无聊比赛,12580460,369417,50155,70598,3625,6512,我可以边睡觉边学数学，并考高分（仅数学，仅小学）,,我可以边睡觉边学数学，并考高分仅数学，仅小学,4,0,13,0,0,4.0,4.0,0.0,4.0,0.3076923076923077,-1,0.6079355155096439,0.6079355155096439,0.07264671217876036,0.31941777231159585,负面,正面,,False
生活区,BV1YBvhBhE1f,史上最无聊比赛,12580460,369417,50155,70598,3625,6512,我上班不超过两个月，就会被辞退啊啊啊啊啊,,我上班不超过两个月，就会被辞退啊啊啊啊啊,1,0,11,0,0,1.0,1.0,0.0,1.0,0.09090909090909091,-1,0.7741639504510878,0.7741639504510878,0.10173999221434069,0.12409605733457166,负面,正面,,False
生活区,BV1YBvhBhE1f,史上最无聊比赛,12580460,369417,50155,70598,3625,6512,那那个我其实确实可以闭眼唱，因为我熬夜的时候看不见，所以我就闭眼把苹果8 plus的插头给插上了,,那那个我其实确实可以闭眼唱，因为我熬夜的时候看不见，所以我就闭眼把苹果8plus的插头给插上了,2,0,22,0,0,2.0,2.0,0.0,2.0,0.09090909090909091,-1,0.5146404896459035,0.5146404896459035,0.12545630290825036,0.35990320744584625,负面,正面,,False
生活区,BV1YBvhBhE1f,史上最无聊比赛,12580460,369417,50155,70598,3625,6512,我可以倒着背圆周率,,我可以倒着背圆周率,2,0,5,0,0,2.0,2.0,0.0,2.0,0.4,-1,0.767384820354826,0.767384820354826,0.1296168978626008,0.10299828178257306,负面,负面,-1.0,True
生活区,BV1YBvhBhE1f,史上最无聊比赛,12580460,369417,50155,70598,3625,6512,我选A：KFC，因为这几家都不可能但KFC真可以,,我选AKFC，因为这几家都不可能但KFC真可以,2,0,12,0,0,2.4,2.4,0.0,2.4,0.16666666666666666,1,0.448321529376168,0.3226781404586578,0.22900033016517415,0.448321529376168,正面,中性,0.0,True
生活区,BV1YBvhBhE1f,史上最无聊比赛,12580460,369417,50155,70598,3625,6512,我有时可以,,我有时可以,2,0,2,0,0,2.0,2.0,0.0,2.0,1.0,0,0.4524060574283454,0.18078323958928103,0.4524060574283454,0.36681070298237345,中性,中性,0.0,True
生活区,BV1YBvhBhE1f,史上最无聊比赛,12580460,369417,50155,70598,3625,6512,完了我也算的12。。,,完了我也算的12。。,0,1,6,0,0,-1.0,0.0,1.0,1.0,0.16666666666666666,0,0.7040071077187509,0.17876468490339517,0.7040071077187509,0.1172282073778541,中性,中性,,False
生活区,BV1YBvhBhE1f,史上最无聊比赛,12580460,369417,50155,70598,3625,6512,招牌肯定贵的呀,,招牌肯定贵的呀,2,1,3,0,0,1.0,2.0,1.0,1.0,1.0,-1,0.5732656004580781,0.5732656004580781,0.1107116829716089,0.316022716570313,负面,正面,,False
生活区,BV1YBvhBhE1f,史上最无聊比赛,12580460,369417,50155,70598,3625,6512,我可以拿指甲抠开瓜子壳,,我可以拿指甲抠开瓜子壳,2,0,6,0,0,2.0,2.0,0.0,2.0,0.3333333333333333,-1,0.47155577388607883,0.47155577388607883,0.3384543711294836,0.1899898549844375,负面,中性,0.0,True
生活区,BV1YBvhBhE1f,史上最无聊比赛,12580460,369417,50155,70598,3625,6512,小精灵有点萌,,小精灵有点萌,1,0,2,0,0,1.0,1.0,0.0,1.0,0.5,0,0.8010945743336435,0.04817982524381479,0.8010945743336435,0.1507256004225418,中性,中性,,False
生活区,BV1YBvhBhE1f,史上最无聊比赛,12580460,369417,50155,70598,3625,6512,我可以用任何的东西在桌面上摩擦出一整首歌,,我可以用任何的东西在桌面上摩擦出一整首歌,2,0,9,0,0,2.0,2.0,0.0,2.0,0.2222222222222222,-1,0.4769436867840616,0.4769436867840616,0.27298952239489843,0.25006679082103994,负面,正面,,False
