review_label,label_schema,review_reason,partition,bvid,text,pred_label,pred_raw_label,model_confidence,lexicon_score,prob_positive,prob_neutral,prob_negative,pos_cnt,neg_cnt,word_len
1,"1=正面,0=中性,-1=负面",模型低置信度,生活区,BV1YBvhBhE1f,瓜子啃有技术含量放在嘴里面先细品，然后他的歌就会松动在嘴里面就很简单的就剥开了,正面,负面,0.5722441749621204,3.5,0.3792656648891752,0.0484901601487043,0.5722441749621204,3,0,22
-1,"1=正面,0=中性,-1=负面",模型低置信度,生活区,BV1YBvhBhE1f,我可以边睡觉边学数学，并考高分（仅数学，仅小学）,正面,负面,0.6079355155096439,4.0,0.3194177723115958,0.0726467121787603,0.6079355155096439,4,0,13
1,"1=正面,0=中性,-1=负面",模型低置信度,学习区,BV1uz4y1475S,哇奶奶还会求导还是太全面了,正面,正面,0.5539902272366851,2.8,0.5539902272366851,0.3313199919593919,0.1146897808039229,2,0,7
1,"1=正面,0=中性,-1=负面",模型低置信度,学习区,BV1uz4y1475S,26年的高考生，希望6月24成绩出来，能开心,正面,正面,0.6348230373399879,3.0,0.6348230373399879,0.2049955889069929,0.1601813737530192,3,0,14
-1,"1=正面,0=中性,-1=负面",模型低置信度,学习区,BV1uz4y1475S,这里小猪讲错了,负面,中性,0.6399900342462511,-3.0,0.0343894850282253,0.6399900342462511,0.3256204807255234,0,3,3
-1,"1=正面,0=中性,-1=负面",模型低置信度,生活区,BV1YBvhBhE1f,肯定不是番茄家，不然怎么会不知道周边最近的店,正面,负面,0.6419232847898154,3.0,0.3271006378352641,0.0309760773749205,0.6419232847898154,3,0,13
0,"1=正面,0=中性,-1=负面",模型低置信度,学习区,BV1uz4y1475S,只有比值可以用吗？,正面,负面,0.3459133960501948,2.0,0.3243719185711428,0.3297146853786623,0.3459133960501948,2,0,5
0,"1=正面,0=中性,-1=负面",模型低置信度,学习区,BV1uz4y1475S,这函数太经典了,正面,正面,0.6211779288480918,2.8,0.6211779288480918,0.341404348358248,0.0374177227936601,2,0,3
0,"1=正面,0=中性,-1=负面",模型低置信度,生活区,BV1YBvhBhE1f,我可以把圆周率背到第20位,正面,中性,0.3644656113618392,2.0,0.3386630873614062,0.3644656113618392,0.2968713012767546,2,0,7
0,"1=正面,0=中性,-1=负面",模型低置信度,生活区,BV1YBvhBhE1f,《那颜色的消失的消息就是短暂绝望》,负面,中性,0.3725267456924163,-2.0,0.307796875068123,0.3725267456924163,0.3196763792394607,0,2,6
-1,"1=正面,0=中性,-1=负面",模型低置信度,学习区,BV1uz4y1475S,可以端点效应吗？,正面,中性,0.3822659493569691,2.0,0.3116615764228467,0.3822659493569691,0.3060724742201842,2,0,4
0,"1=正面,0=中性,-1=负面",模型低置信度,学习区,BV1uz4y1475S,其实你取100的话指数函数的爆炸型增长肯定是趋近于正无穷的,正面,正面,0.3895491994298524,2.0,0.3895491994298524,0.2710839752430691,0.3393668253270783,2,0,13
1,"1=正面,0=中性,-1=负面",模型低置信度,学习区,BV1uz4y1475S,教大家一点，零做除数时可以把分数值看做无穷大，省了不少事,正面,负面,0.400332529456438,2.0,0.3351022034514097,0.2645652670921522,0.400332529456438,2,0,17
0,"1=正面,0=中性,-1=负面",模型低置信度,生活区,BV1YBvhBhE1f,番茄不愧是写出《情商》的人，端水端到骨子里了,正面,正面,0.4095020384606254,2.0,0.4095020384606254,0.2306252509028407,0.3598727106365338,2,0,10
1,"1=正面,0=中性,-1=负面",模型低置信度,学习区,BV1uz4y1475S,哇塞，他叫我大聪明宝贝耶,正面,正面,0.4132289657070665,2.0,0.4132289657070665,0.401391825205562,0.1853792090873715,2,0,7
0,"1=正面,0=中性,-1=负面",模型低置信度,生活区,BV1YBvhBhE1f,可以把瓜子壳含软一点然后用后牙咬开,正面,中性,0.4164002721913426,2.0,0.3657929189957826,0.4164002721913426,0.2178068088128747,2,0,10
1,"1=正面,0=中性,-1=负面",模型低置信度,生活区,BV1YBvhBhE1f,第一个真可以,正面,正面,0.5514871486798855,2.4,0.5514871486798855,0.3111843303844849,0.1373285209356297,2,0,3
0,"1=正面,0=中性,-1=负面",模型低置信度,学习区,BV1uz4y1475S,这题可以用奇函数乘偶等于奇，然后带一求正负,正面,正面,0.4212252345192162,2.0,0.4212252345192162,0.3331317149075003,0.2456430505732835,2,0,12
0,"1=正面,0=中性,-1=负面",模型低置信度,学习区,BV1uz4y1475S,高考可以直接用吗？,正面,正面,0.4279046092534635,2.0,0.4279046092534635,0.2282956346454978,0.3437997561010385,2,0,5
1,"1=正面,0=中性,-1=负面",模型低置信度,生活区,BV1YBvhBhE1f,瓜子连壳带肉一起吃是最安全的,正面,正面,0.4316066585304131,2.0,0.4316066585304131,0.2297904319896766,0.3386029094799103,2,0,7
1,"1=正面,0=中性,-1=负面",模型低置信度,生活区,BV1YBvhBhE1f,不愧是番茄本茄,正面,正面,0.4365658865048883,2.0,0.4365658865048883,0.3858884695466187,0.1775456439484929,2,0,3
1,"1=正面,0=中性,-1=负面",模型低置信度,生活区,BV1YBvhBhE1f,不愧是复旦之光,正面,正面,0.4365658865048883,2.0,0.4365658865048883,0.3858884695466187,0.1775456439484929,2,0,3
-1,"1=正面,0=中性,-1=负面",模型低置信度,学习区,BV1uz4y1475S,其实也可以不用洛必达，本来指数增长速率就比幂函数快,正面,负面,0.444767397667226,2.0,0.3071905512066152,0.2480420511261588,0.444767397667226,2,0,14
-1,"1=正面,0=中性,-1=负面",模型低置信度,学习区,BV1uz4y1475S,我同学说上下X可以消掉 想笑,正面,正面,0.4585484532919739,2.0,0.4585484532919739,0.3300256474299939,0.2114258992780321,2,0,8
1,"1=正面,0=中性,-1=负面",模型低置信度,生活区,BV1YBvhBhE1f,不愧是杀手47,正面,正面,0.4591742897526382,2.0,0.4591742897526382,0.3717907003727799,0.1690350098745819,2,0,3
1,"1=正面,0=中性,-1=负面",模型低置信度,生活区,BV1YBvhBhE1f,不愧是老吃家,正面,正面,0.4612442331416915,2.0,0.4612442331416915,0.3102154697145671,0.2285402971437414,2,0,2
1,"1=正面,0=中性,-1=负面",模型低置信度,生活区,BV1YBvhBhE1f,不愧是裁判,正面,正面,0.4612442331416915,2.0,0.4612442331416915,0.3102154697145671,0.2285402971437414,2,0,2
1,"1=正面,0=中性,-1=负面",模型低置信度,生活区,BV1YBvhBhE1f,不愧是番茄,正面,正面,0.4612442331416915,2.0,0.4612442331416915,0.3102154697145671,0.2285402971437414,2,0,2
0,"1=正面,0=中性,-1=负面",模型低置信度,学习区,BV1uz4y1475S,请问怎么判断极限取决于谁，有点不明白，感谢,正面,正面,0.4633832525828542,2.0,0.4633832525828542,0.2952971333224171,0.2413196140947288,3,1,11
0,"1=正面,0=中性,-1=负面",模型低置信度,学习区,BV1uz4y1475S,gx取不到1/2，所以gx大于1/2，所以a可以等于1/2,正面,正面,0.469393615636331,2.0,0.469393615636331,0.1838671476889089,0.3467392366747601,2,0,15
1,"1=正面,0=中性,-1=负面",模型低置信度,生活区,BV1YBvhBhE1f,不愧是下一个是谁的选手。,正面,中性,0.4701156037388988,2.0,0.3694910178498778,0.4701156037388988,0.1603933784112234,2,0,5
0,"1=正面,0=中性,-1=负面",模型低置信度,生活区,BV1YBvhBhE1f,《没有幸存的目击者就是完美的暗杀》,正面,负面,0.4760026171564999,2.0,0.4700290540470951,0.0539683287964049,0.4760026171564999,2,0,6
0,"1=正面,0=中性,-1=负面",模型低置信度,生活区,BV1YBvhBhE1f,我可以用任何的东西在桌面上摩擦出一整首歌,正面,负面,0.4769436867840616,2.0,0.2500667908210399,0.2729895223948984,0.4769436867840616,2,0,9
-1,"1=正面,0=中性,-1=负面",模型低置信度,生活区,BV1YBvhBhE1f,水平还是不行，嗑瓜子完全可以整个含在嘴里搞定全过程,正面,正面,0.4786865033937379,2.0,0.4786865033937379,0.3898763925982085,0.1314371040080534,4,2,13
0,"1=正面,0=中性,-1=负面",模型低置信度,学习区,BV1uz4y1475S,因为都趋近无穷大，2的影响微乎其微，可以社区，就是1,正面,负面,0.4792622450262234,2.0,0.3536222573623024,0.1671154976114742,0.4792622450262234,2,0,14
-1,"1=正面,0=中性,-1=负面",模型低置信度,学习区,BV1uz4y1475S,高三的过来听懵了,负面,中性,0.4812154160317601,-2.0,0.2015541490187201,0.4812154160317601,0.3172304349495197,0,2,4
-1,"1=正面,0=中性,-1=负面",模型低置信度,学习区,BV1uz4y1475S,我就是那个大聪明,正面,正面,0.4824158159806836,2.0,0.4824158159806836,0.4499926604579251,0.0675915235613911,2,0,4
-1,"1=正面,0=中性,-1=负面",模型低置信度,学习区,BV1uz4y1475S,坏了语气不对,负面,中性,0.4920533006464418,-2.0,0.0953012777569259,0.4920533006464418,0.4126454215966322,0,2,4
0,"1=正面,0=中性,-1=负面",模型低置信度,学习区,BV1uz4y1475S,能常过去是因为正负性不变,正面,正面,0.4994472670856201,2.0,0.4994472670856201,0.4135077862618197,0.08704494665256,2,0,6
0,"1=正面,0=中性,-1=负面",模型低置信度,生活区,BV1YBvhBhE1f,可以去下一个是谁当正义女神了,正面,中性,0.507317430518463,2.0,0.3217383622507858,0.507317430518463,0.1709442072307511,2,0,7
0,"1=正面,0=中性,-1=负面",模型低置信度,学习区,BV1uz4y1475S,上下同时求导，值不变，等于1。,正面,正面,0.5086436767532131,2.0,0.5086436767532131,0.2129574702292911,0.2783988530174957,2,0,10
-1,"1=正面,0=中性,-1=负面",模型低置信度,学习区,BV1uz4y1475S,其实端点效应应该简单一点吧这个题,正面,正面,0.5117298604262055,2.0,0.5117298604262055,0.3854954926914689,0.1027746468823256,2,0,8
0,"1=正面,0=中性,-1=负面",模型低置信度,生活区,BV1YBvhBhE1f,那那个我其实确实可以闭眼唱，因为我熬夜的时候看不见，所以我就闭眼把苹果8 plus的插头给插上了,正面,负面,0.5146404896459035,2.0,0.3599032074458462,0.1254563029082503,0.5146404896459035,2,0,22
-1,"1=正面,0=中性,-1=负面",模型低置信度,学习区,BV1uz4y1475S,好玩在哪,正面,正面,0.5152115645972619,2.0,0.5152115645972619,0.3951869969514386,0.0896014384512993,2,0,3
0,"1=正面,0=中性,-1=负面",模型低置信度,学习区,BV1uz4y1475S,骗你的还可以两导，三导……,正面,正面,0.5164571985312945,2.0,0.5164571985312945,0.2567158536746795,0.226826947794026,2,0,6
-1,"1=正面,0=中性,-1=负面",模型低置信度,生活区,BV1YBvhBhE1f,我也有一个超能 那就是可以透视 我能精确的知道 你的大脑在哪,正面,正面,0.518422276690933,2.0,0.518422276690933,0.2528098465277931,0.2287678767812739,2,0,12
1,"1=正面,0=中性,-1=负面",模型低置信度,生活区,BV1YBvhBhE1f,可以去羊村打赌。,正面,正面,0.5225828926725492,2.0,0.5225828926725492,0.3739128209357694,0.1035042863916813,2,0,5
1,"1=正面,0=中性,-1=负面",模型低置信度,生活区,BV1YBvhBhE1f,这么大方,正面,正面,0.5226662827154999,2.0,0.5226662827154999,0.2068744961794064,0.2704592211050937,2,0,2
0,"1=正面,0=中性,-1=负面",模型低置信度,学习区,BV1uz4y1475S,提醒：二次洛必达时一定要先判断上下是否仍满足0/0或无穷/无穷,正面,负面,0.5255737865915003,2.0,0.2751580283164445,0.1992681850920551,0.5255737865915003,2,0,16
1,"1=正面,0=中性,-1=负面",模型低置信度,学习区,BV1uz4y1475S,《挺好玩的》,正面,正面,0.5266239113507588,2.0,0.5266239113507588,0.0286561172024812,0.4447199714467599,2,0,1
1,"1=正面,0=中性,-1=负面",模型低置信度,学习区,BV1uz4y1475S,大聪明宝贝,正面,正面,0.526724265295934,2.0,0.526724265295934,0.4038658019866265,0.0694099327174395,2,0,3
1,"1=正面,0=中性,-1=负面",模型低置信度,学习区,BV1uz4y1475S,《大聪明宝贝儿》,正面,正面,0.526724265295934,2.0,0.526724265295934,0.4038658019866265,0.0694099327174395,2,0,3
0,"1=正面,0=中性,-1=负面",模型低置信度,生活区,BV1YBvhBhE1f,随便给一个人说你们两个自己分,负面,中性,0.5269885518223648,-2.0,0.0905278327345844,0.5269885518223648,0.3824836154430507,0,2,8
0,"1=正面,0=中性,-1=负面",词典偏正但模型偏负,生活区,BV1YBvhBhE1f,所以小老师那个茄子也是同样的道理，只是恰好切的确实比较均匀，哈哈哈，但它还是稍微规则的，所以常规切误差比较小,负面,负面,0.8610338519092506,3.0,0.1342038566549411,0.0047622914358082,0.8610338519092506,3,0,29
1,"1=正面,0=中性,-1=负面",词典偏正但模型偏负,学习区,BV1uz4y1475S,很喜欢小猪粉丝的一句话：啊？,负面,负面,0.8671588016596341,3.5,0.122289973982313,0.0105512243580527,0.8671588016596341,3,0,7
0,"1=正面,0=中性,-1=负面",模型低置信度,生活区,BV1YBvhBhE1f,F1N1＝F2N2，所以离支点远的部分能用更少的重量压平杠杆,正面,负面,0.5363148777209091,2.0,0.3896956384606606,0.0739894838184303,0.5363148777209091,2,0,12
-1,"1=正面,0=中性,-1=负面",模型低置信度,生活区,BV1YBvhBhE1f,我可能不知道是在吃，但肯定都没听课！,正面,负面,0.5404892238306955,2.0,0.3103961539264552,0.1491146222428491,0.5404892238306955,2,0,12
0,"1=正面,0=中性,-1=负面",模型低置信度,学习区,BV1uz4y1475S,我觉得这题也可以看增长速度吧,正面,正面,0.5444570303715756,2.0,0.5444570303715756,0.3626837499257258,0.0928592197026985,2,0,6
0,"1=正面,0=中性,-1=负面",模型低置信度,学习区,BV1uz4y1475S,此处是因为该函数无线趋近2且永远大于2，所以比它小的a可以取得二分之一,正面,负面,0.5444701034159461,2.0,0.2261024576839483,0.2294274389001055,0.5444701034159461,2,0,19
1,"1=正面,0=中性,-1=负面",模型低置信度,生活区,BV1YBvhBhE1f,雨哥舒适区,正面,正面,0.5462965843631458,2.0,0.5462965843631458,0.373787276088352,0.0799161395485023,2,0,3
0,"1=正面,0=中性,-1=负面",模型低置信度,学习区,BV1uz4y1475S,离离原上谱，越落越离谱。,负面,中性,0.5473288154383541,-2.0,0.1090479636848523,0.5473288154383541,0.3436232208767935,0,2,8
1,"1=正面,0=中性,-1=负面",模型低置信度,生活区,BV1YBvhBhE1f,暗黑心理学,负面,中性,0.5482947506777073,-2.0,0.1468640639857789,0.5482947506777073,0.3048411853365137,0,2,2
0,"1=正面,0=中性,-1=负面",模型低置信度,学习区,BV1uz4y1475S,洛不爽就洛爽去！！！！！！！！！！,负面,中性,0.5576949468469414,-2.0,0.4423028778736033,0.5576949468469414,2.1752794553773124e-06,0,2,14
-1,"1=正面,0=中性,-1=负面",模型低置信度,学习区,BV1uz4y1475S,图画错了，你这是指数的,负面,中性,0.557756629137949,-2.0,0.1690428835593306,0.557756629137949,0.2732004873027203,0,2,4
1,"1=正面,0=中性,-1=负面",模型低置信度,生活区,BV1YBvhBhE1f,可以随时随地的打嗝。,正面,正面,0.5580175663378132,2.0,0.5580175663378132,0.3347216794445274,0.1072607542176593,2,0,4
-1,"1=正面,0=中性,-1=负面",模型低置信度,学习区,BV1uz4y1475S,我一般到这已经出问题了,负面,中性,0.566339898988022,-2.0,0.2635093570367995,0.566339898988022,0.1701507439751786,0,2,5
-1,"1=正面,0=中性,-1=负面",模型低置信度,学习区,BV1uz4y1475S,高一的装啥装看这个有屁用,负面,中性,0.5702713632444428,-2.0,0.0492864745478628,0.5702713632444428,0.3804421622076944,0,2,8
1,"1=正面,0=中性,-1=负面",模型低置信度,学习区,BV1uz4y1475S,《大聪明》,正面,正面,0.5734075267618652,2.0,0.5734075267618652,0.3345319793603976,0.0920604938777371,2,0,2
0,"1=正面,0=中性,-1=负面",模型低置信度,学习区,BV1uz4y1475S,可以用切线放缩吗这里？,正面,负面,0.5799021767487401,2.0,0.1043954676203396,0.3157023556309203,0.5799021767487401,2,0,6
1,"1=正面,0=中性,-1=负面",模型低置信度,生活区,BV1YBvhBhE1f,屏幕外伸出猫爪鞋子好可爱啊,正面,正面,0.5799303981377215,2.0,0.5799303981377215,0.0307460196168006,0.389323582245478,2,0,7
1,"1=正面,0=中性,-1=负面",模型低置信度,学习区,BV1uz4y1475S,可以用放缩,正面,正面,0.5831475750003182,2.0,0.5831475750003182,0.3075561794923978,0.1092962455072839,2,0,3
1,"1=正面,0=中性,-1=负面",模型低置信度,学习区,BV1uz4y1475S,其实抓大头好像也可以,正面,正面,0.5839269683777788,2.0,0.5839269683777788,0.3671846355869819,0.0488883960352393,2,0,5
0,"1=正面,0=中性,-1=负面",模型低置信度,学习区,BV1uz4y1475S,脑白金，年轻态健康品。,正面,正面,0.5867563050114456,2.0,0.5867563050114456,0.2686363373383925,0.1446073576501618,2,0,7
0,"1=正面,0=中性,-1=负面",模型低置信度,学习区,BV1uz4y1475S,也可以用阶数吧？,正面,负面,0.5870901224985319,2.0,0.2294595363774385,0.1834503411240296,0.5870901224985319,2,0,4
0,"1=正面,0=中性,-1=负面",模型低置信度,生活区,BV1YBvhBhE1f,这种可以在嘴里含软了,正面,正面,0.587223198345705,2.0,0.587223198345705,0.3373869385202324,0.0753898631340625,2,0,5
0,"1=正面,0=中性,-1=负面",模型低置信度,生活区,BV1YBvhBhE1f,可以先放手指上试试平衡点的,正面,正面,0.5876318589980503,2.0,0.5876318589980503,0.2386053210847054,0.1737628199172443,2,0,6
-1,"1=正面,0=中性,-1=负面",模型低置信度,学习区,BV1uz4y1475S,其实我觉得我高三就是听早了，脑子反应不过来，现在大一听懂了,正面,正面,0.5894287334278344,2.0,0.5894287334278344,0.1317256384227379,0.2788456281494276,2,0,15
1,"1=正面,0=中性,-1=负面",模型低置信度,学习区,BV1uz4y1475S,《坐椅待币》小猪明示投币,正面,正面,0.5903145665089767,2.0,0.5903145665089767,0.3163259598717389,0.0933594736192844,2,0,5
0,"1=正面,0=中性,-1=负面",模型低置信度,学习区,BV1uz4y1475S,准高一表示轻松拿捏,正面,正面,0.5903145665089767,2.0,0.5903145665089767,0.3163259598717389,0.0933594736192844,2,0,5
-1,"1=正面,0=中性,-1=负面",模型低置信度,学习区,BV1uz4y1475S,致敬传奇数学大师姜萍,正面,正面,0.5903145665089767,2.0,0.5903145665089767,0.3163259598717389,0.0933594736192844,2,0,5
0,"1=正面,0=中性,-1=负面",模型低置信度,学习区,BV1uz4y1475S,经典瞪眼法,正面,正面,0.5913447478703545,2.0,0.5913447478703545,0.3160925133055308,0.0925627388241147,2,0,3
,"1=正面,0=中性,-1=负面",模型低置信度,学习区,BV1uz4y1475S,你用奇函数的定义f负x等于负的fx就可以看出ex-e的负x是不是奇函数,正面,负面,0.6000612100622053,2.0,0.3243837332361197,0.075555056701675,0.6000612100622053,2,0,17
,"1=正面,0=中性,-1=负面",模型低置信度,学习区,BV1uz4y1475S,坏了，我不认识“洛”字了,负面,中性,0.6001207096293383,-2.0,0.1525126350831273,0.6001207096293383,0.2473666552875343,0,2,5
,"1=正面,0=中性,-1=负面",模型低置信度,生活区,BV1YBvhBhE1f,《博学者之怒》,正面,正面,0.6045021312603404,2.0,0.6045021312603404,0.3052808605463524,0.0902170081933071,2,0,4
,"1=正面,0=中性,-1=负面",模型低置信度,学习区,BV1uz4y1475S,这题用端点效应更简单,正面,正面,0.607436110967386,2.0,0.607436110967386,0.318480368107093,0.0740835209255209,2,0,6
,"1=正面,0=中性,-1=负面",模型低置信度,学习区,BV1uz4y1475S,吓死我了,负面,负面,0.6168841415870445,-2.0,0.0794695435360916,0.3036463148768638,0.6168841415870445,0,2,1
,"1=正面,0=中性,-1=负面",模型低置信度,学习区,BV1uz4y1475S,好简单啊11但是有没有别的方法,正面,负面,0.6201359028137484,2.0,0.3513970170803818,0.0284670801058698,0.6201359028137484,2,0,7
,"1=正面,0=中性,-1=负面",模型低置信度,学习区,BV1uz4y1475S,落你雷霆，吓死我了,负面,中性,0.6220955417309332,-2.0,0.1008358976205701,0.6220955417309332,0.2770685606484966,0,2,4
,"1=正面,0=中性,-1=负面",模型低置信度,学习区,BV1uz4y1475S,醍醐灌顶,正面,正面,0.6221725251917722,2.0,0.6221725251917722,0.0875061425467289,0.2903213322614988,2,0,1
,"1=正面,0=中性,-1=负面",模型低置信度,生活区,BV1YBvhBhE1f,恍然大悟,正面,正面,0.6221725251917722,2.0,0.6221725251917722,0.0875061425467289,0.2903213322614988,2,0,1
,"1=正面,0=中性,-1=负面",模型低置信度,生活区,BV1YBvhBhE1f,权威,正面,正面,0.6221725251917722,2.0,0.6221725251917722,0.0875061425467289,0.2903213322614988,2,0,1
,"1=正面,0=中性,-1=负面",模型低置信度,生活区,BV1YBvhBhE1f,史上最权威的裁判——水裁判,正面,正面,0.6237222765460722,2.0,0.6237222765460722,0.2425447976405502,0.1337329258133777,2,0,6
,"1=正面,0=中性,-1=负面",模型低置信度,生活区,BV1YBvhBhE1f,君名bgm好评,正面,正面,0.6253077905984469,2.0,0.6253077905984469,0.2799590969267395,0.0947331124748135,2,0,3
,"1=正面,0=中性,-1=负面",模型低置信度,学习区,BV1uz4y1475S,前方高能预警,正面,正面,0.6253077905984469,2.0,0.6253077905984469,0.2799590969267395,0.0947331124748135,2,0,3
,"1=正面,0=中性,-1=负面",模型低置信度,学习区,BV1uz4y1475S,前方可爱预警,正面,正面,0.6253077905984469,2.0,0.6253077905984469,0.2799590969267395,0.0947331124748135,2,0,3
,"1=正面,0=中性,-1=负面",模型低置信度,生活区,BV1YBvhBhE1f,而且雨哥吞干净了再去举手,正面,正面,0.6255493033247415,2.0,0.6255493033247415,0.2632439083229903,0.1112067883522681,2,0,7
,"1=正面,0=中性,-1=负面",模型低置信度,学习区,BV1uz4y1475S,《经典奶奶 》,正面,正面,0.6260071975818268,2.0,0.6260071975818268,0.2546087290808201,0.119384073337353,2,0,2
,"1=正面,0=中性,-1=负面",模型低置信度,学习区,BV1uz4y1475S,以我的理解洛必达本质上就是比较上下两个函数的增长率的（高中学渣轻喷）,正面,负面,0.626524497658359,2.0,0.245331543556341,0.1281439587852999,0.626524497658359,2,0,15
,"1=正面,0=中性,-1=负面",模型低置信度,学习区,BV1uz4y1475S,当分子，分母同时趋近于无穷或0时就可以直接用,正面,正面,0.6296200503989432,2.0,0.6296200503989432,0.1243708171243995,0.2460091324766571,2,0,15
,"1=正面,0=中性,-1=负面",模型低置信度,学习区,BV1uz4y1475S,《零比零，气死零》（doge,负面,负面,0.6317705500200871,-2.0,0.0730075493214377,0.2952219006584751,0.6317705500200871,0,2,6
